RSI,EMA20,EMA50,volatility,volume_ratio,distance_high,target
55.07419380034374,332.69185174413496,333.6382028238144,0.005711512770162669,1.1624189365602713,0.0013448346719811882,0
50.76312677405137,332.7451276048142,333.6215260990632,0.004387810480047916,1.0760967207881393,0.005401313707333083,0
53.38293824230203,332.8791950708939,333.6441437773971,0.0038166966684993063,1.0130066132374058,0.0026933829505416127,0
47.35313150147695,332.80962024940874,333.58042456433094,0.004208503028437788,0.9555991880679549,0.008128894344862513,0
47.98588322537724,332.7657750103206,333.5281317581021,0.003606587644473029,0.894059409810945,0.007522190323719554,0
48.813978596492674,332.74996385287756,333.4888155289782,0.0030286791018814254,0.8675853072415676,0.0067648826178906595,0
46.426021420335914,332.6641374769269,333.4196117625041,0.0031390555398248025,0.8521882212154885,0.00904022885286371,0
45.31199735683953,332.5531313641975,333.33879370937757,0.003084274020763316,0.8031492233662864,0.010105599105627827,0
47.99953767606737,332.519463682256,333.29098753332283,0.0030576546698095407,0.6279195591960227,0.007977103549390796,0
50.789881199111555,332.56050943144777,333.27671281204346,0.0031226816389269617,0.49320185396194416,0.005706544006080234,0
48.54558933925166,332.54044330410136,333.2380192958328,0.002883419448479543,0.44203486015403326,0.007522190323719554,0
51.25188746675999,332.5890111875036,333.23018814443515,0.0027376188151089493,0.43829787234042555,0.005254466488939909,0
52.2184965063811,332.6567735324851,333.2330881120335,0.0025845631821536114,0.44287866191444347,0.004500450209832392,0
49.67289303070939,332.66089426829814,333.21099190887173,0.0017603888356592726,0.4629137812637031,0.006311919173091991,0
40.90388772805474,332.4311457205718,333.0885313079489,0.0029452321342254366,0.6904121287638634,0.013777404369322482,0
41.13223133141934,332.22806667991017,332.9734493593907,0.0029199262037797546,0.9176548511043455,0.013623978705141792,0
64.57563057626702,332.8018694837507,333.1907639181421,0.008286482745773632,1.1066173075596815,0.003695491500369549,0
63.71631915392407,333.2971523738174,333.38844285754993,0.008274390596968818,1.1913260844381954,0.004437869822485207,0
61.42756481275183,333.68329563310584,333.5509721255634,0.00836481441115894,1.2546646257173104,0.0063731846971558995,0
50.588764463681514,333.68965077059573,333.5591227926376,0.00920393281748559,1.4417121135157163,0.017228464419475654,0
50.71879478833951,333.7001625612881,333.5689696888568,0.009175578143859697,1.535358985600108,0.017076130663511414,0
49.05033698260717,333.6525148287062,333.5539112767034,0.00918140827614841,1.6346150288375707,0.018907525696770688,0
49.79150155174413,333.6332236024694,333.54967756589724,0.009181405544299312,1.6525296430055292,0.01814361245010978,0
49.94828525992074,333.6205325081511,333.5476563870668,0.0091576549772752,1.6801660426853657,0.017991004497751123,0
47.24658663520507,333.5280796150227,333.5111877566466,0.008832008904242725,1.5460074323444273,0.020592232764769697,0
49.49622186511337,333.50635219475856,333.5026195869199,0.008836622121745845,1.3677175824849461,0.018601897492064787,0
54.04224230409589,333.6200548843035,333.5511309483318,0.003929199846683153,1.2026232966434731,0.014341164080985097,0
58.3663124223041,333.86580574794823,333.65830899067174,0.004303723246654588,1.2459772568397574,0.009815549295508723,0
59.59449436761038,334.1310062059686,333.77920679455684,0.004309619163033087,1.2980333463432885,0.00846578391559979,0
57.759536025347096,334.3280810764648,333.87691780751345,0.0023586659081054917,1.1876824856917931,0.009815549295508723,0
57.91456244625709,334.5111433965729,333.97259279630197,0.0023586959809185413,1.1272779431036062,0.009665427509293681,0
59.51508216159958,334.72439146734814,334.08444570167467,0.002189642996120127,1.087465321899262,0.008166295471417966,0
59.84402507997639,334.9268512564562,334.19570393751667,0.002201485398474686,1.091064166265012,0.007866984855182158,0
55.475580080118064,335.02430399716786,334.2662080881046,0.0024872779373123844,1.0979899139317792,0.010567011948137833,0
54.05891788582562,335.0838984027558,334.32176717301604,0.002291830487332736,0.9622766069862574,0.011470299936019007,0
53.085790056597325,335.1187689736287,334.3670239933558,0.0023034198942002942,0.960812213602217,0.012073297497658758,0
43.7544447214226,334.9407790173047,334.32225742881525,0.002895136827547887,0.9106704530549616,0.016954220244514255,0
41.101980227401924,334.70830974113665,334.2492903013007,0.002359154874940354,0.7895037614081419,0.01924810194431391,0
38.426135594335356,334.42178945548795,334.1472959902268,0.002221654269579681,0.7455021583236389,0.017787138014338937,0
36.968155651794646,334.1196992366898,334.0314696955372,0.0022215216804695975,0.8781897148273105,0.01841511276533019,0
40.480932977113206,333.90828920986866,333.94632373840886,0.0024331924058578346,0.9794237493121546,0.016420645698267303,0
29.763079740589205,333.34557207727,333.70895981708617,0.003905031777174956,1.0274955391933147,0.028506116169254955,0
30.018834181861365,332.8412121285538,333.4832248149241,0.0038932728335599235,1.0618685901562401,0.02834939386254782,0
41.68441530062677,332.6277568179795,333.36829140259056,0.0050976753633960046,1.1080497552439283,0.02041742249056849,0
35.984543305094036,332.22033969646725,333.16837746286154,0.0053444903709545565,1.2478452908479196,0.027409775643989664,0
36.606857095140306,331.8660119583371,332.9825183326967,0.005389413848641971,1.3074330595626544,0.026940657849362632,0
35.97905120223619,331.52162136180397,332.79421795717735,0.005160914251440061,1.3370753303177374,0.02772279087133473,0
36.214606469787014,331.2147922612082,332.61550113211155,0.005177921744348973,1.2705200311805072,0.027566307179560306,0
34.96736876660776,330.8943299580533,332.42610143103093,0.005162752571855585,1.224803979534439,0.028824101002058178,0
33.450877329441695,330.55200539513027,332.22247688597025,0.0051651445424596015,1.1371336451568956,0.03055301061094273,0
29.560239773078493,330.0946639793983,331.9655011351737,0.005145650175761559,1.0273526660430308,0.035456601052858784,0
28.97486883806816,329.657070381665,331.708927333868,0.0037937775791120117,0.9279238141295403,0.03625188262048771,0
26.386396671007844,329.15162884130456,331.4170360388744,0.0038736396014821574,0.9272950855351935,0.03992594865350539,0
25.32698520303272,328.6467062013578,331.1170249072745,0.002293187731931558,0.8018923665174776,0.036899742054145354,0
22.94582506285792,328.07558441031114,330.7814760781164,0.001717295147090102,0.7014527252314992,0.04075621926310428,0
16.995044955650727,327.16361484018734,330.2949622069479,0.0037632414530532404,0.786554590297879,0.05384613468283948,0
27.487087136889016,326.5432643570026,329.9130419671386,0.004865730588238869,0.8906260575883428,0.03976298220082328,0
24.887160183369502,325.82485232728317,329.48107379938824,0.00485394986404827,0.9563973913736512,0.045141046697443184,0
23.440076026376516,325.07962275830124,329.02678812188344,0.00482582662405944,0.9834460769936705,0.04481132075471698,0
22.72846409346171,324.3577490708045,328.570854342885,0.004829232757491802,0.8967513375791373,0.04535431148499016,0
26.11056711113217,323.7712943735262,328.1607820194833,0.005049724938730889,0.9054658233133778,0.04195466710809418,0
51.98270064849687,138.115411986612,138.681705566829,0.0051240197153065966,1.5490963298609945,0.006138114743937612,0
50.82512633234041,138.14162165415948,138.66917422154597,0.0019494608064585714,1.4261333902920916,0.006720196102839762,0
50.55563659328257,138.16341550862774,138.6563697767347,0.001938405690167907,1.2199364188758182,0.0068657385311510005,0
37.49734252536789,138.0667225379792,138.5921291761781,0.0036988486013563885,1.2373249404207045,0.015822191208934498,0
40.74016305155156,138.00216602138775,138.54103863910407,0.0037303752590038164,1.123138290580105,0.014047659532311838,0
44.36659640427043,137.9704836129451,138.5041405892207,0.0037391833326716447,1.0916852317738348,0.011113523640926451,0
44.262473842184214,137.94087403515718,138.4684943121928,0.0037358700481895193,1.0671738771724055,0.011186933351482195,0
40.56919830266614,137.87976390165645,138.41929937048207,0.003442109626105522,1.0408205978098968,0.01383826550803598,0
39.10497520565511,137.81018493963768,138.36601378335922,0.0032012729674888553,0.7618551474674248,0.014947161086314574,0
41.383306258843746,137.76154745371662,138.32138590297876,0.0032343475190641695,0.6784637926225006,0.01383826550803598,0
40.406566817491075,137.70897210095953,138.27498161101204,0.003103060472601882,0.6695832103957613,0.013045646808148622,0
39.189054764555046,137.65092772955336,138.22604613505376,0.0031019821158434903,0.6829687489979542,0.012472584820944628,1
36.00285150385403,137.56982709821506,138.16679829036843,0.003111663950012309,0.6655282071105539,0.014692941973659628,0
41.625101916919306,137.5279111243003,138.12382280122105,0.0017678609197662952,0.461610507863299,0.012251094698180207,0
35.69040275817923,137.4347204097879,138.05873281847371,0.002087582941214607,0.611138665840667,0.016550673426051193,0
34.76989262546559,137.34088564827277,137.9923410058062,0.0018693869531481984,0.7069356161176842,0.017295717575184343,0
68.00472110350364,137.61236510801956,138.0828516173195,0.009165208673712311,0.9378573261314368,0.00691918969834205,0
59.3801642306495,137.76363620129615,138.12877078211457,0.009507923769177855,1.0518040784402103,0.014080508310614144,0
55.62035356656484,137.8538034312509,138.15261688645913,0.009609513866828174,1.1083037347069846,0.017662726765604396,0
55.92694425808561,137.9401391412737,138.17749045146107,0.009612980453580564,1.1873496716109195,0.01729611739898997,0
49.84394322009459,137.94012611789893,138.16778161130122,0.00985994655743516,1.280525920745157,0.023343491109991156,0
48.32524668129487,137.91915551946403,138.1495061676309,0.009875420778231527,1.3065452903457488,0.024978234177426964,0
49.67621854516562,137.91733010505257,138.1393389659231,0.009831675287459311,1.419994848065413,0.02364039093484043,0
46.34179790643811,137.87185910526128,138.1108857969082,0.009897607650511864,1.4416500797672007,0.0270663646290973,0
45.76641939452704,137.82309978939492,138.0803801729751,0.009779902598577464,1.3278765344298509,0.027664553253295785,0
46.21590510662347,137.78374935110995,138.05318367338353,0.009769021807922981,1.2278162265229515,0.02729058947717689,0
50.37885826475903,137.792918220575,138.0461674793991,0.003290790781898436,0.9109110395305905,0.02378879216086933,0
49.674063015221506,137.79359307801028,138.03620726643686,0.002691266009628937,0.744540323005126,0.0243831678950656,0
49.86294086102536,137.79610909697848,138.02747035094035,0.002557241836634195,0.7730578500703879,0.024234480919982482,0
51.622286798515,137.81552990740033,138.026361564665,0.0026151933571711603,0.7822345987538186,0.022898577261662136,0
57.43152997180396,137.89501240378337,138.05150440065438,0.0023365556170294615,0.8318252468324174,0.01810320862688941,0
53.39488098480583,137.93072987332985,138.06030391894345,0.0024755220329622523,0.9001576495647643,0.020901130399574558,0
54.57119572546669,137.97542616660303,138.07396961491207,0.0024633001457970696,0.8149307131150385,0.0199422679721311,0
54.45738477133545,138.0149129128366,138.08667058156396,0.0021093308510089894,0.883811017722073,0.020015928063282683,0
51.6705685456647,138.02777882442558,138.0892130165342,0.002215402535456238,0.9517078798214376,0.02178798334135575,0
49.83961130693492,138.02418109713565,138.085233546715,0.002282835181262759,0.9208783235673565,0.022972664995671386,0
45.89838157965421,137.9866379828388,138.06698951302857,0.0021980351093653806,0.8604217376961497,0.01939982615868342,0
41.84029743007294,137.91362051918725,138.03307427045516,0.0023707609297529218,0.8528931794763901,0.01617840840223066,0
41.646822252359705,137.84565263134544,137.99974360019937,0.0023648434642671583,0.8777078407565979,0.016326571013037923,0
39.206799828839124,137.76034784517552,137.95777748231941,0.0023133415925763417,0.8472093262512075,0.014019702166703528,0
32.9666779553437,137.6117363069699,137.88755951124872,0.0018284231779752663,0.8922310971362206,0.01960351122445287,0
19.37387828392785,137.1848873551842,137.69764858944367,0.00683913553386542,1.1892491021128697,0.0431156765856624,0
26.204937150929567,136.85964840816564,137.5409758236821,0.007232443788073367,1.305814923771261,0.03812507050787686,0
25.23360595970759,136.53967122339378,137.37989087416528,0.00715957142069197,1.3130240031340743,0.04022468252574907,0
25.78226490854665,136.25493233090845,137.22731924507934,0.0072500572046796195,1.314260034473093,0.03983520736699575,0
25.66060299444976,135.99445588199208,137.0797222819932,0.007287423159097116,1.3764189137762983,0.04006883368434718,0
30.70790649217176,135.79974069855407,136.95519482870344,0.0075731414154977346,1.5571877181916611,0.03673011034741854,0
29.64919285083778,135.60357105758408,136.8273401330073,0.007580106550896512,1.6307817663335682,0.038357928916681924,0
28.784011938079914,135.40989440561714,136.69788078899316,0.007548913489786579,1.627932069993572,0.0396794751991285,0
31.566899620922115,135.2556152865915,136.58237081171507,0.00767001965471517,1.5972811419628306,0.037969968502728255,0
33.227500217056274,135.1284115512355,136.4766670416083,0.007644771536256701,1.470787960385575,0.03696234330885797,0
38.31161264097451,135.0523713917188,136.39147982383702,0.002279091140244873,0.8925089277041554,0.03379731425778368,0
35.805288416049336,134.95023899249767,136.29582841058075,0.002062255401647076,0.7087722277411266,0.0364979813821812,0
30.46950598796927,134.7749760460376,136.16951943445747,0.002901832965419057,0.6673014446298485,0.039741516504218435,0
31.48069348301422,134.62402450495682,136.0514410387127,0.0029084606190979156,0.7370594295644225,0.038366247591290384,0
20.943503244940317,134.24268454667762,135.83628173990235,0.006682397179532543,1.0312197844322002,0.05642329391732451,0
36.52391797323736,134.06433155339172,135.69902415899782,0.008198184312488222,1.1012904163944295,0.03988818443804035,0
33.22022068963268,133.82486972933893,135.5347945105598,0.00835314293260615,1.126423712553145,0.046294155808529636,0
29.72440378987048,133.5139272119828,135.33795064009422,0.008555968392453286,1.1484080160556198,0.05223657668313002,0
28.51662510117501,133.1973608197478,135.13432726717392,0.008446203287437703,1.2216491781035885,0.0519240677476626,0
36.008895106128556,133.00522935158958,134.9779693598643,0.009007597689250146,1.2044774244007697,0.03979266284611444,0
45.577283873984676,275.0121834270236,277.17051809801023,0.0038825386682855637,1.2110664178307544,0.017272727272727273,0
42.533155652489704,274.9489778782085,277.0493523070778,0.00304595332407386,1.0549622892410138,0.019682864138325883,0
41.166431440166335,274.86318656591527,276.92098372508025,0.0030679432206437833,0.9213437654989524,0.020799169716939847,0
34.922918533875915,274.6377093050032,276.73244734895155,0.003204836113985039,0.8871296394125548,0.023119221258600917,0
34.73992529638652,274.42901228562295,276.55044378008813,0.0029418655478065086,0.8756982107420365,0.02183880133186344,0
40.75871620495119,274.3260959006618,276.4148703904645,0.0030771127174542513,0.8463520600856069,0.017376988819971746,0
38.83029544368068,274.1900926640196,276.26644392409486,0.0031635989963992197,0.8053646216311262,0.017955273016030282,0
36.5539949691428,274.01463155206716,276.10155699954447,0.003153135931855738,0.6096771000593889,0.020010947557613342,0
39.33916844682875,273.89405691881916,275.96085825826043,0.002879019373566988,0.5971064759060327,0.015948693321780477,0
36.33317357391316,273.71825513463835,275.79713208352837,0.0025943129199907447,0.5429419838603724,0.017460026514005106,0
36.120915197528745,273.5544632996871,275.6385874323719,0.0024337023619955336,0.49923848989586417,0.016911787145278034,0
38.81613834127821,273.4396589245153,275.5016243284362,0.002495043395134998,0.5164648135303846,0.012667455891819755,0
40.3643880973457,273.35486541419095,275.37899261760685,0.002532014495283188,0.5834944573343646,0.011924418072139953,0
41.94666419743486,273.29722047940754,275.27001985323244,0.001799443633802051,0.590401797830878,0.011182356711159486,0
38.133248206259054,273.17836421011606,275.1368458786906,0.001988057699487955,0.6566878481211265,0.013784231458425084,0
38.133248206259054,273.07084069093827,275.00945262069797,0.0015849715913030945,0.8000671650508118,0.013784231458425084,0
56.25327239722554,273.23560330165793,275.0008258188889,0.003642958167050808,0.8811876061959607,0.018013145658363473,0
54.382103321179486,273.35607623880105,274.98023986406764,0.003577583393873023,0.9819514663578798,0.01912568306010929,0
52.20039953528797,273.4317182363639,274.9461777373252,0.003624852313649596,0.9932811357048035,0.02042679638223927,0
58.810195454736025,273.62400753128975,274.96681096287057,0.003670342946184572,1.2312914532921568,0.015610773651869842,0
42.151728871648736,273.4692885903167,274.84552360433696,0.005712350278504977,1.5415621791001362,0.02849264705882353,0
37.21583836899477,273.18641391572004,274.6681679775239,0.005944266905499918,1.6738115034193355,0.034195933456561925,0
38.508248696400315,272.9543111821063,274.50850928029996,0.005949537351022881,1.701603934127484,0.0332409972299169,0
37.349069963603384,272.7109828154364,274.3413504397165,0.005931785467746312,1.710344297223818,0.034578425719547286,0
37.92405369575498,272.5003659935119,274.185290906239,0.005909962204852758,1.7127391415305953,0.034195933456561925,0
36.30922134164251,272.2669494839239,274.01752582555946,0.005916000866569834,1.5720506028579275,0.03591932103499176,0
41.11002939975791,272.13197782396304,273.88919641093435,0.004786144520198804,1.4666098683972013,0.03285949306230735,0
39.70012385025829,271.97652565576055,273.75206401391324,0.0047849592216972665,1.438520000382874,0.034195933456561925,0
40.32982590375999,271.8454089365398,273.6246853323063,0.004820028275179229,1.4063910479184392,0.033813723910206143,0
42.27710652582099,271.75535721774907,273.5147085622543,0.004436310069743537,1.14157498552403,0.03266890477264967,0
38.24470964695976,271.5881598604805,273.373006895387,0.00243327915279117,0.8767547857793982,0.03611111111111111,0
39.28410111867511,271.45117649280644,273.2432083669244,0.0017771257576133525,0.7202847548181445,0.03553583683290454,0
40.00908453608621,271.33676726016506,273.122791874777,0.0017490909819088052,0.675700694998291,0.03515263644773358,0
36.92311632460641,271.1713464291786,272.98121412426303,0.0018593790451640931,0.7754281432200757,0.03764834446104272,0
32.372414078581244,270.9169116001359,272.8012931028673,0.0021864073616674608,0.7232627749000771,0.04189944134078212,0
40.29674759595636,270.79148271459127,272.67288121873065,0.002629820372090353,0.6694521986554048,0.03764834446104272,0
35.781495228002655,270.57323160167,272.5056461749808,0.002642601003504665,0.7377976954892879,0.03091243125872905,0
30.15745573886575,270.21385320207077,272.2771792766538,0.003161954973369956,0.965718588843855,0.037481261085213366,0
29.568686932933204,269.86965835723583,272.0500407122331,0.003112887638653846,1.1080297952132765,0.03825949533359226,0
24.22108880626294,269.35823687394605,271.74820988673133,0.0035479205173629073,1.3539884349155404,0.04480153536300804,0
33.475779400837894,269.03839039039116,271.5185864339113,0.004335581400726465,1.4526892936736004,0.024060127430392386,0
37.06272024179316,268.81091479147915,271.3242431275519,0.004473146115291194,1.5123511896510617,0.018001194151199867,0
51.559564185029515,268.9241651756845,271.27141939490446,0.006275826329505918,1.638517855563245,0.0053704155815972225,0
51.18056683043087,269.01710434340873,271.2167504196821,0.00622465546818768,1.6694865853480816,0.010744697895756971,0
50.38301393790561,269.0821451498107,271.1563279658841,0.006061211379510615,1.687708530857139,0.01149416183028516,0
52.57196973704803,269.1933724573398,271.1202449094639,0.005958177468959003,1.7644277436244373,0.009435662508672525,0
53.377515395715676,269.31305538925756,271.09357727488094,0.005760017954751239,1.775551797948413,0.008689131003398064,0
47.705922824298824,269.2975253762687,271.0162890546638,0.005569090487079986,1.6175624615119502,0.01356118885103215,0
46.678755577121834,269.25966446992345,270.93217907910986,0.005575245143654975,1.474550100749639,0.014503510542977978,0
45.828711556607715,269.2063632794735,270.84351074361854,0.004722388028842624,1.2211542065833794,0.015258561219485546,0
49.76936822360604,269.23432914423756,270.7901695439314,0.004536691548685456,1.0586388595835194,0.012244852664076995,0
46.364154580378944,269.1882018684097,270.7092084483797,0.004690955713076715,0.9294356155275485,0.015069722020348838,0
43.18235211028414,269.07503825267946,270.60174781146685,0.002329129266487998,0.7759563785937109,0.017910402212569964,0
40.026980732143564,268.8964621548011,270.4668787073654,0.002427605875886856,0.5734020023103581,0.02095799150487516,0
39.25466777876944,268.7158447085344,270.3294861444225,0.0024275161575032637,0.5213140522753511,0.0217228007227294,0
31.42051402266418,268.32385614653333,270.10252063174676,0.003255602416971134,0.5175643827398552,0.030990103931612025,0
44.7736306672388,268.2263439895716,269.9915462895399,0.005053781012330834,0.5112074809190617,0.020576132626911686,0
39.963033348445585,267.9904997678084,269.8236542403167,0.005142273936982966,0.5140070647508338,0.026528646445790217,0
42.12329760948323,267.82473665337176,269.6822510957941,0.005238196107988715,0.5489164608129351,0.024600893119131457,0
40.70371344816206,267.6319021320873,269.52869097479527,0.00524205060008638,0.5530011710671662,0.026335591879154976,0
45.9360163587021,267.5717206105671,269.4287042842627,0.005394349846114641,0.6478682954453523,0.0217228007227294,0
42.05936267963473,2181.167974562198,2201.5428799590145,0.00514843421799186,1.9854947321143341,0.036703178465767816,0
41.87875477524921,2180.464698003007,2200.351081419161,0.004903966802752596,1.5913894443943148,0.03689389519294106,0
44.570831332733555,2180.229489985081,2199.394486575689,0.00375117062672246,1.3418342187776215,0.03489439853076217,0
42.30960308146278,2179.587413311552,2198.2901955481066,0.0034006365831546754,1.0932083994217834,0.037037037037037035,0
49.699331385013515,2180.1609978824586,2197.7508661644724,0.0034404345478908508,1.1174933129537639,0.03129570794634358,0
56.19192570360145,2181.919732468158,2197.786840366613,0.0035124886698500698,1.12077797471251,0.025197807642602838,0
52.4877294495774,2182.881058520947,2197.5424732406177,0.003656309798819406,1.1000326884962996,0.028284671532846715,0
53.586017529378566,2183.9603694257876,2197.401748886139,0.003312024894636861,1.0468820074694456,0.027253691622856468,0
50.17913949445591,2184.364586775358,2197.0154563790675,0.0033234895860170086,0.7910379431052259,0.03007040046449423,0
50.349142744313234,2184.7588306857547,2196.6589620611358,0.0032525544753714093,0.7152493411668914,0.02992917523417866,0
53.16002605547659,2185.582536638542,2196.522883969928,0.003146778607304597,0.8536250650100098,0.027628385317012175,0
53.50717923815159,2186.3848579039345,2196.4178106921718,0.0031328207404935585,0.8313103763603789,0.004968050293413856,0
55.966926580084674,2187.5109405624294,2196.491853323552,0.0031321933863310055,0.8008242244780855,0.003047926176280375,0
65.29011534902261,2190.416611479715,2197.383374351114,0.003834710003157216,0.8449567293092128,0.0,0
50.7857610140612,2190.681852581538,2197.210356480005,0.005441613060508905,0.8936402079858214,0.011307700793479312,0
51.25598460606188,2191.0170938498763,2197.0861183940833,0.005080169411510544,0.907009612639193,0.010846800363573933,0
54.87748814005869,2192.063605328546,2197.2884964409704,0.005099819266692013,0.9620937726087663,0.007266121707538601,0
45.151265714177974,2191.0094543401187,2196.618973746265,0.0059884253267668604,1.0550631334653258,0.016964695093993582,0
45.49799901451191,2190.122473922,2196.006897737896,0.005944469818274823,1.0942161127268344,0.016638423999884515,0
51.74079675586828,2190.587171366551,2195.96566286935,0.006280296085255911,1.0894639239430208,0.010478359908883827,0
44.622453520517176,2189.3689442222058,2195.223027301808,0.006729318496108066,0.955120174369949,0.018458972481659466,0
41.7456853508306,2187.5046778336614,2194.1854289147795,0.006781868543214267,1.07551265508218,0.022214005939352355,0
39.162610889328974,2185.0940462929148,2192.882074965737,0.006731588467485925,1.150971133809427,0.025807071542057126,0
36.21001020010252,2182.027180438942,2191.2553623955896,0.005618537694314466,1.1478517722878625,0.030238329977802923,0
39.334896847675346,2179.814578600457,2189.9368258096442,0.005051364814181569,1.0046784604372687,0.027422618970205637,0
36.77041583690526,2177.069778487284,2188.3571980182987,0.005034059002273553,0.947582618644414,0.03114830311483031,0
33.62286461003113,2173.5958405529477,2186.4223590049837,0.004697939234187139,0.8896620384457291,0.03615803924726314,0
32.499333602811674,2170.081365100016,2184.410509544204,0.004061647364106173,0.7690248609898442,0.038049352125241506,0
39.37923712560556,2168.073315578234,2182.9795256762072,0.004722975532323792,0.7884073593644583,0.03210795718939041,0
38.996405373220654,2166.1517779903247,2181.5636062006943,0.0039395328309131325,0.7915063334074083,0.032636575652225705,0
39.40022212224092,2164.479984615274,2180.2346242883086,0.0034476714528911753,0.7622635229391928,0.03230005547307442,0
41.88521562795325,2163.3674864903046,2179.129767582816,0.0034842725739207196,0.7224870429541965,0.030286115613647697,0
41.32038441880365,2162.2371363453685,2178.0182246217796,0.003350684830251911,0.7035772428292142,0.03090866837090402,0
38.56341598790944,2160.6048893494312,2176.6952732220852,0.00320621593684742,0.6634038237305934,0.03179336537553222,0
37.26632420295019,2158.832849680867,2175.302255878432,0.0030248063766644523,0.6988914795356902,0.03328667078810691,0
35.01605524864944,2156.705753656364,2173.745797245666,0.002932544117272698,0.686862202405189,0.03594666455798034,0
33.24714137376672,2154.3526666368866,2172.072766104158,0.0026115677779065256,0.6181417300841842,0.0375234521575985,0
30.68729886741052,2151.566538319341,2170.1918788957205,0.0027326625535763487,0.6120646860961145,0.0353394428801033,0
35.493401969287234,2149.6362902995597,2168.635851947125,0.002073739836646833,0.6125455922102452,0.03232764076631723,0
29.94006243725056,2146.42314107826,2166.5276069973174,0.0028881013275039303,0.7419544439759609,0.03984122724082889,0
31.071310149569655,2143.658898650149,2164.5651050368874,0.002917335713625548,0.8841046827527449,0.02909233045116553,0
22.41745839798591,2137.9864008211116,2161.3531222183674,0.005134734321095546,1.0272716536761481,0.041408665919910256,0
26.33230531822592,2133.416098970009,2158.506863723081,0.0054356888259693235,1.1507836371098916,0.038038277511961725,0
27.730239574240215,2129.4811104889895,2155.859698526803,0.0055721516759465245,1.2351599698127016,0.03245537936727659,0
36.88175834307011,2127.339987750618,2153.9132697679065,0.006353528747638483,1.3199394061690886,0.02420503084954912,0
43.59315603847747,2126.640922216347,2152.5631024195604,0.006795368717588635,1.3901055117930539,0.017924528301886792,0
42.4708491900151,2125.7227164716005,2151.148095636814,0.006783592654147401,1.432851943776443,0.019367028814359942,0
40.029196099751125,2124.2633682319606,2149.527709615977,0.006778734852346893,1.4403012256060934,0.022555013200761944,0
38.61648358243854,2122.5715846746643,2147.817617528891,0.006664816992766111,1.4524259323467368,0.024448136719677188,0
36.68588162453269,2120.5266437449204,2145.9618580974584,0.006348095695243078,1.2681962651333316,0.02570082218369144,0
40.203428569134836,2119.2383706399637,2144.414961459059,0.0064333831152774325,1.130355337273384,0.022828712698742287,0
35.45712953223041,2116.81563704903,2142.4063838925304,0.004274228248553854,0.8975102689764823,0.028035127425242282,0
33.48947225672934,2114.0426770193217,2140.236455584907,0.004307947898189439,0.7098664610504664,0.030464194637045316,0
30.748224889226492,2110.667151897369,2137.7927499767834,0.004485119076470319,0.6927302596616404,0.032858559356613255,0
28.900465549685634,2106.9845251639913,2135.1853802631645,0.003600324975458446,0.6224645100589424,0.03614860151725386,0
22.692530209829712,2100.995460351992,2131.5771565810433,0.004161403252435053,0.7499152757321988,0.050291046419265815,0
34.24983698692172,2097.595866488963,2128.952724019725,0.006083928497729854,0.807028824307442,0.03471648161368048,0
31.258756418986323,2093.320029911776,2125.9344298839414,0.006192329038226815,0.8483344275776085,0.04106788660466357,0
29.27059281037907,2088.5847514547236,2122.6766019136394,0.006204389909707006,0.8486910815389835,0.04252301108446954,0
30.008170606161883,2084.4337948366265,2119.604160026467,0.0063144117662400235,0.8692500941673991,0.03863080684596577,1
36.38662348197734,2081.8686559151506,2117.14850629446,0.006707994162153016,0.9120831471165886,0.03232077764277035,0
31.862807656223268,1920.106299991593,1935.3326232233576,0.0021506417053615877,1.0609256556335043,0.024750892067055583,0
31.263288067363987,1918.7598382492977,1934.0725291340866,0.002104985701779909,0.9924729877382541,0.02528853681630378,0
27.37971890005626,1916.8741417528147,1932.5714742236776,0.0022422638351419903,0.9880650116393849,0.02906790477718536,0
27.171992820635666,1915.1305600178016,1931.1227325763189,0.0020988931527164433,1.017124927669254,0.029284723638942682,0
25.35913904941448,1913.2197272652918,1929.5917647705555,0.0021417045510482274,0.9479234398298663,0.030235897612952402,0
22.955782924150668,1911.005012994369,1927.9146223626851,0.002137868312971583,1.0061463133912272,0.031216931216931216,0
20.905735511518913,1908.534524261751,1926.1066422698364,0.002213967738728412,1.0153504428284428,0.032518195120697174,0
24.036687277359448,1906.5001700103103,1924.4686219734672,0.002092962373251156,1.0726840637996435,0.030998305168285882,0
35.21541612972962,1905.4704373397042,1923.2609099247836,0.00263019314687171,1.1572341228363123,0.02468747693916137,0
32.32275680291582,1904.0813871394314,1921.906141455044,0.0024029983236162995,1.1448935771374038,0.027288579469941517,0
32.32275680291582,1902.8248801490413,1920.61151859183,0.0024029983236162995,1.162496527222367,0.01634143741874326,0
31.755509299264517,1901.6024603263663,1919.3366075638644,0.0024037643272125475,1.1702789463411392,0.015502671337632275,0
31.6227337955373,1900.4775863524424,1918.1094514807044,0.0021920615420594125,1.228415852921782,0.01275265899208862,0
19.447644231835497,1896.810592168494,1915.7836929394161,0.004995116283766377,1.5838291636504882,0.026638010518763425,1
58.50194239831856,1899.5064568696948,1916.1689954347864,0.01238308126892216,1.6306183669868157,0.0025453350351693255,0
56.85535236022906,1901.6117586531157,1916.3931295661055,0.012352192882329359,1.6166858608026773,0.004371369962939946,0
58.78289945483701,1904.0308894031725,1916.8299731643333,0.01226007044002991,1.6478220947839815,0.0024909438651401143,0
56.76002198398057,1905.8382845597625,1917.0835860750392,0.012334681139084838,1.611712975451848,0.004576208438962558,0
53.81813671096971,1906.911263346557,1917.0842584801085,0.0123926513562921,1.6445492103684947,0.007667869923004202,0
51.34101906184274,1907.3960834953434,1916.8760459455189,0.012396998115102302,1.6223252672673663,0.010355674073287134,0
52.08611011505316,1907.9871273148296,1916.742115632716,0.012390982915149657,1.6517265743537486,0.009510907961113818,0
51.1374480135483,1908.3503722132384,1916.540413045022,0.012399092548961219,1.6531270425539235,0.010461345061822438,0
50.8052097442943,1908.621834735136,1916.3227982847227,0.012401731048558398,1.554862398092802,0.010778619810877875,0
52.89236076678077,1909.229429001121,1916.268978983359,0.011075448032293876,0.8126869696692829,0.008772871450718017,0
55.56375291595629,1910.2554267692894,1916.420556249841,0.00220513978603436,0.6733034523077845,0.006145858764648437,0
52.24550248127726,1910.6883353783094,1916.3548138965239,0.0022911829066402413,0.5648475831056844,0.0088782115972914,0
51.16957633987923,1910.918057388767,1916.222946842251,0.002004589990096802,0.5120128681435422,0.009774749611012936,0
56.65448927813186,1912.0498627997783,1916.4890670818056,0.0026410328412851407,0.5212126808432052,0.004680673898196105,0
59.3417364273338,1913.5786737260107,1916.9582787078473,0.0025309567033586387,0.4971552424817123,0.0019190256153927242,0
57.60025686684521,1914.7332374061862,1917.3111189927347,0.00236397591145582,0.4929775035141646,0.003167730077854453,0
55.41125371789977,1915.4920649965309,1917.5283792544967,0.0024694000310114678,0.4917566766268646,0.004732978565222068,0
52.81730612706993,1915.8357136123213,1917.5916712397377,0.0025452569184273187,0.548751759643417,0.006617723622402698,0
50.961800062554296,1915.8989853266144,1917.547753408049,0.002597716418861667,0.5585637508465052,0.007983328373662927,0
52.009290281545596,1916.0991001160635,1917.5659288122101,0.002536887962558534,0.5692063274015189,0.007195020244069343,0
47.89595726102245,1915.746778274323,1917.3585174344064,0.002545900293182828,0.5608117505487661,0.010144333908386372,0
43.829586580796615,1914.8470229391685,1916.914933716456,0.0025985371646236755,0.6825711215127588,0.013376697973477899,0
43.37444957358682,1913.9662925879302,1916.4614682524764,0.0025938176074306787,0.6871109564684063,0.013643996816281166,0
35.539974941394746,1911.8550934151774,1915.4739716960776,0.00263588401939401,0.7916381964715065,0.021038125452246686,0
35.390296263908695,1909.916406462307,1914.514794769738,0.0022275817230115393,0.8126390449760327,0.02120009282893867,0
46.87396145023401,1909.5243528926067,1914.1664020839432,0.0037444823515020245,0.8861286580939108,0.013537583217964999,0
44.2109542664071,1908.7410505725352,1913.6524305140076,0.0037655778676855115,0.9496014169431025,0.015936425592840014,0
50.17252604611168,1908.870477274546,1913.510624472301,0.004160225458074139,0.9419694361835114,0.011255955329461075,0
41.76204821959506,1907.5208536193031,1912.7602713410176,0.004810115701498306,1.006627779325261,0.019475392075267526,0
42.168867572138645,1906.3569286373845,1912.0642565206472,0.004791719045691335,1.3494526419361574,0.019152601605353703,0
39.12770614990473,1904.713359713529,1911.149426135147,0.004807171186783082,1.4570948030642805,0.02249748586589118,0
35.402503365565494,1902.4263059959776,1909.9371606369791,0.0048804199361294175,1.3761831337654824,0.027064404602311177,0
36.41154160767095,1900.4808954752232,1908.8255795570828,0.004915225928602636,1.3612801597966817,0.026354928579137887,0
34.28226482775439,1898.263613140349,1907.567959967252,0.0044830428078120954,1.1782738227219403,0.028979344677748542,0
39.003854881426165,1896.8194279864772,1906.5955050806015,0.004651121544071034,1.135401140660992,0.025755403658219975,0
33.662330260490506,1894.3603898664421,1905.1815452974195,0.004042737970607149,0.9883412955766232,0.030144320905431586,0
29.972539362805364,1891.1736356569575,1903.4234429085059,0.004197852625919574,0.9050227942066406,0.034875610490949095,0
31.336754033232097,1888.4522939512417,1901.8034242936376,0.003662864276534116,0.8529316590767385,0.03103191752697314,0
27.711580987396886,1884.980599877317,1899.8279736049924,0.00332450833774522,0.8155347724430427,0.036933058538910636,0
31.495707795232903,1882.287171749741,1898.118070654382,0.0035809629574919187,0.8043706951493883,0.034308221531423294,0
29.513303415921285,1879.316929652864,1896.254741380005,0.0035721889990851284,0.7957079463801192,0.03743722637465279,0
26.157198570043562,1875.6200421176316,1894.0460935845567,0.0036896052713239875,0.8208725004750355,0.039445789506078514,0
24.56774122299339,1871.7419099886624,1891.7040349904535,0.003556403683932623,0.8812496504930378,0.042618099150577175,0
28.336239376471724,1868.661705111707,1889.6336986275296,0.0038888648530761042,0.8985013347314477,0.040067386209452716,0
49.267128858003396,249.19713667421723,251.48692694818746,0.005876290019612149,0.9073572363782859,0.01080437084023968,0
49.48741049676115,249.26899800971077,251.42090229046056,0.004101837382895359,0.8708995178513326,0.010602157181951004,0
42.18874849980285,249.1574402168727,251.27877260516428,0.004816537643049904,0.8526613381731876,0.01713018901832174,0
39.95879657312674,248.99452898636457,251.11549141431286,0.0048150030190762414,0.7318995250156878,0.019802017440712867,0
39.78458563568341,248.84241710539905,250.95758270444628,0.004383889052460634,0.7317365189356948,0.018391281988719844,0
38.87209350147645,248.68099256365488,250.7962898522945,0.004360091369798397,0.7465862592652361,0.01840988534947536,0
36.69673417319471,248.4777662376139,250.61697733702542,0.004208518914973137,0.7692453378670026,0.020888232945603515,0
35.10975753906979,248.25103536199097,250.42680720562117,0.0042261957361555465,0.771460301267441,0.022754939885580784,0
34.92899814731146,248.04118082915127,250.24306847303237,0.0035598255193578262,0.7971318194748763,0.02296278734569197,0
40.53362763594354,247.93238734845448,250.10311272222958,0.0027617137347441746,0.8011567154700109,0.019441082099703366,0
39.66787825420111,247.81491033298812,249.96101974485532,0.002750821455209178,0.8625899651083444,0.020267531665389533,0
39.66787825420113,247.70864094050722,249.8252044009227,0.002739527045857181,0.8602456232489197,0.020267531665389533,0
39.18261614512678,247.60297825666473,249.69120701329638,0.0017090265246148702,0.7757538115981487,0.020681227568930927,0
42.58657927596409,247.55027856698857,249.58172808397651,0.001704722206921176,0.8255233992654902,0.01882207585122023,0
45.15759879302207,247.53595704105194,249.49149599693382,0.0017757094015891626,1.0164726667096076,0.017380772667104406,0
43.365080131030346,247.4944150712975,249.39280027444877,0.001789598419887675,1.3090719357103846,0.018615907450846136,0
53.88029130064328,247.60928951850244,249.36426719301153,0.002522472426075131,1.400541546107384,0.012062726324135582,0
48.16245496434834,247.62269654891864,249.29791432091213,0.0028206497469940926,1.4018722494975961,0.015943479104912967,0
45.951318240309334,247.5967154540192,249.2179983692854,0.0029034005868955955,1.3827508954471788,0.01758637856231181,0
41.816316310332624,247.49699182963838,249.1087375853365,0.002925412384550539,1.4190707332200738,0.020888232945603515,0
40.1154955033261,247.3734273321648,248.98982422248744,0.0029472414456198815,1.495161825201936,0.01949635707252629,0
36.05459760271262,247.17589879939314,248.83923004646925,0.003140208112567842,1.4765941709457633,0.019567888267596235,0
39.00967812019217,247.03529836529304,248.7113116239768,0.003216743830194013,1.4603235771638672,0.01628001648222494,0
33.22269387872028,246.77472974104703,248.53183335567272,0.0035146454515926967,1.4253990314664815,0.022103945268229584,0
34.346445433186574,246.55327716836038,248.36600378727698,0.003459174640180894,1.0643457272115753,0.021476784886651445,0
36.27142757656706,246.37673862415826,248.21727758359225,0.00352931235386271,0.5011695267242321,0.02043318374481867,0
34.11689698866783,246.1693919924109,248.05452081566068,0.0023704666262905705,0.42938254699907985,0.022522522803985607,0
33.05949784227593,245.9579860733794,247.88844510675418,0.002271434972380664,0.3871563031213001,0.02357040406612488,0
36.04793610685536,245.80005929786486,247.74343158511783,0.0024576806701744774,0.3903027862173962,0.022103945268229584,0
38.171158594883636,245.68099020251765,247.61453517106028,0.002442016530208436,0.3958433217746162,0.021059062900090842,0
40.30548127345451,245.59707638605613,247.5010623508555,0.0024959432055363467,0.3859515032635531,0.020016314687089178,0
40.00800179112248,245.51639350317333,247.3902704164229,0.002247738984262813,0.397303798876467,0.020224706632245914,0
41.85644465775463,245.4624455649574,247.29209844344373,0.0021871370903577742,0.39521723076923077,0.019391712836002495,0
43.7237799544347,245.43268556344884,247.20600909177256,0.0011036499087735277,0.3496108862010613,0.018560078176787842,0
43.7237799544347,245.40576033758884,247.12345995582777,0.001104283191422168,0.3373347890308907,0.018560078176787842,0
49.38021359517808,245.43854750214035,247.06836693206895,0.0012866758640111763,0.33056573980664683,0.016073232749713885,0
37.27573157560842,245.2967712570222,246.9433931517628,0.002710385952826387,0.40248068135238124,0.0200861209943489,0
33.58194501333294,245.09706632577118,246.79349947384404,0.0028614803418847497,0.4394266881275389,0.020559210784299887,0
45.5833795584806,245.06401057191985,246.7117409079649,0.0035405477804774216,0.46497584541062803,0.01164456017779622,0
42.891005662590025,244.98648189757807,246.61332696309455,0.0035927187237008175,0.5473391018469899,0.011258955987717503,0
42.08789694137698,244.9020518302153,246.51292746043316,0.0035722734566200343,0.6550499859852378,0.00962716421944701,0
30.879278581308213,244.56850891641005,246.30883060772362,0.00493600134209617,0.7124641815565262,0.020298298588087904,0
31.244467819921553,244.27149683013306,246.11501292812497,0.004909719299623461,0.7715775246186521,0.019465715500711685,0
45.79950316692288,244.22754305290965,246.0231283683955,0.006049462197813034,0.8983581727217074,0.009597622580379479,0
54.39089732572005,244.37349521372747,246.0126458781014,0.0066285314800128775,1.230839985168109,0.003011090127378233,0
46.70446234936794,244.32649485166152,245.92774040430635,0.007017342414918749,1.6938210871027164,0.010742968118466463,0
45.63314253644997,244.25635040373774,245.8347247930338,0.006635647268319371,1.7046687552533049,0.011946318427924379,0
44.68165327378839,244.16907663785358,245.73551982741915,0.006565837138725392,1.7100694702153874,0.012985960835314309,0
38.403791034393784,243.91677893105967,245.56797849515064,0.0065511107042692945,1.7183900427425451,0.020619392346155656,0
35.896875688956825,243.60850793480427,245.37381309832026,0.0065846247635705886,1.667940211150966,0.024181516957493227,0
35.39333942055761,243.31340653420014,245.1807056594982,0.006583385557599773,1.5460113998595277,0.024905432746969734,0
33.88768118907842,242.99879115420032,244.97551367388778,0.005678629417455951,1.4804529486458358,0.027040563483614492,0
29.0899863759483,242.54271026708125,244.70716013047664,0.0060718718982291624,1.55409533708969,0.034801196643643006,0
28.70100136955584,242.11482814497182,244.44322285977913,0.004689847559967594,1.466167861543274,0.03549673110655224,0
27.207312910824882,241.66960171206765,244.16568491185774,0.0029659152293285873,1.2639383173800403,0.03815699741171251,0
24.95989268106399,241.17344482937003,243.86043501304766,0.002595697620420346,1.2410209597664066,0.04245958302065809,0
31.9409247765535,240.83216092255842,243.61213897251764,0.0035790289771339425,1.1500822441146819,0.037501594340857425,0
28.93896673006205,240.4119514947484,243.32745429023774,0.003614595373373393,1.199055707024424,0.0426359948782824,0
24.81698171137731,239.84890431123654,242.9781676187161,0.003709892135342968,1.2164175076906472,0.0511727078891258,0
25.35369262166344,239.3480525654465,242.6463795620161,0.0038460601494181854,1.1439803130724657,0.05076944391505449,0
30.0727855532525,238.97014096350787,242.35906064341955,0.004257188617308086,1.218032615824936,0.04724273466951349,0
62.91093634188753,1209.4366167854987,1213.0174172984243,0.004475110812669404,1.1427539017452142,0.003030759357706998,0
57.2521747648821,1210.1490071958121,1213.1842094138149,0.004167063927413266,1.087607861936721,0.0062453574110140145,0
61.974515938260645,1211.2704157680382,1213.5572340352878,0.004261642117134797,1.0324173278508135,0.0021278136786880464,0
53.45312204760799,1211.6453421036451,1213.6272890174357,0.0047708859736735245,1.103415402470364,0.007653101713143192,0
52.63883662959834,1211.9176643528597,1213.6643792495463,0.0045114255812117214,1.080082106850616,0.008233841086867023,0
57.69561586423217,1212.650408718337,1213.9158163953632,0.004501005964077081,0.9918986717111486,0.004017730823345057,0
58.719374397724934,1213.4180703750512,1214.2022973439762,0.004470843436343048,1.0363810296846012,0.003113008093821044,0
53.06205881677315,1213.6833361013528,1214.2864010655437,0.004204104474650052,0.9648310350949871,0.006824575860348827,0
51.06070262516713,1213.7611998474417,1214.2953679729308,0.0034485542773472237,0.9446576449202181,0.008233841086867023,0
51.638477296895275,1213.8792991496914,1214.324866957213,0.003450755046836299,1.1528355509624078,0.007818930041152264,0
50.86250402145094,1213.9289370322372,1214.328005065795,0.00314776177009139,1.0383414955974524,0.008316844024118536,0
54.31286872218326,1214.2407179204854,1214.447616111924,0.0031089832912943663,1.2157327344188658,0.005997411371152935,0
54.43604733076327,1214.5322991550609,1214.5661261993992,0.0027634257367445984,1.1575013347570742,0.005914688969910316,0
53.20140330111527,1214.7198251471552,1214.6462860190165,0.002117948106329874,1.0326491920372127,0.006576243321002877,0
42.239999081156874,1214.079452780422,1214.3714091517902,0.003093863354884843,1.3042996365379238,0.013658940397350994,0
40.64836509221119,1213.357203162291,1214.0465596028337,0.0026099097334018745,1.3248363458720078,0.014919187733112309,0
57.780656812947925,1214.1330934633334,1214.3535292922031,0.005017600396430428,1.4977545806554629,0.005321326238231682,0
50.278471071912776,1214.1490011315475,1214.3513310301012,0.005245021302200294,1.5511708842092844,0.011282179544583156,0
52.04776741858721,1214.344409252844,1214.4271735346438,0.0052499954825601545,1.5434973124561813,0.009702392124547456,0
47.80520955203038,1214.1019999312996,1214.319586499884,0.005380870788765461,1.4062271026485214,0.013368501831256083,0
44.1090407864973,1213.4825530989954,1214.044879459791,0.005477017255640715,1.4232415840384498,0.016893031489309394,0
41.09473981274215,1212.5696560864237,1213.6308333541003,0.005429178607913895,1.1664537712895378,0.0200182532579206,0
44.515908168402184,1212.0390679155853,1213.3606381452942,0.005544712772387792,1.1738655059666367,0.01739850869925435,0
43.72194466738977,1211.4733004425273,1213.0652312106943,0.005544467194043092,1.1590822301425663,0.018157718976342083,0
44.43342500185297,1211.0185942158205,1212.8066339676411,0.005111364511451044,0.8056933043533309,0.017651487271081484,0
44.68456176396435,1210.6262702115473,1212.5670087694014,0.005095663614444129,0.7289088863892015,0.017482786609587915,0
49.81238594889066,1210.67139325711,1212.5075731458883,0.00305537677348098,0.5897338278964028,0.0139542769009521,0
42.96923023692173,1210.0740212402022,1212.1795285427565,0.0029903909525916044,0.5771111304272241,0.019594798329084083,0
41.41450989202506,1209.3716237529409,1211.7964467269971,0.002873130502113858,0.5964524471247223,0.021036043780889312,0
40.12701258806716,1208.6027982482342,1211.3727804274222,0.0027368911866780675,0.5504910972214927,0.02222588036845662,0
41.11276902794983,1207.9738832863566,1210.9949002742821,0.0026059507646762074,0.5419521398073677,0.021630615640599003,0
43.68077816507137,1207.5763311856144,1210.7051462054849,0.002496772313068783,0.48340639403193636,0.020102965766975307,0
46.3406021751386,1207.3976104074432,1210.5037876782535,0.0024003495397389493,0.5006340788563522,0.018495521051029785,0
41.25979978203126,1206.7977812476106,1210.1258565042526,0.0026722223996224178,0.5409770518816488,0.02239615765618491,0
42.72983659397683,1206.350334459224,1209.8036168940976,0.00268695727479366,0.5649110010470465,0.021545649230579257,0
43.49132379634362,1205.9931308974833,1209.5146602484695,0.0026937441619863407,0.6125237460324953,0.021120925436313068,0
39.426543084827685,1205.3270736798306,1209.093268031798,0.0024355885403272897,0.6261096909133163,0.017431213022570894,0
34.17181384312644,1204.2006172337356,1208.4688798642135,0.002251638079845332,0.6352331722413465,0.02044409251282991,0
37.12535787201043,1203.3528974277326,1207.9420068438892,0.00236529905792828,0.7087435787671234,0.017568810459422678,0
35.32375919198263,1202.4049575885458,1207.360656526915,0.0023800686350401497,0.7442873062739106,0.016758839945406934,0
30.755676877792524,1201.0329950965015,1206.5872573490535,0.0026203798416199755,0.9088978855420361,0.020875461976536194,0
26.87435118314417,1199.2583541705453,1205.6217572000605,0.0026543388260706216,1.228457992665119,0.02571043960281311,0
26.362485291201992,1197.5765418455585,1204.6635342398674,0.002422132515534513,1.3186071301670022,0.026404937277284435,0
29.26409928513914,1196.207297076016,1203.807933923059,0.002543667635644016,1.3327953553362724,0.025016986881154973,0
27.444376553153134,1194.7303624315548,1202.8873788737412,0.0024109534356265227,1.60696405971754,0.027187345628658516,0
25.466211826188413,1193.1179075982948,1201.8885930262961,0.002286562058069616,1.6899551747742179,0.029716419212941898,0
28.527219565748155,1191.8114102671404,1200.9938039062372,0.0024976223211103914,1.7559527234644907,0.028319504597819522,0
25.00243225182993,1190.1436242928085,1199.9323043874456,0.002464357643840728,1.7453049094130424,0.027505684590616957,0
27.4626340009645,1188.7584868895817,1198.9652409923633,0.002410485544155345,1.622335071309816,0.02636951398756972,0
26.046919416838875,1187.3147927396506,1197.9576568860775,0.002410392745288252,1.626863048368954,0.028118609991896304,0
30.303273269548527,1186.2181323136483,1197.0779367933121,0.0024174378942504915,1.4375563356895489,0.02619486773155828,0
27.16537469978323,1184.8354276921877,1196.070849159385,0.002233836554764899,1.1681948733971854,0.029785803421052685,0
25.500857828883838,1183.3558477565414,1195.0089865123878,0.002260114556112687,1.0860917219498125,0.03112965092255838,0
20.90294199173259,1181.2552697313092,1193.672523378757,0.002731009347754448,1.1414004832309979,0.03763019834191249,0
20.407613684088957,1179.259512275298,1192.349970674355,0.002746931540977616,0.8991014909326283,0.038524475817286116,0
15.653834482907456,1176.3204839431216,1190.6089536861086,0.0038567108534153156,0.9215372135469478,0.04893760882715879,0
29.479299789840056,1174.547083771138,1189.3058271513655,0.005022183437932163,0.9842518916280206,0.03740178859323159,0
27.741672949511496,1172.6283004539182,1187.9241596293589,0.004962583210047848,0.9250874706366277,0.03846155879682917,0
32.054711902263776,1171.2065423381416,1186.7282414377273,0.0051015002153578575,0.9897698945349952,0.03550151109071627,0
30.737494771415683,1169.7106711058907,1185.4930309020929,0.005102667735359947,1.0662475546523333,0.03305923943909563,0
33.927374845600085,1168.5858407691046,1184.4019788802837,0.005118101584363166,1.1802387350790575,0.028586212011427525,0
53.53129248799303,210.16529340858418,210.64099190457543,0.005682149327669398,0.5500533084990824,0.011804890625447607,0
54.54409799315907,210.2564207294766,210.66156930443356,0.002740525274799362,0.5135924654574715,0.01089429284270842,0
55.47907174021675,210.35505535008218,210.68846496684623,0.002466345135292766,0.49843518134314185,0.010080954851127323,0
48.03145079605387,210.33072049377293,210.66336966939835,0.0032214267724120383,0.5166506459524164,0.01580196082333257,0
45.12588081648336,210.25815168557892,210.61690175049497,0.0028805835183760386,0.40998228825545685,0.01837090571252579,0
45.46099025471336,210.1972838535432,210.57467189787042,0.0026828557399604614,0.3894056520086174,0.018128056198233527,0
44.06952688992923,210.1193423143452,210.5242234101818,0.0026964041658908886,0.403257844960124,0.01929502909503679,0
50.28338596353273,210.1356147060404,210.51436202936566,0.0029463042324923395,0.5033641610108948,0.01488423121757217,0
49.374538655735385,210.13698567105496,210.49906581400444,0.0027034808245341648,0.48719375310443963,0.01556033484384337,0
45.926466504723926,210.08674627785132,210.46184564878206,0.0027933072672590145,0.5438728368324605,0.014503092778401923,0
42.33021267504316,209.98315271750778,210.400808054268,0.002727105348910501,0.6346715817166442,0.012296685761812202,0
37.18909725023036,209.79412598469622,210.30081900422357,0.0028939394307455307,0.7448039136861505,0.017163496751051683,0
52.14773057754853,209.85091797886489,210.30452418374202,0.005022729771376915,0.9277036391852704,0.005608669318853427,0
52.605447573132864,209.9108703995939,210.31179754733708,0.004677094701044739,1.1963391331181161,0.005178694502116389,0
49.43668417660678,209.91174023937913,210.29559352220102,0.004686182177192229,1.283701399688958,0.007860180876838123,0
46.7812796661568,209.8658342876008,210.25987056089718,0.0047525658017203536,1.3451000278082212,0.010218281637198252,0
52.99600458868854,209.9310256363432,210.27181965766994,0.005026614940771073,1.3786752371017215,0.004844475220502362,0
52.70011600958323,209.98523806258473,210.28119878718192,0.004849765742341399,1.4106260735755651,0.0050831701863123515,0
43.36598551214987,209.86373799814072,210.21673819884109,0.005569118090725404,1.5737803700638187,0.013703227053566748,0
46.662436981365566,209.80907551202975,210.17878578002762,0.0056233474854755555,1.8617116217116216,0.01089404229168661,0
41.623997987922415,209.65292087246746,210.09666374857625,0.005807028424697586,2.0554844235419236,0.01633284904251226,0
42.22388845153079,209.52117480895015,210.0221115505311,0.005598506902306016,1.9870187965977109,0.014500355076197602,0
40.73626391786654,209.3705458758064,209.93726913699805,0.003933286075182393,1.799397409482,0.015100506649908465,0
41.14227741629569,209.23998547468344,209.8584495068917,0.003927268765487772,1.3601883986117997,0.014807701110839844,0
39.962826347279844,209.09900247293925,209.77319722036603,0.003892803792553491,1.2351673927887898,0.015980012572196674,0
47.22652097194472,209.073378187312,209.73493273376124,0.00431060087534905,1.140684966014187,0.01077431394086885,0
43.37122863512633,208.98065913605978,209.6686950475507,0.003917264663266304,1.1353432970183963,0.014320017492247055,0
44.17791616831409,208.90820354232173,209.61007853999618,0.003946979611041825,0.9617839160730153,0.013735474947577684,0
44.60283932566696,208.84836556370942,209.5563283199285,0.0029677256578452215,0.9316723501545706,0.013443456252008266,0
46.644079986787574,208.82089822565715,209.51611340326141,0.0028395099154607754,0.8411452843219217,0.0120828744819723,0
42.32523279301327,208.72746755427244,209.4485377912808,0.0025121553278476755,0.638843858759387,0.01558894125410157,0
43.651853095513566,208.65912921453025,209.39060417403687,0.0025238928516365298,0.4856271640903387,0.01475894142248948,0
50.12049451006491,208.68207100834476,209.37086696853953,0.002811088934137706,0.4562518692042167,0.010435653414382413,0
50.938373684514374,208.7142580486606,209.3567660965378,0.0028105570718518678,0.48967081639684457,0.009137825874458464,0
49.34114460558407,208.72242490974836,209.33441202620898,0.0028041353463288832,0.5398111623880346,0.01020109958281682,0
48.15841934417525,208.7145742772215,209.30655734306214,0.0022920773303426894,0.511343536256701,0.010975811411195918,0
46.94653036226692,208.69223196182475,209.27343153365413,0.001982993886168596,0.46935262917559445,0.011751712387043936,0
52.353455973600674,208.73583098691185,209.26848882376635,0.002204009051322581,0.5889931899419212,0.00741096388711808,0
49.823349128375455,208.74575204218607,209.25134522692005,0.002287776238358639,0.7807730962299825,0.0065121654577658715,0
48.91990639729511,208.7442513661147,209.2305030413252,0.002266644914294292,0.8696437213326081,0.004647157766291022,0
49.0105134172479,208.74384697905566,209.21090916030346,0.001900633557306814,0.8893303704520231,0.004598981650930173,0
42.23921361448321,208.66347674495037,209.15858035998403,0.0023545079744168866,1.013059893555674,0.008658023591160148,0
41.28856361015639,208.57838099229846,209.1031904013867,0.0017974805621536433,1.052844384845922,0.009289082331876636,0
38.489654677592526,208.46424612840045,209.03449925737124,0.0017956496138626125,1.1701913690119807,0.011187154068882784,0
41.44876983200142,208.38669595714094,208.97934457708195,0.0019076725588272087,1.1740432590971086,0.00987239639785282,0
40.440045231776054,208.30415163878732,208.92124479363702,0.0019064246453836147,1.2072925285685534,0.010504976054833992,0
37.84559116795644,208.1970862362587,208.85196277408286,0.0019377936838438567,1.2600642722075321,0.012163357281340027,0
35.80824653477097,208.07355087213395,208.7743410974696,0.0013950601616717613,1.1958879116766468,0.01353312293067878,0
32.63262493807488,207.91701835556728,208.68116737939158,0.001441890024880237,0.8991755838132747,0.015840742084396637,0
31.855869282268458,207.76396595636166,208.58697743158464,0.0014393320207414918,0.7665185623891819,0.016431580775360388,0
35.17931304998572,207.64834852827616,208.50610375218318,0.0015800674853720254,0.7670812818519477,0.0152505148871629,0
31.338779266158625,207.4904087315327,208.40625613306156,0.0013424166876738243,0.6096207280879322,0.018010541075504965,0
25.901023363591918,207.25227186374934,208.2707506979457,0.0018199430258304952,0.661407098281599,0.022976688271932322,0
23.728366660900903,206.9901475210665,208.1212511989962,0.0018437123521731881,0.6364625213020626,0.02542785793761461,0
19.788395867780295,206.65012952643457,207.93494032475945,0.0019458209961810485,0.6845346712129138,0.030872081584039646,0
15.422024438779317,206.1796369189145,207.6883480967944,0.002714768497401681,0.8013375828456301,0.03961127345411814,0
14.1805498982702,205.69395297780676,207.42667163407174,0.002682631727093788,1.0494012697708726,0.042868485372453545,0
13.837785704265059,205.2373816963287,207.16832780727324,0.0027170818422539984,1.0597461242351125,0.0438029035296641,0
10.40663171092109,204.60714971981392,206.83008548120628,0.0037793893745510436,1.1708902644455734,0.052260623995525765,0
10.076203774628254,204.01027395618019,206.4942661370651,0.003708363959523657,1.2129085351516575,0.052737757925777076,0
25.460244298135308,203.63119782389595,206.23866325547016,0.005242674357483824,1.1794724776964645,0.04314355314441819,0
45.87334293304566,1338.669645428377,1345.2230862920146,0.004256496853907367,1.5027800242620297,0.019813084112149534,0
43.902938265242824,1338.3670993100827,1344.8053942406511,0.0038977872800998567,1.476724494178085,0.02134032197678772,0
45.78385520281518,1338.2366359759783,1344.471334347,0.0030551731560662628,1.0571117514161292,0.02019446522064323,0
46.933588056735346,1338.2045190648266,1344.1910955951253,0.003011844077812574,1.0372285418821094,0.01950816586416318,0
45.99975190046839,1338.099150304209,1343.8897228699957,0.002893538515337908,1.0499918580035825,0.02011818480684251,0
45.75472429590249,1337.984776815184,1343.5936330198308,0.0028958771528931936,1.0217778365223882,0.020270757043193935,0
41.25686696015565,1337.5189274049837,1343.150506072163,0.003087599600708301,1.0364447489508801,0.02317907507310621,0
38.874321977415676,1336.887783140567,1342.6347454913996,0.0025951160703467134,0.9052148720424916,0.024870369658690165,0
34.92507867432805,1335.9355134115306,1341.974200123877,0.0018810671138031788,0.8917187358507652,0.027959887635332772,0
38.300200868672206,1335.2647947811924,1341.4268578388944,0.0018817099308809173,0.8490206602511282,0.026412803778383367,0
35.339388905397755,1334.3721026009637,1340.7785537149523,0.0016321210961572274,0.7752434247341914,0.017572913740694085,0
35.14426223020624,1333.5455054172894,1340.1505588439754,0.0016302124591420848,0.6644837871360226,0.013200573768242638,0
31.410181370729788,1332.416519558818,1339.3839910238921,0.001631616768175889,0.7211778078957722,0.013467541413119313,0
29.08096683621642,1331.12836939708,1338.5349226575997,0.001520205933225751,0.7099373073326175,0.015619057703095646,0
24.59194629948695,1329.3531605578676,1337.4581712270822,0.0018265193627709198,0.9998578586404179,0.02057142857142857,0
22.48905614363943,1327.404171600828,1336.2795892308538,0.001739712616958388,1.2815759452411994,0.023378390262950584,0
38.02530136721615,1326.574785783699,1335.5555724350336,0.0034673224890902246,1.4031046422912141,0.01577314749245334,0
45.891434261379636,1326.453327616872,1335.1340291805168,0.0039507360519449655,1.664509988037508,0.01071451795722114,0
53.416403330805714,1327.0865994991782,1335.0505789813653,0.004288830737676185,1.648702488886349,0.004800858548699243,0
51.536201619634014,1327.478491614212,1334.8928865707392,0.004310572771021414,1.7709294660514172,0.006235012870018771,0
47.639445122511034,1327.4424304519898,1334.5743015309565,0.004369711193400738,1.8806357212533604,0.009343700280446223,0
43.73106461725491,1326.9811051874296,1334.0855884834605,0.004508221222186784,1.910777798670929,0.012777880482400176,0
47.15500756440635,1326.8781170206257,1333.7520406358797,0.00446566737527663,2.0485418265541058,0.010257165197615527,0
46.69142269789101,1326.7373115452187,1333.412230943631,0.00439310798720474,2.021655461974858,0.010638279256235013,0
48.22625626673011,1326.7432878590325,1333.143603003429,0.003970137513490212,1.7274065832019174,0.009571865167695788,0
57.45922733767039,1327.682209713954,1333.2838245565488,0.004170300357982402,1.4886547907912646,0.0021697025789568715,0
51.685770914008536,1327.9887242843492,1333.1872468857803,0.004140543075162395,1.355351416119445,0.006461774309248883,0
51.29622241073693,1328.227932960607,1333.0785165077928,0.0038927331035419964,0.9864312716158611,0.006764374295377677,0
51.29622241073693,1328.4443526805949,1332.9743153659986,0.003382453608556508,0.9027225942784141,0.007140172867343104,1
47.65186192004333,1328.3067766574547,1332.733173966064,0.003452118312313146,0.7066903111397711,0.009796533534287867,1
62.2559186886571,1329.868222628873,1333.2156356686655,0.005363685780722443,0.9143251891158721,0.0038670881468061006,1
68.77509652442548,1332.4524878168443,1334.1734895438055,0.005597533453473843,1.094739386127447,0.002137085050893515,0
68.82223339830637,1334.8001029917054,1335.0958199291424,0.005653945001800253,1.10360341541952,0.0020632590660213217,0
73.5528888948397,1337.9718071579298,1336.4222287484413,0.005833982877316672,1.2663890551870782,0.004531886084956692,0
76.26749463343248,1341.574792565293,1338.0032506350578,0.005827236389883587,1.3303840988141837,0.0007268498070281195,0
78.23581696759332,1345.4346204389085,1339.7720840874615,0.005693245147383095,1.5009366955858516,0.0010129689883461314,0
64.66694547581481,1347.5171821139586,1340.8753123238857,0.006891597181453416,1.7037501945334064,0.014334802081471507,0
62.232198996193205,1349.1061138525044,1341.809281295635,0.007014449052958261,1.7837554524789578,0.016639843171587627,0
58.70054331693284,1350.1055842264732,1342.5210708849088,0.007227218425564298,1.805781638282835,0.020079471402137738,0
51.27504079520197,1349.9717077498115,1342.7680863128746,0.007804076995107733,1.8739470796157467,0.028323626177190673,0
50.455318444960135,1349.7267744998262,1342.9531181125133,0.006649258606542535,1.7527127385161738,0.02931571863164926,0
43.78629024493736,1348.4098875152786,1342.6715744140251,0.006356306513111055,1.6764075252455388,0.03817650952014096,0
42.5742243111887,1346.9993677274401,1342.309710568022,0.006330726187211319,1.6401139324454903,0.03996704394412336,0
45.202129681029916,1346.0755922668698,1342.110011004432,0.005592093495196105,1.5008849499511638,0.037089638656187834,0
45.08199473752407,1345.220745840317,1341.9104257160313,0.004947838522803778,1.5191080865557465,0.037244820684632696,0
43.34579468313357,1344.180651067571,1341.6074386418572,0.004234979863415628,1.21805409326975,0.03942139973099338,0
43.927167728041574,1343.306281752936,1341.3445377738592,0.003545850141182011,0.8740858230164186,0.038876422782069285,0
40.95290123194319,1342.0770869215771,1340.90932003732,0.0035611569417513134,0.7545701890407238,0.04246842976786914,0
43.02990268580405,1341.1840083191003,1340.5830471108252,0.003780897518764436,0.7200137359439387,0.040669374373825166,0
38.69599938842144,1339.7283641790295,1339.999793592108,0.0033527386152261483,0.5771169424498073,0.04600648531321728,0
38.57289866999746,1338.3923027344358,1339.4320491556348,0.003382255385910315,0.46563537711117114,0.0461643475117342,0
37.6699095623969,1337.0501632189707,1338.8315582170026,0.0023528260205018412,0.322434709854778,0.0472702358059507,0
33.08238088988659,1335.102499916595,1337.949743445406,0.0028259784979601022,0.31106211083623153,0.05339514668974438,0
29.830624398566115,1332.73079953815,1336.8495434127958,0.002634233638845689,0.3215710713261763,0.05854073889529997,0
30.406150697591286,1330.6326002353421,1335.8132338671924,0.00268156947285707,0.30927389259439164,0.05813693147242302,0
24.942421977364305,1327.5532787292736,1334.3272003678692,0.00357622056653551,0.3766322682084606,0.06824306574270704,0
34.00559512917279,1325.605327413507,1333.249060151817,0.004606143139037205,0.4052465491787607,0.04888686834028732,0
30.531602250167367,1323.1095637724293,1331.9092223694845,0.004748212549403429,0.4039203765444205,0.05333224985051225,0
27.087082461174504,1320.0038679537258,1330.2707330637136,0.004705185283580194,0.47168667092641986,0.053622589052208444,0
26.758317394639917,1317.1082396886184,1328.662030625923,0.00471375232861188,0.4352744757579805,0.049085026385305444,0
32.71872723653995,1315.069342665396,1327.3586806829953,0.005237765225720101,0.46102389161218393,0.03920664562978467,0
57.92072604556066,204.70430618602992,204.91675404320236,0.006116117107794519,1.2409993636109646,0.010179305931467698,0
65.6880663054172,205.06660930655227,205.0706859645373,0.005447863196162167,1.2663538636464315,0.001342919804781175,0
58.40525220529048,205.2625654869719,205.15839351350738,0.005950463047459611,1.1418572959042934,0.00801469535169771,0
61.00324763506961,205.51325521589453,205.2748850242039,0.0059947474222504646,1.112228898446207,0.006782450652985013,0
60.26620699202469,205.726631176392,205.3800774542147,0.005426103882480827,1.152215599805253,0.007460905182949759,0
63.98190941387561,206.02549420446192,205.52749009760433,0.005532155953919481,1.2441687275869802,0.005649682430015118,0
61.84951354948087,206.25957293831402,205.6521687252427,0.005669264272806276,1.2525786201228546,0.007482720599402252,0
64.37324788701119,206.5428170512559,205.80279971136028,0.0056117686936509184,1.2735393714284304,0.003871326172794723,0
66.62417504568762,206.86671722741656,205.97647994912245,0.005456316920838849,1.355638346826793,0.0033818779023606135,0
64.2832139507612,207.1234773894315,206.1265016988814,0.005067369320260362,1.2646803935222821,0.005201356893439827,0
59.05001131063141,207.27089873051204,206.2327023133697,0.005121839858221734,1.2427933220710141,0.009488645923770989,0
62.98765190961207,207.50719743264588,206.37919101486526,0.004200883734495266,1.119528831973716,0.004290793308626341,0
65.7464825899869,207.80101537450193,206.554137440188,0.0034463974155932993,1.1585113474187365,0.0019469284830202767,0
57.84217026342607,207.93052979105252,206.66215160648534,0.004258386693687534,1.0883194936988079,0.008797075471766936,0
55.098407334113155,207.99528063309862,206.74271067819564,0.004367794711019992,1.0960283813676295,0.011456782429681091,0
53.17234075558993,208.01669436352023,206.8036778007473,0.004048712445143469,1.0590842538587404,0.013351257146282556,0
43.78875518796286,207.82453267411452,206.7705783578454,0.005215123650528525,1.1601235951880777,0.024271844660194174,0
39.58647548723023,207.5325405212694,206.6879352776362,0.005121347954131814,1.217792254337949,0.03047472973513749,0
38.68372474812158,207.24170357664005,206.59735113783717,0.004757612199752957,1.1176412256442891,0.03188578055893823,0
39.32242425180413,206.99002064447208,206.51555508563547,0.0048622661541913555,1.1717537681263372,0.03128051664498169,0
37.87104237646326,206.7232633525649,206.42048325905827,0.0048181988297546306,1.2634001294066384,0.03335127810945556,0
36.4572294395742,206.44382004811413,206.31312399917348,0.00408397493680489,1.2642289004119027,0.03537959149811603,0
33.00708590344851,206.09193167433958,206.16793274167284,0.0033253582130441943,1.250448390756786,0.040690505548705305,0
32.2795492471171,205.75166413378975,206.01951331604607,0.0032365878590623846,1.181130344630209,0.0418723856835914,0
31.56288716905219,205.4228610863926,205.86840368787784,0.0033037596354929845,1.1513002097899474,0.04300542173504723,0
29.84388365937356,205.0748996625831,205.70213575303703,0.003282121232670115,1.0196452983901718,0.04574513323137616,0
29.42061004904592,204.747706495906,205.53756169276733,0.0020139435161868253,0.9676918794921658,0.04641936440529505,0
35.62274301924401,204.52979428772983,205.41303881476026,0.002350056938048929,0.8343384101774886,0.042181137029211994,0
34.740692051471896,204.31168652895352,205.28481249002596,0.0023485350504118445,0.7926076939811414,0.0433148450796103,0
32.05946943629529,204.04863344291113,205.13406430864282,0.0023700223539604346,0.7617267077064397,0.04688661277675813,0
33.6577105121936,203.82968915447918,204.99762979499044,0.00248557209862663,0.7155602349210757,0.04584882280049566,0
33.74159410454517,203.63255353175632,204.86724239157505,0.0024984233504911626,0.6772013716787539,0.04579701499174554,0
35.24145575520387,203.47038861908626,204.74907711071947,0.0020863587781804094,0.5853530346207323,0.04244048747121361,0
32.621797280728714,203.27033299419367,204.61327469226154,0.002210826377931703,0.618693121191772,0.04285645871814348,0
32.813925613115,203.09123890366686,204.48385999155667,0.002211680447692866,0.6146703342958693,0.04275287073065119,0
31.140760701327537,202.89586766978113,204.34571760930584,0.0021316120024199923,0.5994062190739101,0.04456828000941455,0
25.56557013583796,202.58671606287038,204.15752879697496,0.002978315198941464,0.6276668164116868,0.0362634896794332,0
22.315508412071267,202.2070063177553,203.93499357191487,0.002663363583850532,0.6887421954803618,0.03564947812023403,0
20.376027645000562,201.79393491309528,203.69233846871344,0.002698970307630609,0.7844128791255206,0.03603378510516357,0
18.988345756710814,201.36592010369287,203.4367896644987,0.0026771474016929584,0.910773966006403,0.03902684657446378,0
18.058852274230404,200.94057464808392,203.17566461092406,0.0024467653452129533,1.0412893278046875,0.037176269939688644,0
13.900449371808762,200.3395435209268,202.83454102051948,0.003608100282389411,1.180335482793591,0.047577425240324156,0
19.690726497344812,199.85861625006632,202.53359086705075,0.004021878564290562,1.271197901472761,0.04163042225568962,0
29.10430001462261,199.53873736934375,202.29307453569137,0.0050330058928724965,1.3319439795203267,0.03206108423286418,0
32.08027345215679,199.28932611136415,202.079026748265,0.005185918136457113,1.3437568601695606,0.02985986663359511,0
33.441434697292934,199.08176563613213,201.88119808442917,0.005283915857011753,1.4276107655295536,0.028867142325539774,0
37.288042147270275,198.9454030551457,201.7128443071211,0.005158543294653764,1.3635510840096903,0.026056207003834576,0
33.33112528395944,198.7239306837922,201.5103228953312,0.005154161978952424,1.3479047178633734,0.029803686074038112,0
31.54609175249969,198.47497992960962,201.29569263753496,0.005102603559402444,1.2579314565743587,0.032073801777352084,0
30.148227166345762,198.2106910020158,201.0734148907894,0.005074247701251565,1.0962488912792199,0.034133919462129625,0
28.616160662405093,197.9277638904198,200.84181193784445,0.00508393396753884,0.8598503836241721,0.03657037076808744,0
26.18610825582425,197.59749635709042,200.58855948435698,0.003690351924720855,0.6546240597499159,0.04072815949553563,0
23.61153149008858,197.21011038748816,200.3085819767173,0.0037406632744614522,0.6223279553546643,0.045729376113975186,0
21.96132673289165,196.7967610096961,200.01366324634412,0.002841774588284003,0.5971117801736081,0.045937682556419626,0
21.81208756233356,196.41706504182002,199.72818164315984,0.002549627281431902,0.5614459055471971,0.04626315171356496,0
18.231710163553004,195.92019642861212,199.39034927483746,0.0029706680520562973,0.6400127441346273,0.0529289254053495,0
29.126198121269027,195.60398495572466,199.12146612158068,0.00409953553223995,0.6815193876817559,0.03842156626156669,0
27.12461971526288,195.24931727390967,198.8348292010442,0.004020078038571818,0.7021800330055887,0.03684590309317309,0
24.30194046351434,194.82080768260948,198.5149268839541,0.004167357856743104,0.7688426428987342,0.041520304948599276,0
22.494891775563488,194.35596596293922,198.17575194082366,0.0041846330335126225,0.8830675194006665,0.04159204904149356,1
27.91125514467987,194.0077763196976,197.88015393838253,0.004735743923702495,0.8865560678610329,0.0374410042155706,0
55.29479100109228,214.82384996734893,215.3384229471267,0.0066033310107259015,1.647489750655286,0.004350855950606301,0
56.76646430041762,214.97429462698304,215.38402675379757,0.003652586703700274,1.719560699335139,0.0027264861983402893,0
56.423558107583574,215.10462458712786,215.42494090723426,0.003722037250928004,1.407739975710869,0.0030045722764006186,0
55.225986639202105,215.20341216397716,215.45543514638507,0.0037780808445772767,1.298469328802039,0.003932664504098885,0
58.36643886305658,215.35572015933832,215.51257930601554,0.0031176909268837163,1.151116024633346,0.0008763950126001139,0
58.837488428533106,215.50301409801352,215.57135142341065,0.002769252491890168,0.7809614273742789,0.0016136750270388002,0
54.274160961268905,215.57043794550592,215.59832060658198,0.0027854457360540004,0.6978471648254222,0.00481010708958139,0
55.3021352419459,215.64954009901848,215.63207205351458,0.002646992220392251,0.7170967215361717,0.003927939590988289,0
56.085590387743345,215.7344391878364,215.6701866893784,0.0016520890401516646,0.6724390830231065,0.003278871044061569,0
58.492128972635314,215.85222978841588,215.7246026213208,0.0017239817118319446,0.48950284985682246,0.0012904953575220688,0
51.934633103137664,215.87108242854714,215.73818932217685,0.0022687718742715936,0.40628112931355065,0.005554255641249454,0
49.716375318056436,215.8557292911854,215.7370155706028,0.002240363706273965,0.40665268588361597,0.007139183339674951,0
53.54976994219604,215.8999790850603,215.76123714236013,0.002451707340656129,0.4212874814685756,0.004299152386710972,0
53.405981483293196,215.93810220291604,215.78356919841252,0.002431126934181928,0.5300115446870899,0.004392033910488967,0
51.11543718579502,215.94304837816458,215.79210698354856,0.002226053424571007,0.5717849919833617,0.005833577826710206,0
47.04950933901929,215.8922542966166,215.77633774970099,0.002315764215295584,0.6378178978235188,0.008541833278907653,0
64.81959754366363,216.1721789790458,215.9021028010789,0.005578403517802523,0.7726313747289064,0.0,0
65.00451882098383,216.43018324331405,216.02450654985682,0.005586595455560964,0.9018566503391219,0.00031977368360879276,0
63.49497138478404,216.64358582166236,216.1330419409866,0.005625757252330486,0.9560520496569174,0.0032926383442270354,0
65.39084708920208,216.88047488495405,216.25577473528293,0.005628189840685963,1.1147233611875227,0.00378771419960749,0
48.916350064610924,216.8308893830283,216.26003563401767,0.006966063340729934,1.2164440104418341,0.01663896327121468,0
47.656009949852994,216.7603068604208,216.2530957508889,0.006957785182782836,1.2492369403580954,0.01790925281855803,0
53.14517965682054,216.80505133889497,216.292902767455,0.007102148793408292,1.3853752966862078,0.012567375776926517,0
50.02323588964377,216.78551840048547,216.3053975576163,0.0071807091752784545,1.335285881568002,0.015512467754713634,0
50.81345460048564,216.7830870105506,216.32386611156073,0.007159923658641168,1.3326911617313406,0.014762928068492508,0
50.01500183191273,216.76659926046258,216.33547429987485,0.007092566132640287,1.4123046248970983,0.015465611440266676,0
48.58975371613886,216.72691646812314,216.33606304375598,0.004627208857505279,1.2539761138151373,0.016685927933943797,0
52.25299959241185,216.7529287254635,216.36292701244983,0.004797838529694884,1.0419274679508927,0.013640583934871832,0
54.25132540824162,216.81170574805813,216.4036239193965,0.004864719360582942,0.9430675773061309,0.0119152213040414,0
53.214214841469285,216.84964430948085,216.4361719628173,0.004772313187657438,0.7317980527123655,0.012660558514795322,0
54.21576136008745,216.9001610278809,216.47422424955423,0.0023831629660451734,0.5360397752440611,0.011868625324788,0
51.55877450166732,216.9096705552709,216.49539851063614,0.0024281194776664067,0.47490305287952916,0.013640583934871832,0
53.620111372653675,216.9487541663314,216.52857244594338,0.0018004803335021538,0.4201882358743826,0.012147981320973517,0
48.608220881101296,216.9155370517414,216.5314433036131,0.0018785309915226858,0.38302626100077203,0.015512467754713634,0
46.033841987146836,216.84738478144112,216.5181357121563,0.0019426398984755675,0.41627026897771463,0.017391349762715946,0
41.37344823666843,216.7104811749459,216.47368567551555,0.002222059500969541,0.4135499914425855,0.02112252436936455,0
35.537154121161606,216.47327667051712,216.38336558284027,0.0027256455668449005,0.4538414302059849,0.026794909254296673,0
32.89179987926285,216.19866184993603,216.27151303848046,0.0023858754977425533,0.5076172259437491,0.0298235426995348,0
37.35565379921331,216.0035398845827,216.18663297623684,0.002538845082401169,0.66312068521999,0.027130576619074063,0
36.837312320031074,215.81652614048951,216.1008159516122,0.0025471270740491598,0.7188479164638477,0.026630594215219225,0
33.89078545987398,215.58636985025325,215.992926348071,0.0024547571690525256,0.7553731607870945,0.02160262765793598,0
30.26532895480446,215.2933697870279,215.85389551222949,0.0025615114729968776,1.0646623053142779,0.025881135674412144,0
27.076019137402383,214.94160790052018,215.68420891000196,0.0023066542048109577,1.4593573782396532,0.029584094169513027,0
24.398412432100912,214.5395367143393,215.486321275947,0.002348331532628879,1.6330405131528027,0.03388382378647659,0
34.538810910013055,214.29766877784817,215.34743634217006,0.003656766969782282,1.6695354094096664,0.02764151231297907,0
38.49511171155933,214.1331251003715,215.23686033466473,0.0038727987410025677,1.724956222192243,0.02488588749053549,0
38.2765675755674,213.9794907510925,215.12876038009918,0.00358523250855819,1.7982519502020682,0.02512702912919431,0
39.82169159851819,213.8604885659947,215.0333714954355,0.003538385239793739,1.8324438363229985,0.02355102649483308,0
39.975842181883,213.75472561203333,214.94262124260834,0.003385698115590885,1.7606429737149845,0.0234547849267406,0
34.098137173463556,213.5399859116374,214.80587004397373,0.0037649370161751843,1.8509956400236665,0.029503572071697695,0
33.42075920325564,213.33045962762424,214.66826499516816,0.0037119431323064107,1.9320042882930213,0.030283000218477792,0
28.766740406294375,213.0256498499246,214.48817088892682,0.0038895187638329208,1.6054130992560014,0.03535902775962379,0
26.350001215347802,212.67939273440027,214.28595213505756,0.0038277447989602687,1.121624407524273,0.037919683196669315,0
26.126429049276084,212.35944734526177,214.08906660204266,0.0036696084215515202,0.91567925355501,0.03516140404181486,0
23.655827254525988,211.99378204519763,213.8683644052728,0.0029066913880338757,0.8844256801920151,0.039132880472504364,0
16.977699870186,211.36865297598237,213.5340898546926,0.00471383859883279,0.9351013718956507,0.054763181624385544,0
33.367305911145365,211.0411585458989,213.3121795207662,0.006806927918201494,1.0960249789471637,0.0420814712076848,0
29.503535460952335,210.59818736898555,213.03818062320113,0.006892599436965263,1.1433628444321755,0.049857034335787254,0
28.826615031533564,210.16978596976932,212.76364939316153,0.006833889123240281,1.2187249525531743,0.05133423706427126,0
28.6556864866036,209.7755178722753,212.4973047064742,0.006812725144265595,1.2164996903790375,0.05169147191954723,0
35.428915613623545,209.52832349273902,212.28705345878234,0.007281578194325519,1.2019439317518774,0.04585384851744192,0
58.175837027688154,300.0286508463192,302.13521030738576,0.011203434353732531,1.1297099065630842,0.006542361531361427,0
57.60506585629098,300.5413514074941,302.2754614697876,0.010572350213479985,1.203913768509031,0.007531166851714045,0
57.4028958986174,300.9954717219883,302.4049069418183,0.010030265354150669,1.0944198881601508,0.007861200491400001,0
53.55712357618416,301.22489291180347,302.4473432184554,0.010169613576709119,1.0065142924324122,0.014172769930951212,0
54.2520002278081,301.47054603572946,302.50483063666644,0.008715776563186567,0.9202821362512308,0.012837473899835238,0
56.36148111249144,301.807187890904,302.61052823257603,0.00692882592489317,0.801062065189384,0.008852499039446722,0
54.99598902355601,302.0544563245163,302.68609392190785,0.007142812133961006,0.8313594948234779,0.010841059056226834,0
55.19085185123997,302.2876506871288,302.762461633676,0.0071004683679103415,0.7376903835548826,0.010509071287458949,0
56.41033322859532,302.55579101807314,302.8605920144652,0.007007107418768467,0.700293986523899,0.008521815966904583,0
56.41033322859532,302.79834025068624,302.95434370112815,0.007036345381133436,0.6487296037851941,0.008521815966904583,0
54.964641853151775,302.9700831717782,303.02305634155476,0.0027164638762750127,0.48861780343234906,0.010177301514767912,0
54.964641853151775,303.1254413566527,303.08873327411334,0.0027091203950737096,0.47051425672676545,0.010177301514767912,0
52.76880941519081,303.1992630492469,303.12243873779573,0.0027852634649744345,0.45837810820942143,0.012504173698145096,0
52.12810599466722,303.24698548776973,303.14637938226554,0.0019293189507919553,0.39758533652544115,0.013170891798559474,0
55.87839529581719,303.4140407351209,303.22304135964225,0.002324079772052171,0.44941479986627997,0.008852499039446722,0
56.44376997533424,303.58422679616643,303.3046300657672,0.001971131581475767,0.49104341386970674,0.008191349606841217,0
65.49120103434919,304.10027134268387,303.5391936828883,0.004260830969331848,0.6140657441994021,0.01553394107756877,0
60.17743517185165,304.42420076876783,303.7019987476927,0.00471175805769501,0.7147899222161682,0.02048776518038618,0
63.37745496482284,304.8601686439591,303.91935745485176,0.00486611210562417,0.7532020658284423,0.01553394107756877,0
63.37745496482284,305.2545835627639,304.1274219082637,0.00486611210562417,0.8402614655935923,0.01553394107756877,0
65.72024995041546,305.7162062028244,304.37158945709893,0.00479665209877292,0.9329342912142186,0.011931575674390734,0
54.748009391387725,305.8289818891378,304.4747822584765,0.006147168711335376,0.9935847686438359,0.022482874010130164,0
55.49817091502348,305.9595918329561,304.58583075504885,0.0060520786742002805,1.0376123968871738,0.02148429467343113,0
55.169862190005,306.0682295277892,304.6881223608996,0.006042269706233565,1.0947933239011616,0.021816937662953777,0
55.169862190005,306.16651591056814,304.78610807128496,0.005945148416969842,1.056199554646596,0.021816937662953777,0
55.169862190005,306.2554377033445,304.879980583028,0.005949333774848763,1.024508398656215,0.021816937662953777,0
49.665838103836194,306.19300423405923,304.90915181530676,0.004464800229712979,0.8565227528321037,0.026832400280370258,0
48.282541415880615,306.09841792207465,304.92092049964356,0.004269772784475206,0.7375588597331041,0.028178162653885282,0
54.43301729110872,306.18429573178173,305.0049387547771,0.004428145841555449,0.6442085120829605,0.022149797371233713,0
53.29544156804996,306.23341823675287,305.0733570354047,0.0044232253528202585,0.46362032731905445,0.02314957712210593,0
55.62576685444008,306.34453429073255,305.16715949884383,0.004302084973910033,0.4601387561796353,0.02081975934794438,0
57.26597543940626,306.4926897195294,305.2772173495154,0.002771754476478074,0.4073477131647295,0.019162046162521023,0
53.043068250975224,306.5314844833431,305.34250149795105,0.002976380647012095,0.39379224983338096,0.022482874010130164,0
55.17876245489176,306.6237324248492,305.42920951952567,0.0030432658788554904,0.3984043405141347,0.02048776518038618,0
55.89883285368928,306.72624367512753,305.5203823864307,0.003047024368811059,0.3874375805207033,0.019824424257199005,0
58.074684179617094,306.87613519835367,305.6318795335101,0.003094860895642552,0.4611021457584004,0.017839767167598428,0
58.442731566478216,307.02127434982276,305.7428162466182,0.0024861794802024393,0.42948797038864894,0.009079177580939615,0
49.54398715901532,306.9716261555663,305.77313552127794,0.00330655124533328,0.4579853033113669,0.015334460708095432,0
54.98314874674179,307.0600469940303,305.85822920141374,0.0030812529610399716,0.5088217205017815,0.01071782518987752,0
55.35339656233281,307.14957078279946,305.9438515805256,0.0030487653248880866,0.6534837250347408,0.010389650022828734,0
52.56028094285541,307.1734216769798,306.002020024785,0.003056250984502207,0.7434024880407156,0.008458055156602137,0
32.71110490879015,306.5568813747579,305.79037575147095,0.007467022662009976,0.8381001674531892,0.03026263789996852,0
31.935647243644837,305.9609647852724,305.57136552622137,0.007465683679981903,1.0425504088432975,0.031635032920978474,0
34.44589521153269,305.478951484931,305.385151181968,0.007468318341847586,1.1199370778301823,0.029577913183827284,0
34.10724901714981,305.0285615650024,305.20050019486735,0.00742932236179413,1.1981946443996545,0.030091397482855362,0
35.69592001174158,304.6544032127129,305.0372498426566,0.007383885275105854,1.2589110919063828,0.028893993733305156,0
34.419255265153424,304.2682606183005,304.8606980358567,0.007330927986278439,1.3626102304319496,0.030605394220401275,0
30.854109870136952,303.7760349040661,304.63161929829454,0.007275710444141722,1.4770963573499107,0.03577392668373923,0
28.71845864903024,303.235449803869,304.3720270462321,0.006849488604898173,1.5452557888282186,0.03924851207614632,0
27.988239546143475,302.71301645715357,304.10898035240615,0.0067796327585891965,1.5433585064401756,0.04047015211744333,0
31.472993869300552,302.30224560587953,303.8823173443114,0.006997445502623134,1.3970530589677042,0.03820373367849015,0
27.69784282670929,301.7686915790049,303.5972982417418,0.0027280578275694586,1.2927716238214604,0.04415225833154534,0
25.120884617210407,301.1573799189637,303.2701697527877,0.0029113051868313246,0.9833994206233435,0.04892494122511929,0
24.396626255260685,300.5661947956073,302.9402992617608,0.002622354853833754,0.9180595027525489,0.050347431670943646,0
22.63929810359413,299.9360751804294,302.58401377146726,0.002598689278190463,0.8821393185885963,0.05392064952449888,0
17.85960286792522,299.03739233693784,302.1053220994063,0.0036768468858099867,0.8636527452683812,0.06643713525978916,0
35.33272027575039,298.61478028785297,301.80812754233494,0.006715633193232885,0.9343016401698543,0.051595320348066125,0
33.286834563288906,298.12765435480065,301.4792690404886,0.00666492249618387,0.9134822495514158,0.05553658532527683,0
29.897189374776588,297.496444487623,301.08440710716474,0.006838396591352955,0.855980310130453,0.06277868882665094,1
36.98088666883177,297.12058894209525,300.78638859288685,0.007442958438788465,0.8682843245633429,0.0492250478893645,0
41.48487992148311,296.91862686193485,300.5575896406603,0.007638659488209715,0.8702041940960948,0.03728813559322034,0
48.944195874847765,3638.9929897142943,3636.786617653616,0.006024863718424919,1.2759052828961035,0.018873074885575037,0
41.54347426535197,3635.624230635369,3635.365254397086,0.0059731387495240386,1.0560315500423347,0.027665996759650844,0
38.89592952638966,3631.3370722425448,3633.4536422497326,0.00526068196883925,0.921774745186789,0.03138662453126828,0
37.72100517395379,3626.8968639569084,3631.378770963211,0.0051905031493936805,0.8647887929182245,0.03308409169275576,0
36.92691547526077,3622.5089490128717,3629.2334181589163,0.005093344581414202,0.8097969399848314,0.034209277930338684,0
40.45733891215118,3619.513150201885,3627.618056748821,0.00463399366958716,0.6900550685017597,0.03127169993417701,0
37.12270821922302,3615.3538804919967,3625.4340986727257,0.004759710145281017,0.6980612579802961,0.035655360463650775,0
33.36261242865534,3609.7514244505005,3622.536101244433,0.0048424645774891445,0.6975506345839362,0.04127531930965166,0
34.97951651419723,3605.1032839594386,3619.952808765804,0.004889885707537383,0.7077907222477533,0.03998873977639708,0
32.834498173715204,3599.8500884590662,3617.024277664446,0.0032676078632891633,0.5925940151329847,0.043211240096830986,0
30.27195171273658,3593.7540680729508,3613.637027628741,0.0032742934396182907,0.6085474296786307,0.04737125049523422,0
29.126119946794333,3587.6105509515187,3610.1245542434153,0.0025621634909583696,0.6769046569509705,0.047488128296508864,0
28.54432365889967,3581.7385217230158,3606.629429459024,0.0025243569441769902,0.6915627172660884,0.03800340328984685,0
26.634513974911357,3575.3782014897774,3602.8313540443855,0.00255624753618115,0.8812421034023178,0.038293057654694165,0
26.03757368978293,3569.290865260799,3599.054075063698,0.002559913186192819,0.8716706011605307,0.038672945700733305,0
50.02431890391173,3570.4161725666336,3598.3131224146464,0.007311958199999606,0.9592546239937839,0.018485925935217893,0
45.15286316311519,3569.385557682636,3596.7187278060633,0.007439343885714584,0.9744696297720803,0.024637585337077425,0
44.16194219840641,3568.014887869324,3595.0039203551964,0.007245668775789396,0.9985264337944301,0.025963445521272856,0
48.93669103288599,3568.508904524451,3594.1093787484806,0.007422467378524926,1.0550557726848748,0.020737741707386948,0
45.3353061091139,3567.4600511266412,3592.6101372034664,0.007501016078244487,1.0386411806388278,0.024314827828531272,0
40.327377435336075,3564.167511211316,3590.169099754775,0.00773845015865368,1.0784133469063355,0.029182852757263993,0
39.09840585088408,3560.569511305363,3587.566461498039,0.007737762009269331,1.0326944022524358,0.023962115001148563,0
44.14642239555879,3559.019615907447,3585.8034285908084,0.007893755950037858,1.0451805628069692,0.018790692830209267,0
41.89031606904767,3556.588576313519,3583.6754140490552,0.007890046813801047,0.6992981678189185,0.021904599502971557,0
40.992068127964636,3553.979553238377,3581.4622821164194,0.007895179258945624,0.7183882672013439,0.023149708801493786,0
40.72960538334002,3551.5048101002717,3579.293371198187,0.004069103638792025,0.595480643750516,0.023497704745960885,0
39.437870069712574,3548.7228957611637,3576.9843343683947,0.003751944102705668,0.49078110188722596,0.0251539767445713,0
45.83204440094747,3548.0825140676584,3575.5688113215015,0.004294373521007592,0.5186078651042221,0.019452259272656692,0
49.285983515591674,3548.6271226775402,3574.6891078561957,0.004072453042311524,0.5156129545661778,0.016067266793598538,0
52.127544052576226,3550.0914044659553,3574.2576632011032,0.00395415564875774,0.5445944314876751,0.013159344091961279,0
50.62995371083087,3550.9399460705963,3573.6425236326863,0.0031577181236758477,0.5154821941344448,0.01458272052367238,0
47.45835080659618,3550.6789652533384,3572.617889705724,0.003286193987981905,0.5224706312052361,0.017670918221834395,0
47.719618363077856,3550.5190477662613,3571.6677442157825,0.0028896588258733352,0.4974148711662514,0.017441505309594253,0
45.008273051121435,3549.5171428030953,3570.395044630557,0.0028310071118047876,0.5582183498091177,0.02002822100105932,0
42.65901295680149,3547.83917265459,3568.8494623113556,0.0029092365133362944,0.5692348087945089,0.022367564819030124,0
37.03116074725151,3544.235174290108,3566.488858486281,0.003527842978007245,0.6340923501006156,0.019772051949786325,0
37.91721159040347,3541.1839956564154,3564.313141682002,0.003520718613498766,0.7098599943442295,0.018108336239521128,0
39.86405961076327,3538.871084264287,3562.4146130625177,0.002941334457839822,0.734629464818196,0.0167477460604217,0
42.15027002171312,3537.302313989625,3560.813660674563,0.002716170401769855,0.8931879170553204,0.015160160108124968,0
36.35837891440525,3533.844778699245,3558.422467399481,0.0028137908010537043,0.8451826930508257,0.020051399934840047,0
43.40301726829868,3532.4309265963925,3556.847660066184,0.0035701770834949188,0.9337262341352138,0.014833745715224495,0
46.75304229963018,3532.056537384185,3555.7160849872544,0.0036877578431010432,1.017756575827355,0.012101445705505172,0
43.67590375290437,3530.7177701974874,3554.211599633756,0.0037513133842190425,1.0616384585805025,0.015122214659430073,0
40.63136979803861,3528.4493261887083,3552.3256189444255,0.0037868051476548214,1.2077210145157102,0.0183352963069039,0
39.379664296570446,3525.9493102867314,3550.3287576404637,0.003760875040322274,1.2818392261491536,0.01970190193649904,0
36.42297750950788,3522.592136828199,3547.95479405436,0.003393931343120561,1.376601732700544,0.02306127743032599,0
32.82285687695145,3518.068973771923,3545.0560061943456,0.0035759417789856898,1.4023060514633818,0.027653837534187486,0
33.096697915124025,3514.0337385970565,3542.2980046012317,0.003507589993463099,1.349744100902835,0.027476479944076013,0
32.04148140453482,3509.9542477979935,3539.472285555019,0.0033737648731478973,1.0726583582083775,0.028808481622108823,0
31.944011065094827,3506.2252082593645,3536.744419192872,0.002969689551878897,1.1203421746950246,0.026737365311337323,0
28.28319788354942,3501.346536259067,3533.49893313466,0.002298600478392906,1.0700312315642453,0.030390738060781478,0
22.783978534302904,3493.989622427749,3529.157602974741,0.0026676763828421004,1.0927865782584603,0.03822899407448667,0
21.87954795047004,3486.7524174876417,3524.748541420059,0.002695256635740651,1.1211435670226713,0.03850207655244295,0
19.861322247418485,3478.8235186393354,3519.941382940839,0.0027294605326444515,1.128428073616325,0.04192741330156457,0
15.888319260882042,3468.1735416186707,3513.880308886637,0.0035813531201873785,1.1237469152154818,0.0532224387204856,0
19.680704354700197,3459.299781954938,3508.3787554678333,0.004102906193410094,1.1122022943338414,0.050725911458333335,0
19.561973530397708,3451.1759194507113,3503.0576424416895,0.004188585874095293,1.1077887426245565,0.05103732992645969,0
19.38565991169139,3443.692446387776,3497.893774588906,0.004143955363494436,1.1737401021238807,0.05147359559061456,0
17.118595531393595,3435.102625757855,3492.180369652855,0.004174495181742228,1.2220403204113646,0.05746233820541971,0
17.09605561839507,3427.311851765796,3486.6870588682214,0.0041794416241975555,1.3080706677469713,0.05752539275784837,0
70.84927019105682,1837.523269798928,1832.8233949358012,0.0034250390852528837,0.958565021200716,0.0020948727057803116,0
72.66391622051766,1840.2318620224419,1834.2443270147762,0.002943604003684214,0.9186938857400813,0.0018221900260332487,0
72.54814766974474,1842.6718536697726,1835.594867518951,0.0030133210235676745,0.794195481633615,0.002143852446843019,0
70.3741456514775,1844.7068229287518,1836.8062270430883,0.0029999926566911723,0.8345108560639937,0.003111614178178648,0
71.69358128438961,1846.7953367859159,1838.0724618802576,0.0026629625401926645,0.8542387729841479,0.0017143862016728983,0
79.09715020743313,1850.515634247042,1840.0942449596298,0.0036233291485869715,1.3041593575800101,0.0032877033679831417,0
80.81406615520922,1854.4623442247944,1842.281903272836,0.003407282881646228,1.3687407318102358,0.0014271109133851816,0
76.91056623734242,1857.6984654111063,1844.223533782342,0.003570694875958452,1.391006679389313,0.0032831768119674413,0
80.05300109508836,1861.6363059445773,1846.5230560192786,0.0036408965585741156,1.4620797950187054,0.0021590182127106373,0
75.65921517567286,1864.797925586332,1848.5441424833557,0.0037893078167002985,1.4005320856841428,0.004380370774713536,0
76.42237547587203,1867.8771027908492,1850.5715324849455,0.003796782413018542,1.3981317195897804,0.00316272209014543,0
74.13677761212357,1870.4623563613723,1852.4218929308227,0.003908243263238605,1.4166946233910729,0.0042743934490435355,0
76.44856907561703,1873.4109891565904,1854.4567884827793,0.003901873873762213,1.4659038410102208,0.0008940523561836278,0
76.55433526014168,1876.1069862035415,1856.4150359124378,0.0038257490337813282,1.4791831067811394,0.001104326502693481,0
77.8744262637373,1878.898495178388,1858.4409553721068,0.0038198540889724107,1.5764059744388077,0.0009971787497204344,0
73.99406221610877,1881.1189018727425,1860.246869633992,0.002655436939562856,1.2698349401031421,0.002681157495092994,0
76.58548302360917,1883.7565132331224,1862.2465306684844,0.0026796275110890855,1.2547409764087434,0.005081701028785136,0
66.15224023530921,1885.2184531274704,1863.7613554308389,0.003192919462019842,1.3349338517660003,0.01021537815989752,0
62.37845539247796,1886.159933758978,1865.0470708613693,0.0027389855266170297,1.245084919144643,0.012347646412072562,0
69.1921400670231,1888.3836162087275,1866.8675245385564,0.0035700590327884755,1.2714827173574978,0.004713275726630008,0
63.51432935438443,1889.766592125396,1868.340583249056,0.0038045989648227904,1.317079524977747,0.008198000623149404,0
60.516212465615816,1890.6652782212268,1869.6000592154373,0.0038482671414040003,1.2809063815730641,0.01016219951786339,0
60.998478906501205,1891.56406599905,1870.8428790590704,0.0036905597478781205,1.2083481963600369,0.009683713831104307,0
58.354655682052,1892.0819018016819,1871.9071063044423,0.0037219461446326694,1.1355749525899765,0.011333684765419082,0
58.266944286952025,1892.5408731085492,1872.922473999121,0.0036443222071143077,0.9074217552465094,0.011386986824785119,0
61.67939422224742,1893.4800296374158,1874.1183485186277,0.003757338008520904,0.7588246418784371,0.008462981170795705,0
60.7074307356202,1894.234452754575,1875.223642819809,0.0035564353829407986,0.5637565770475572,0.008993360348360702,0
56.578661677003225,1894.5074048318816,1876.1087948105792,0.003240153035051472,0.5070126974805161,0.011280388324001163,0
57.660414156299645,1894.8972318049714,1877.017692120333,0.003169649557378955,0.4101412321898088,0.010481420346548273,0
53.101518333469706,1894.7927240399088,1877.6950786898058,0.0019045933207955151,0.382717138457349,0.013042533812985811,0
55.54607638980511,1894.993443899073,1878.4693599063055,0.0018004910335050026,0.3231550084592497,0.011386986824785119,0
53.98209677446188,1895.022647604889,1879.1471724549388,0.0017216709940414273,0.3176088183200364,0.012240780126724348,0
56.92118316058966,1895.3919586162644,1879.9418278384755,0.0018390686521203737,0.3193640572645778,0.010321752242846698,0
56.27608161579946,1895.6689447162748,1880.679629056011,0.001759633914742193,0.33301230015684763,0.010641073935780072,0
57.73757264013636,1896.081460030145,1881.4553431320617,0.0017777479433774728,0.3179093770934982,0.009736842105263158,0
59.781506203591654,1896.6832727577485,1882.2954883569691,0.0015600395481894212,0.4299647717068454,0.008462981170795705,0
54.1417620486335,1896.770583655272,1882.9088407284232,0.0017511546630583738,0.5116890693099857,0.009222175498076923,0
58.45090939548578,1897.3162755270398,1883.6933131054448,0.0017866970039539958,0.5760340762584496,0.006622851819152431,0
58.330475178576414,1897.8004687182922,1884.441751707208,0.0017801033671575354,0.742400085680834,0.006675752212412094,0
40.15114239927987,1896.2955872880439,1884.3441368781564,0.00385431448555053,0.8942237287207714,0.01758765971622609,0
33.99817382882236,1893.8863752678,1883.8110793097578,0.004087073155099635,1.0107895503760769,0.021913415285943347,0
17.586590476755546,1885.7825855011251,1880.8168070297995,0.010859127243447932,1.5043987203722553,0.05705437217272058,0
28.467455629872447,1880.1840376890088,1878.6700678341554,0.011678355202236935,1.6805278045110579,0.046524356869184456,0
28.74578597952552,1875.1663429739392,1876.6302813683392,0.011699314706741338,1.746670294778739,0.04623803009575923,0
30.66337113752904,1870.9408541459118,1874.8045377527853,0.01174277247767718,1.919416418958728,0.04435216790815043,0
30.52931230000253,1867.0701956042433,1873.032708960925,0.011681385090781756,1.9885946141327682,0.04463746325318875,0
33.05101686696702,1863.9491521655773,1871.4915898494614,0.011832216341248989,2.0875009117643395,0.04235945543452119,0
31.570073186320926,1860.668207219665,1869.8217591235832,0.01165683921104194,2.0826709714977563,0.045094288056846135,0
33.638163105025114,1857.9949882591477,1868.3424176001076,0.011732798066301406,2.0375023293658776,0.04332643537697086,0
33.42759698826508,1855.519229807311,1866.8987882206732,0.011496395676062176,1.8805829504772138,0.043668122270742356,0
27.804291699126367,1851.564952005076,1864.7985557967152,0.011687452407977526,1.924726431523406,0.05402425578831312,0
24.964996710182163,1846.9110727195134,1862.3342649844067,0.005307639587366223,1.321385024866308,0.06063130403763127,0
22.550875179399057,1841.652799433666,1859.5325579563869,0.0041216970708405,1.1203920655937751,0.06714296595779994,0
21.767789695956907,1836.5334247799576,1856.6925325262002,0.004047598089553488,1.1282162252510524,0.06941102628297577,0
20.032854901449227,1831.063511817313,1853.6175359188285,0.0038663939314462917,1.0679754244053472,0.07470070610859997,0
18.701301008215054,1825.419315854913,1850.3764481114188,0.0037708796774700883,1.0916419445099954,0.07912854007685786,0
27.767443758453012,1821.5317243481306,1847.7718396407524,0.004778060646954333,1.154633848153559,0.07138856111002313,0
26.125165142337963,1817.3762902248861,1845.0061213294186,0.004788520853117119,1.1535530899340258,0.07542604969035446,0
23.87789024761608,1812.6737514493086,1841.9591260211912,0.004569002749400501,1.2441130298273155,0.07573530792650594,0
25.000725378697197,1808.5714595004322,1839.0970120867444,0.0046815003329147105,1.2965872329128112,0.06363018599650137,0
30.133791202520328,1805.5646355432593,1836.641640990632,0.004657325856321517,1.1354742713369088,0.057118739448508725,0
51.55333259636914,224.2603504868588,225.43543809533128,0.005779514231658142,0.8116037793582342,0.004623287659617822,0
53.46530166611418,224.3634038626206,225.43133803262958,0.003912339315474053,0.7672554962674542,0.002884570719078064,0
49.82717674857788,224.39266239206722,225.39875375744077,0.003990924225040594,0.7646960910134802,0.005875316397279457,0
46.61509117947059,224.35901339238123,225.34080833370308,0.004047751796779686,0.7746232008464257,0.008703857639117097,0
45.46286390118571,224.30663961165527,225.27574884883262,0.003989412239331749,0.6316647366881569,0.009740440366161854,0
49.604137002736095,224.32699048631446,225.24373483566862,0.004075809993833755,0.6329695948452696,0.006547306220960337,0
48.37828144987286,224.32441677248642,225.20388285961013,0.003828577673703152,0.519239625073153,0.007534562721411455,0
48.50290109720793,224.32399631036645,225.16667059545767,0.0037737691285619746,0.7178329638370403,0.007444713420197053,0
46.45032861614239,224.2911980269109,225.11685385050833,0.002202311284952404,0.7060632187004925,0.008974059308716482,0
50.863022441997266,224.32540333578115,225.0973090470979,0.002362589632474263,0.7323628965486613,0.0054306755123496005,0
47.00314726521203,224.29724404011887,225.05274479956535,0.0023332991030459234,0.7412357728518988,0.006561626696035903,0
41.145604714439315,224.16882946376322,224.96516938521142,0.00257331533543111,0.9393164469941211,0.011258173581440769,0
46.163132127661875,224.1241455875132,224.91260523695829,0.002819124040240677,1.2548691564570456,0.00786772369081532,0
45.54977195286341,224.07324005061736,224.85778258475597,0.0026947507950146367,1.2604240436594292,0.008363569062144404,0
35.30778169237338,223.81467922145458,224.71312143887474,0.0041127180862026574,1.466249190239689,0.01852189235729472,0
34.015000849623945,223.5474194966703,224.56029504014427,0.003830005281919151,1.5878280059611471,0.02013489126118959,0
53.50187131240985,223.660101839858,224.56728415718547,0.006980099475986942,1.6106768346703844,0.0032483914039369483,0
52.07716602578381,223.73155320888958,224.56081929646186,0.0069994627163918206,1.5991205960102997,0.0046789493989705805,0
51.20524891558811,223.77809101159698,224.54683670702946,0.006985889777143637,1.653869376119294,0.005530307226889658,0
51.481493872819605,223.8259093632204,224.53590905622744,0.0069146221836340225,1.652269213278763,0.005261315948781957,0
53.82748256828477,223.9168053111793,224.54588778359727,0.0068847930131435715,1.6734170908198933,0.0030252154918729538,0
50.17006941778659,223.93235252427456,224.5268733902445,0.0067622857207836635,1.5394295683776735,0.006158536556300798,0
49.19300979526309,223.92831779180963,224.5009218552888,0.006696743607793664,1.0634958738042477,0.00491315425661877,0
44.52406358337707,223.83416928437003,224.43741437020142,0.00683747875203854,1.0131991816601504,0.009195312771635052,0
45.63541951396123,223.7670910296984,224.38429926970022,0.0059268101286698615,0.8122404357178576,0.008335950206824186,0
43.4169297214413,223.66353693209257,224.31515726840075,0.0059479226609521485,0.6222955944030107,0.01037368822239076,0
49.31360460615895,223.6651044322992,224.28942410570116,0.002560448779184079,0.6136483433269073,0.005856638323847071,0
45.485046327072716,223.59508220850185,224.23441929985125,0.0027090589367027443,0.5858139622142865,0.009240626587104396,0
46.49904340721095,223.5479250471346,224.18857621528417,0.002744189343280009,0.5643508566896925,0.008471534459624808,0
52.53830839560151,223.60813011468704,224.18822975772287,0.0032247942853770415,0.7361495850333005,0.0036132252825714375,0
53.583316067636225,223.68165100266813,224.1959615097039,0.0031470286411561174,0.7034131776833279,0.002718605031986469,0
53.267551285575976,223.74340554430665,224.20135963762704,0.0029749696238394836,0.6561509026976339,0.002942110536808317,0
49.49819405544644,223.7421282908344,224.18239671168948,0.0030943868996947043,0.6842551695802063,0.005631832072975383,0
48.093317750537274,223.71906636149438,224.1549717708409,0.002761398727133449,0.6967531398580407,0.006666691244581935,0
56.28486138427022,223.83249827177482,224.18528634749273,0.0033656589895759556,0.9228150052853968,0.0009781744569869865,0
50.721443689765316,223.84845200205538,224.17785403386665,0.0036068931091912428,0.8622258974707395,0.005044664655412946,0
47.918802071873486,223.81526386724468,224.15068792415312,0.0034223264074919896,0.8404814399826509,0.007293086723993289,0
47.133482696117376,223.7719028259355,224.11902709449316,0.003235693827363706,0.8599410383250886,0.007924446040581302,0
45.19627672271382,223.70028950116364,224.0750561853014,0.003271815823421431,0.888368958019255,0.009461037440272844,0
41.77041799971216,223.5754937566694,224.00769203416178,0.002877827148554074,0.8071263945310932,0.012320722607509486,0
41.92095725701382,223.46448970235292,223.9438692566797,0.0028363697626762525,0.9150242564026413,0.01222967121944486,0
29.00368604057266,223.05928434037236,223.75490406985233,0.005103710435054204,1.0508930958930234,0.027006058061357717,0
31.14563810384861,222.72124427863108,223.585575671461,0.0052288496932769235,1.2512449154263614,0.025602526156509677,0
30.9113116664047,222.40873463533654,223.42032116769286,0.0052466183791036805,1.2862452733410472,0.025929649918435292,0
33.52754160299155,222.15837128619083,223.27530127600153,0.004603894248361655,1.0548067826339158,0.024342552248751727,0
29.095441675103388,221.81089734629683,223.085583161275,0.004708513860249207,1.1395107727506417,0.030296144535253557,0
32.78725647596728,221.54318622558202,222.9230234437207,0.004940360042578325,1.1682258165240742,0.027990889875856163,0
31.455449240434035,221.26573418388458,222.75230796651516,0.0049184091523864866,1.1393188521973123,0.02973059440530157,0
25.986618752460586,220.8451801503078,222.5177270464152,0.005261419571436948,1.3547884229235887,0.03818306915492698,0
25.71610136510553,220.45515585916965,222.28861570031864,0.005312479992949676,1.2645084593052356,0.038662075583910036,0
23.721708064627734,220.03084827925616,222.0389397617976,0.0052343044433016605,1.4451587024911061,0.04226854112413195,0
21.19606959004635,219.54504523358162,221.75683176444255,0.0034972177684552707,1.4240539365817906,0.0474573700954702,0
19.875590665704337,219.046462510248,221.4614534050463,0.0032999189835068747,1.4007208768698973,0.050487646155007254,0
19.250643259279116,218.56679301166906,221.16602433509163,0.0032417393922500766,1.3991917505124958,0.05196023859353618,0
18.681349052581623,218.10709386446635,220.87173086616025,0.0029615811572068973,1.4650391947232324,0.0522597449325066,0
16.247362562754347,217.57022251178475,220.53890784160495,0.002980349032656698,1.5779046291829697,0.05450182032533602,0
21.6975178232083,217.1444837509975,220.24434314794527,0.0031214912522420806,1.5816072186735235,0.04936644163473969,0
20.38248200437424,216.7040535166405,219.93859260458865,0.0031005171758208936,1.6145879060418007,0.052230334187721154,0
18.737753247586582,216.2312835250533,219.6141890892403,0.002516119500463822,1.380687012479039,0.05322560083732369,0
18.07327438522003,215.77211092714194,219.28967846010036,0.0024461414087304035,1.4050667495906228,0.05203159646873186,1
17.8869825125431,215.3480984809355,218.97455057399162,0.0024998646860233,1.05177291016592,0.04888314506073622,1
67.00502303355225,818.2486947604956,819.654479716589,0.012999014339940508,1.4223918253749777,0.0011862396204033216,0
64.92969222004741,820.3916975340015,820.5585703904721,0.0091223006295937,1.3553102513841948,0.00392528576787518,0
70.95347123951052,823.6943943418394,822.032615128998,0.009830174106625664,1.4091229492307964,0.0,0
60.73953211072264,825.4409757936255,822.8841401782736,0.01186629401394802,1.5230002058695704,0.019239919485785333,0
63.76432308153678,827.6884067272481,823.9940646800981,0.011825789123035618,1.5805368246701634,0.010836292352215842,0
61.2941488085827,829.396825035212,824.9093103037992,0.012169378818285906,1.5074296235916542,0.014900705989688408,1
63.90708192351297,831.504741107467,826.0321839287186,0.011575980105505198,1.5717975446797765,0.007868481746366706,0
64.47612114247616,833.5353453969282,827.1591419089917,0.011618601778464603,1.6277124689457354,0.006332111270355043,0
64.56867818510574,835.3911773079923,828.2439440494891,0.011502782049138698,1.6914472079488128,0.0060961456119944316,0
69.30534382178892,838.1185599218345,829.7408492311458,0.009198329203383078,1.7036634996130535,0.0011574074074074073,0
69.93492682285066,840.7382125030733,831.2381036204147,0.009199606577259725,1.8455298206640598,0.0011552680547652339,0
70.10005395953041,843.1460720256244,832.6858699216643,0.009044950487927842,1.8639995090436394,0.000692812454893187,1
70.31948386895226,845.3719074636778,834.0907463594932,0.00759459952739551,1.7204930071129325,0.00011537863351125217,1
70.36631339259586,847.3949866045513,835.4382665285347,0.004974386193084367,1.7682785960695953,0.0,1
70.36631339259586,849.225144975905,836.7270514135988,0.004652468585444126,1.8958079592870323,0.0,1
70.36631339259586,850.8808007516889,837.9598936857087,0.004224780358601356,1.9216526328273245,0.0,1
84.01192398816845,856.5044757772791,840.9227455240732,0.01567676908520265,1.9227586350578028,0.0,0
84.01192398816845,861.5920551604546,843.7579890226502,0.015740731989367013,1.9421651430269067,0.0,0
84.01192398816845,866.1946877599249,846.4715684683487,0.015751458340463077,1.8877897732738085,0.0,0
84.01192398816845,870.3586343860652,849.0691153140151,0.015705377139291418,1.7882948919349624,0.0,0
84.01192398816845,874.1257363679606,851.5559674843344,0.01576133340923048,1.5362426411744605,0.0,0
84.01192398816845,877.5338389427556,853.9371872704285,0.015777151741727006,1.4762216511301394,0.0,0
84.01192398816845,880.6171738704,856.2175779332495,0.015796447000510073,1.4395903340623422,0.0,0
84.01192398816845,883.406705239246,858.4016991242675,0.015800459375826633,1.1832257440738385,0.0,0
84.01192398816845,885.9304420353328,860.4938812216105,0.015800459375826633,0.8267301561700162,0.0,0
84.01192398816845,888.2137206956985,862.4982386705597,0.015800459375826633,0.5283511983802045,0.0,0
84.01192398816845,890.279460549354,864.4186824090203,0.0,0.374698308411295,0.0,0
84.01192398816845,892.1483947648436,866.2589314511725,0.0,0.18664406657848312,0.0,0
84.01192398816845,893.8392791671985,868.0225236958337,0.0,0.1626962191546543,0.0,0
84.01192398816845,895.3690810565948,869.7128260200859,0.0,0.1245588975329518,0.0,0
84.01192398816845,896.7531499534679,871.3330437133284,0.0,0.12788061527797295,0.0,0
84.01192398816845,898.005372007866,872.886229302063,0.0,0.11697179685441866,0.0,0
84.01192398816845,899.1383096423256,874.3752908113455,0.0,0.11214426190367943,0.0,0
84.01192398816845,900.1633278456429,875.8029995048777,0.0,0.12048946962637956,0.0,0
84.01192398816845,901.0907083979243,877.1719971421478,0.0,0.159442504451829,0.0,0
84.01192398816845,901.9297531837124,878.4848027877878,0.0,0.14699414602735222,0.0,0
84.01192398816845,902.6888776384735,879.7438192053886,0.0,0.189751511424416,0.0,0
84.01192398816845,903.37569527308,880.9513388653567,0.0,0.23332865093256788,0.0,0
84.01192398816845,903.9970941300572,882.1095495939829,0.0,0.24540266631495544,0.0,0
84.01192398816845,904.5593059433161,883.2205398887029,0.0,0.3004770915532652,0.0,0
84.01192398816845,905.0679686989954,884.2863039225307,0.0,0.4132597594200351,0.0,0
37.94715810454148,903.8233495522371,884.5942173879569,0.0062209963514958415,0.9359175126239789,0.07102015200217209,1
45.33997716565501,903.0877630166574,885.0531792525195,0.0065439177478311865,1.0589005179064312,0.06611985449643372,1
53.2414581037946,902.9365424487789,885.7087969561181,0.006962270122840542,1.2408723993600286,0.05973374995666944,0
57.58255076889603,903.1378290304611,886.4792939344305,0.007128522552711674,1.499292299614243,0.055577027204463024,1
70.26856356370513,904.7628432135093,887.8217953530794,0.00898545181417359,1.8352537172782404,0.038198177475135736,1
66.254207846174,905.9616473315066,888.9966809077398,0.009082833892006585,1.9763366106230729,0.04142366709687687,1
71.53809245330591,907.8653436663305,890.4661610643217,0.009460951692085365,2.202715293136357,0.03175113450112766,0
62.42009457443705,908.8781885551973,891.5803371746102,0.009959138344408503,2.258365195357571,0.04011973389867991,1
76.9983914332874,913.070821039061,894.0161383095448,0.015206809877645212,2.479487763357856,0.002571047443703733,0
74.29170095032731,916.578422265183,896.2348876140445,0.015347580992687395,2.4541134707433017,0.005737394496054208,0
72.19627546686851,919.532900152091,898.2732347738119,0.01315149064678519,1.8667871652995858,0.008178556563604677,0
63.99811729649017,921.2821737791669,899.8450296853844,0.014144095289970647,1.7549081499840227,0.01860534248602517,0
64.92667275654972,923.0648457452654,901.4370596081361,0.014154094927935892,1.6905721338678175,0.01632976126163564,0
64.07911446949659,924.5824963137567,902.9256806669422,0.014255517456473311,1.5990682543826182,0.01741211457501331,0
65.99151304807577,926.3365618829986,904.5131699971465,0.013522284664703852,1.6424239040237032,0.013096474640442736,0
70.51380933358483,928.9426284282932,906.4608643770113,0.013625297532833739,1.6682145082309303,0.0017300653851182633,0
69.76683701772286,931.2243039287616,908.2990538509891,0.013558252395919927,1.6837634250499678,0.002571047443703733,0
70.44125782063318,933.4410533606252,910.1271431472867,0.013019649049505975,1.7684909407404452,0.000890493018268727,0
70.79209249109407,935.5228706365766,911.9139223913949,0.005548961136287369,1.286905495727147,5.232680164085094e-05,0
65.74953673608107,936.9492725860654,913.4396502241635,0.00570669657050103,1.153490814564809,0.005102551905247239,0
38.61456686648092,75.36649909745879,75.97699457836586,0.007725685719470719,1.4261896829512384,0.033102021056396216,0
38.48880271772291,75.32292610953164,75.93115793645892,0.0036572382140558396,1.2723597268573426,0.03323985772315494,0
39.1296263983092,75.28638341063429,75.88873787552919,0.0035384048803435986,1.1845613635048597,0.032826247722584065,0
35.54071851067144,75.22757262609143,75.8367637489519,0.002705728049774135,1.047160185847445,0.03656091367187125,0
36.47036313417929,75.17819830660905,75.78887623089074,0.0027018838697736927,0.9364121892582392,0.03587204307345225,0
36.329273297831335,75.13258711744005,75.74275033494835,0.002506365169227255,0.885186652748366,0.03601074365866557,0
38.87545676193499,75.10086953394608,75.70293993245961,0.0024981698141579712,0.8295719371759545,0.034625618077829205,0
37.73787746349153,75.06550565857147,75.66197808726496,0.001612147788610169,0.5813094750124224,0.03037597405454675,0
33.37995207949915,75.00586787641913,75.61067941167165,0.0020456606175110114,0.5244921046602896,0.03156902736496874,0
33.66426496924156,74.95287468891989,75.56208815775454,0.0019864237580660754,0.5788516114966654,0.030221626490652582,0
33.35752817180142,74.90303194261523,75.51481920062656,0.0017319478946418083,0.5297085669276745,0.028617455927510603,0
31.946582192667492,74.84936548522236,75.46589008202976,0.0017293869039971582,0.5540219729627232,0.00968524692186654,0
30.853530823081556,74.79414652154355,75.41620426989554,0.0016805195910446734,0.5329214777702175,0.010636878298567898,0
29.908949307353495,74.73847605316524,75.36620659680284,0.0013871852374187726,0.6070750776325585,0.011453961522807017,0
27.631320274275424,74.67381977568303,75.31218444859277,0.001386788632257476,0.9999330247439995,0.013502565932558046,0
22.07866596793727,74.57149483911275,75.2415232962106,0.00214916021216577,1.1968363728904265,0.019836944493769448,1
58.44337297401299,74.65615639215765,75.25052121412286,0.008768739561214454,1.2829583671640012,0.005565838511012323,0
54.196530389547426,74.70511573233753,75.24721139320792,0.008884281944496922,1.3714779362814704,0.009445245467173303,0
52.223611418633865,74.73606957548296,75.23829990929353,0.008793080901604453,1.3920492890726,0.01132878166000497,0
51.78856681982135,74.76121506765479,75.22854095854376,0.00879935605726064,1.4092005619509285,0.011733296712239584,0
53.052106623629435,74.79253800733491,75.2228770617575,0.00879233620099528,1.4839993069455817,0.010520721188645298,0
48.07658465358536,74.78943841843628,75.20398555867811,0.008934501781685771,1.5357725815487755,0.014981207666990204,0
52.17508289258328,74.81330802455726,75.19730346269847,0.008967578192925355,1.5803518916445018,0.011193980912076618,0
51.860129417643826,74.83299751428282,75.19008956677052,0.008956627347631927,1.5538964193307638,0.011463618352894802,0
54.65968377956672,74.86891044495762,75.19089841514119,0.008894618852334989,1.0857790623440884,0.008908365604323424,0
56.24611484666853,74.91188000704122,75.19613592397879,0.00846885889709068,0.797612319436432,0.0074349118542579,0
58.5196346699657,74.96599688472153,75.20763657581332,0.002714297150191112,0.6626665483384295,0.00529933596575061,0
61.23133152494099,75.03400845827595,75.22674918028332,0.0024484699480769407,0.6203440447245115,0.002642665795926399,0
56.278616910775696,75.07172761142492,75.23496281755138,0.0026488608882833994,0.5960410486496562,0.005965755620066066,0
55.696452845370025,75.1029960268597,75.24162427794164,0.0026487778303767692,0.5471714541087461,0.0063659909525905995,0
60.401958988009106,75.16176562474467,75.2609108870529,0.0028969517926541555,0.5936157740703872,0.0035657242302392436,0
57.52340933532284,75.20160205910473,75.27376145110314,0.002465618363523764,0.5665683530940252,0.0054246629105846695,0
62.475608852139146,75.27193295687631,75.3005642637184,0.002604331377868027,0.5887032935411619,0.0006583542369761799,0
54.16382334043803,75.29365559827102,75.30857941557498,0.0034109218980667984,0.687309450761235,0.009933774834437087,0
54.16382334043803,75.31330905916414,75.31626496375699,0.003348494961387217,0.6845167915673903,0.009933774834437087,0
50.614111515485746,75.3120417262505,75.31561265649435,0.0034529523682014823,0.708045929423442,0.012616160819929882,0
49.05599879015533,75.30232272641182,75.31138001975926,0.0033826229887798692,0.7380119440762531,0.013827960752389575,0
43.31261393525239,75.2592416073192,75.29290530507784,0.0034655146166468467,0.786038179613345,0.01870409558342139,0
43.51050114721484,75.22121656385293,75.27558517974569,0.0033920097957105383,0.8122229789987104,0.01856798528340153,0
36.28281813207218,75.13633474637881,75.23778323753183,0.003929779456212792,0.9762487722504,0.025830729471920277,0
46.10595323211559,75.11096865196956,75.22309152865623,0.004489867423371202,1.0428568972284247,0.01843191135024993,0
33.98513157893123,74.97753754359337,75.16269226826022,0.0064022790969914195,1.1518342364292435,0.034459380641376325,0
32.78488701697849,74.84252875971714,75.09876117049019,0.005887516727465504,1.1462941446132355,0.03656882178746058,0
32.2936172147287,74.71466461418171,75.03502993979869,0.005850731932117255,1.099138656440209,0.03741496598639456,0
35.420182748293996,74.6161221832071,74.98104948700198,0.006023413202032957,1.309258545035611,0.03488056031731157,0
33.83122855131647,74.51077454123832,74.92248361840615,0.006022943868839612,1.3977404884532314,0.03727381015023918,0
33.17135550967663,74.40879372744097,74.86349773759068,0.006028772303377729,1.423595064726633,0.03826249271758526,0
30.77061999623895,74.29176316747323,74.79655205276042,0.005985816220646185,1.3823626336673616,0.04195134848348843,0
36.65696864678505,74.21540302338884,74.74462439962981,0.006298794264690255,1.381516135077799,0.037556160245735236,0
33.76466574515396,74.1186959140211,74.68326718356234,0.006082687741464843,1.1778819046358089,0.041666710094460664,0
36.907448521286405,74.04739062279992,74.63112684831928,0.005458919098735696,0.8883557284794636,0.039253061818266516,0
35.01314343340188,73.96573338287283,74.57393796852394,0.0027796461970739186,0.663118502516368,0.04180895554749425,0
33.569951154724336,73.8785197889054,74.5134911554087,0.002773407221002208,0.6699091242045506,0.04380556898779193,0
32.04583219398509,73.78532643112803,74.44952089842346,0.002806955399153561,0.6514157742635824,0.037036994399564045,0
30.839530047549644,73.68957987869864,74.38335765990306,0.0025661183025210816,0.6436076140502127,0.03874690494809957,0
25.933546482345918,73.54961860223054,74.29765925449495,0.0032836457390050798,0.6974522699738043,0.043755136794555685,0
36.93133035505011,73.47727340390617,74.23795918956634,0.004494542597506516,0.7162846528113249,0.035581759930135334,0
33.45834397265466,73.37657969736581,74.16599930033618,0.0046207350255527664,0.6725476702348008,0.03576365690099928,0
31.558040411664948,73.264523364757,74.08820808271118,0.004257200220192072,0.6457975660749706,0.03739618686649341,0
30.955600803449187,73.15647253245712,74.01075246766607,0.004191005051644371,0.6358046325265093,0.03840294437734333,0
33.682362682445785,73.07204574371016,73.94192143387751,0.004154282801902818,0.7584396938206507,0.029887972359780177,0
51.60683944486349,546.0840037109492,548.6938124719137,0.00332939761455079,1.0725131471742833,0.007671955636824272,0
53.692856693074525,546.2859790331843,548.67259940855,0.001704350213022996,0.9626024335733797,0.0062933457318646155,0
49.980548609923765,546.3541186008545,548.6010145067098,0.001933711901671767,0.5844265872506483,0.008500958709437843,0
46.51698074300943,546.3012476601716,548.4815624890394,0.0018167699650370045,0.5505724369458552,0.010718279135089994,0
45.114152471261725,546.2057317178119,548.3463455084898,0.0018736081640785965,0.5075626966212253,0.011645033492105333,0
47.3376545337892,546.1813410071283,548.244834696164,0.0018195727575520072,0.3833815618952937,0.010440538656622892,0
59.55354551067607,546.5884318727519,548.3379550963307,0.0030584638122648344,0.5374049567845217,0.003088404340686714,0
59.38874247321437,546.9518855710522,548.4247707904863,0.0030625310749524855,0.576878703655147,0.00317950567292033,0
65.895106519593,547.5857389760495,548.6420264721608,0.0033737391671033842,0.735170849563631,0.0014451749700281648,0
66.07807352348291,548.1686347731254,548.8537759186253,0.003391974008021979,0.7271015797659,0.0012642445215795153,0
62.813052817778775,548.6101162470551,549.0185452158855,0.0034735853443298636,0.6736208903468429,0.002894422316255524,0
66.38988465706763,549.1810473361408,549.2510010840665,0.0035476304240328557,0.8403173407410894,0.00252438600016772,0
67.60180372873876,549.7594720844703,549.5002416296027,0.003347945804607889,0.7939088263821533,0.0013507429085997298,0
62.73017268535265,550.1588392931169,549.6846863470989,0.003366312342830052,0.9023777261337915,0.0037006728906842142,0
34.56431798233588,549.2193303133191,549.2965543089888,0.008960878167015447,1.442695850538535,0.029057954028766618,1
37.865877531398716,548.5123376771294,548.9871743486168,0.009015498316309377,1.6741029756760093,0.02620895630669029,0
55.91236554501285,548.9494729549806,549.1565599277567,0.01106023975298808,1.7825235458543274,0.008316826657279472,0
54.04248209533514,549.2258356436848,549.2672701406951,0.011095107878174268,1.8725667056300566,0.010600773543357249,0
53.9647580247061,549.4710928296388,549.371178805167,0.010926001900686051,1.8334294285637067,0.010692324292468353,0
53.467780543070205,549.6643932779028,549.4583591203296,0.010925070410410314,1.933262522676643,0.011242089223991386,0
50.70196786335316,549.6820736750742,549.4743689461211,0.010951390055091223,2.0056142021112757,0.014276688132482871,0
50.61654357538563,549.6933069778386,549.4876585608932,0.010875373427799293,1.937205905442504,0.014368906128527075,0
52.59535859735097,549.8130258470998,549.5472469908335,0.010897913272243459,2.1148977453126783,0.012251565206361304,0
50.1490925301633,549.7974980688206,549.5514285876635,0.010898216190652597,2.0442484802629863,0.01464566075758878,0
50.812370122267744,549.8167882744616,549.5696523468438,0.006951634407657745,1.381825562942538,0.014000022194602273,0
46.52638174555795,549.6199115209158,549.4958308845676,0.007180178271298068,0.9418180055580689,0.018165243645880878,0
41.35115249165718,549.1465024052765,549.2995070847759,0.0023545667535048447,0.5315884911019465,0.023960318017075277,0
49.707676187562875,549.1277859577248,549.2853659538054,0.0037712257361404377,0.5456045838134088,0.015939520549095136,0
51.10354424165387,549.1870533061203,549.3041424083999,0.00382224678437198,0.4252843163184343,0.014461140895009095,0
53.534144473787954,549.3740282480426,549.3786477774156,0.003929665854610554,0.40155124135673875,0.011884219364649689,0
53.534144473787954,549.5431914602226,549.4500639468125,0.003792862451951231,0.3045298439562636,0.011884219364649689,0
53.62959421844488,549.7010014009471,549.5205385955774,0.003791522376084713,0.30280238541060217,0.011792452569029686,0
56.87412232458703,550.0057008105047,549.6564949934082,0.003857195296924904,0.32683699036556346,0.0086814750967963,0
56.25080096784408,550.2575640020684,549.7768023833526,0.003753535667172457,0.3484081886821826,0.009137768153223029,0
59.76489300526743,550.661638691172,549.96643905678,0.0038568899639179633,0.41133962750759806,0.005770986847666817,0
59.48680878770517,551.0177018681894,550.1442816086427,0.003483612878817942,0.4289252600661487,0.005952358671802838,0
55.198431046695845,551.1922158523136,550.252716722644,0.002929558895813541,0.47718979483685364,0.005155171831332979,0
51.94624178492916,551.2310524735127,550.3066638805584,0.0021124454426221253,0.4203557879781751,0.00743298912719944,0
57.64382130397048,551.5185870999388,550.4644331924821,0.0025113278842767216,0.5608110130181057,0.002616169972090663,0
39.80637005328279,550.8929774072283,550.2439811046535,0.0060194762968803035,0.8341924589015899,0.019726579978341173,0
43.16653634267372,550.4841016822645,550.0984141984703,0.0061563374006383485,1.0027113146189826,0.016648439494236722,0
51.55139096669956,550.5665692228604,550.1483737250239,0.0068570697295870665,1.1553222388876985,0.007889791990052825,0
48.167976990543096,550.4411770564677,550.1125378180966,0.006864453003375166,1.158676617500147,0.011743308524408283,0
42.14003565066765,549.9229524374445,549.90873731736,0.007219652624264388,1.2128002617067015,0.019633049921158257,0
41.808590326077095,549.4302754367353,549.703228176353,0.007041484453851652,1.3984620550078808,0.020100986153338687,0
41.04376559575599,548.932141531983,549.4841321539545,0.007025809404819351,1.6114337780809072,0.021131936313932,0
40.32160163786119,548.4338311944842,549.253990000985,0.007022297314660365,1.804766659270764,0.022070994538493066,0
40.77055112903432,548.0020304241642,549.0410850770612,0.0070458507104665166,1.8143141003068564,0.021695141134955357,0
41.36431060019667,547.6351652922028,548.8466948989202,0.006749713827953068,1.7285276173910769,0.021225741568983127,0
38.457998436984184,547.136571326843,548.5906138914903,0.004342410867140758,1.309027335490281,0.02452062535826082,0
41.1306161593967,546.7854646477992,548.3865173762485,0.004257858839617686,0.9810931935496778,0.022541171634629154,0
40.23456062265744,546.4201779935375,548.1707777502053,0.002754979614431281,0.6693009118541033,0.02348282477823819,0
32.775575580835834,545.6277670294716,547.7713198142746,0.0035790271859283966,0.6202311255241525,0.03270774469359352,0
31.05009910082407,544.7822550443577,547.3343559516428,0.0029876970715347036,0.5300588519306304,0.03530509959391011,0
27.2204852093478,543.698221058202,546.7821377506491,0.0033024448222785567,0.580207811002431,0.04143227329285225,0
23.861777854325084,542.3793273041341,546.1113933132858,0.0035675946470484017,0.6793617008555696,0.04840997564583688,0
31.54833612328683,541.4717617589613,545.5862693651702,0.0044282131507121835,0.7341190921853065,0.042507319980930595,0
29.56611166452504,540.4744429240448,545.008904770499,0.004365638267733032,0.8024918916044874,0.046139359698681735,0
26.68664024770166,539.2911526899426,544.3378705777483,0.004343895453257739,0.8245639358649398,0.04876432268775232,0
26.81670372432717,538.225319133167,543.6955923690823,0.004449662649770491,1.4490753323485968,0.048570395000687674,1
41.64780482284039,537.8943343452041,543.3418756892851,0.006483636417587431,1.4910196931487862,0.035530621785881254,0
48.28480802336364,795.9623236786011,799.815421740644,0.00656892186432479,1.3584269951904528,0.013687480063074645,0
47.458611202934904,795.937285762121,799.6386287143692,0.004063381600301479,1.3204622176058167,0.01451550536103748,0
46.15020545108341,795.819211799238,799.4272628750074,0.003908004258601732,0.7592440861636051,0.01579210721051215,0
40.49883679737129,795.2639869362991,799.0252297326588,0.003939306928233884,0.7263141189539949,0.021835443037974682,0
38.65499620436052,794.5996509706267,798.5694067615555,0.0036039818253381047,0.6812566560170394,0.024039087277022884,0
40.707111409219266,794.1132425967328,798.1852186158089,0.0034957417543360395,0.4572710643649251,0.022482583913869536,0
43.09866239882021,793.806807242459,797.8775788924689,0.003499737241944154,0.5179347570992724,0.020672619902939518,0
41.61385170786467,793.4199711419097,797.535397668353,0.00355414227939686,0.4831354725556572,0.022158911047799938,0
40.12514682725081,792.960415000464,797.1602876403842,0.0026529801853569456,0.44705705310283855,0.023649537143601036,0
41.014386268840525,792.5876198213949,796.8207549502243,0.0023089606297809636,0.3727112475833049,0.022115217637655917,0
40.94164783841919,792.2456317069363,796.4942087995802,0.0021942045282584933,0.3534937948045942,0.020088688955560836,0
43.530732473854755,792.05065087302,796.2320675855156,0.0023274603490770797,0.5158175719927759,0.009238151961779727,0
45.77090045230142,791.974341778951,796.0250775092858,0.0024000963475905857,0.5503195593909227,0.007898894154818325,0
49.27927805857615,792.0673252044821,795.8976148590014,0.0015618412945300813,0.6054782885656651,0.005738051230120662,0
52.491823274692045,792.3086766211283,795.8439471388417,0.0013620397338272442,0.8233606988738027,0.0036496658736039148,0
43.95204436387834,792.0791550201418,795.5986440960265,0.002487541407496486,0.9261569383076974,0.011963477503225614,0
64.97366580736218,793.4056094089049,796.0270235853263,0.0069231131361160375,0.9596096955816394,0.007258034225728908,0
57.28488084273468,794.0958642590631,796.2170475070368,0.007382182083685886,1.1210208349469444,0.013988572822528082,0
59.31981513923865,794.9204033133208,796.485072001592,0.007319501701448116,1.1456394279317712,0.011336001975630644,0
57.02120169430405,795.5091508458975,796.6740633315849,0.0074151497901500905,1.2767670222310836,0.013419049216843722,0
58.692741643755404,796.1942230718835,796.9204125027684,0.0073942058059921125,1.3762450385681122,0.011398982483815268,0
54.81830483475023,796.5567873283992,797.0461009630386,0.007570070402329852,1.4414557203163816,0.014812469482421875,0
51.117108571608554,796.6228255967804,797.0544095028442,0.007713862631774715,1.7092608557557059,0.01831292014542176,0
56.15944028507524,797.0969568976761,797.2393501651668,0.007848696433136779,1.6999372872245118,0.012786926537151726,0
59.661875624127404,797.8497957755376,797.5546360032367,0.007907819671186943,1.4763601296509603,0.008509286442158386,0
59.91545483884089,798.5547195460517,797.8668291669331,0.007509174303730301,1.5013670058344373,0.00819618203779882,0
62.64656313424642,799.4496729110231,798.2753409018684,0.003954808511665323,1.3685099276303583,0.004826985976834063,0
62.69723721486621,800.2641244711517,798.6688164195567,0.003142690748934385,1.1674755238870032,0.004764821269724629,0
61.35240262758704,800.929545517103,799.0155929960589,0.003129330200567025,1.1958405062113246,0.00569832838146485,0
57.541988789610016,801.3267831110525,799.261177041356,0.003191157152046538,1.1599839844420294,0.008384051924840104,0
61.603228361016285,802.0100303127157,799.6336564631753,0.003379073097027931,1.06721885341546,0.004143445375309214,0
59.35535655191252,802.5091303555787,799.9403850378604,0.003177563197343625,0.682128817078211,0.00569832838146485,0
61.98458071164443,803.1702330088812,800.3229564478547,0.002818674528876036,0.687970031500979,0.00296493093176014,0
65.33270763562393,804.0588628602987,800.8123414249623,0.002598937927695336,0.7617021276595745,0.0043076923076923075,0
61.687794876011225,804.6818771125569,801.2053155356516,0.0026196836880341763,0.7924494558089625,0.006661762369483325,0
62.16636605217232,805.2836477897541,801.5982056098143,0.002617326344660038,0.7878644576348575,0.006165228113440197,0
57.07963649886261,805.5756986308262,801.8687938408613,0.0027115078956160346,0.7701806026741169,0.009463752885645023,0
49.86665190133499,805.425622971551,801.9541319435435,0.00321000230536463,0.8422762926204578,0.014925373134328358,0
52.11380794949393,805.4327068876847,802.0959989177234,0.00328839865300053,0.8097518606467242,0.01303538175046555,0
49.86708491805537,805.3057737806189,802.1761126489081,0.0032241502716021573,0.8967416210931533,0.014799185145343528,0
46.62042864808313,804.9909240071077,802.1690774857312,0.002910438999599184,0.968453171186105,0.017456359102244388,0
31.91526354422055,803.3917244069808,801.6114636965009,0.005965133855698282,1.0878539296110081,0.03527021994725206,0
30.999588830769326,801.8305502593454,801.028616003481,0.0057077358225347185,1.1596080642887352,0.036848792884371026,0
49.80443489157762,801.8038291334307,801.0493993865185,0.008701181337153781,1.19679347968288,0.018027587083893168,0
49.60430313225037,801.7606036819609,801.0613734710182,0.008699139974946563,1.2063764212630674,0.018281680739243272,0
45.88169835098338,801.36434257068,800.9235670478672,0.008746673012093685,1.1802175810606543,0.023069238938410657,0
46.51572620948146,801.0582094715203,800.813211612822,0.00875388417932384,1.2695833273280197,0.022364185979999833,0
44.81942010639741,800.62408458345,800.6416931420014,0.008641467374075595,1.278296592286625,0.02448210922787194,0
43.82839761516468,800.1408275003241,800.4393285470725,0.00858652830319461,1.297048898887047,0.025705502508728707,0
44.52366292049991,799.7512165922665,800.2649708216537,0.008602925611830849,1.22431745937435,0.02506125559067242,0
46.99647561223201,799.5653822026607,800.1671039809285,0.008635497306827396,1.1435941202916993,0.022812750671229894,0
45.19873107281611,799.2591484158382,800.0156269148977,0.006410164437444377,1.1404647054827093,0.024675111466669446,0
42.14546491936388,798.7392213130784,799.7690838557018,0.006506271629873648,1.0709720437801884,0.027966758060496776,0
41.09046862348141,798.1831005064422,799.4967452613367,0.002013358191161568,0.8347828187660048,0.027430948833773616,0
35.83126151089955,797.2132706556886,799.041128716806,0.0025441386322896074,0.8294248273505943,0.033819827936627536,0
30.473661615999887,795.7405634361282,798.356164310624,0.003114624134367559,0.9131904761904762,0.037352110274424366,0
40.315107164196604,795.0176483953744,797.9520228690608,0.0044501711791004855,0.894110089155607,0.02518552936757776,0
36.609221528080454,793.9588183674094,797.3958061840965,0.004638180841430817,0.8673006651576369,0.030743685209030806,0
34.97967877141325,792.8103532661627,796.78266565013,0.004645351581075873,0.9223479448354519,0.033060461412964995,0
34.60641923428433,791.7284087481991,796.1761936171173,0.004593041512119723,0.9619322694779407,0.030136269019251868,0
37.70828570314199,790.9352244628769,795.6710125218273,0.004622920738215437,1.0127290273952338,0.02412555883316741,0
67.187290232652,344.64611229895667,345.40731855183077,0.00872403603226667,1.3224528606672932,0.000848621762287836,0
65.7741802709382,345.4387286154065,345.7313435672454,0.00889974207460816,1.2907776037989804,0.0029748909382466735,0
59.74585731410445,345.92172961962854,345.9354353544979,0.009492547714756215,1.030329601207699,0.009985734664764621,0
61.96754747612198,346.49690242460963,346.19193178023477,0.008153989908913379,0.6390977632982441,0.005824656121230262,0
59.99994783309742,346.9407876050509,346.4026495073921,0.0077926984671927695,0.6916006142600246,0.008116207185114688,0
59.74457062550165,347.3327260716092,346.59951489512184,0.007713718530030504,0.6677158095739777,0.008403396409661793,0
61.42427450909816,347.7778305302648,346.8275669823494,0.00758753291328861,0.6986546030375708,0.005681818181818182,0
62.2282723906086,348.2233455456153,347.06427894970903,0.007123668164245531,0.7060096823586283,0.004397752133026677,0
66.49024404532565,348.8694567581265,347.39742141546725,0.007074474587873625,0.8064518194812313,0.0,0
65.86249656120714,349.43483574660894,347.70732528135716,0.007107652592865628,0.9920168500260024,0.003945953952172726,0
58.96807668018534,349.72702103816965,347.90743760946657,0.00442039101981695,0.9947516194740609,0.010496488530585107,0
59.757049196173774,350.0294569965364,348.11536800171297,0.004415611816445564,1.0015016971234614,0.009351143008279179,0
61.925268768476684,350.4078847854343,348.3598569422989,0.0037564883218705507,1.0175869449980206,0.006214723748675847,0
65.88424674983526,350.9598866021058,348.68483442097295,0.003998887328840103,1.1823716219404365,0.0,0
56.6562890892922,351.1543012209992,348.86330088969436,0.0050681306076012225,1.2953050471436494,0.00906519038819051,0
53.86344753004514,351.22535862655536,348.9886238572282,0.005196613321371064,1.4394356748455224,0.012219432751146274,0
56.18920279260354,351.3944561807406,349.1538322472972,0.005220259787401401,1.4643593092682732,0.00906519038819051,0
58.15129611334846,351.63795202419277,349.3509745275912,0.005268696107055171,1.4799292209025126,0.010877173197229854,0
65.57832243819007,352.2631646461239,349.7140200041787,0.006102930180828481,1.4452018274769736,0.004745900702176903,0
61.43422151763663,352.68587724477385,350.00011307927895,0.006304722314005531,1.293225253131269,0.009251437286336322,0
57.155519963005275,352.91110568325865,350.2065589811629,0.006098508032196497,1.2635186453006995,0.013941733212838819,0
58.92913352032304,353.20537481478095,350.44300905182286,0.00612904551944733,1.2756883802659864,0.011235955056179775,0
59.77851352378948,353.51447221545965,350.68778423846175,0.006082128213897984,1.3304401987340122,0.009959286495708874,0
49.08880017930186,353.3749630775213,350.7432067805574,0.0069798589429444806,1.2242929477676594,0.022582055056642812,0
56.101649616676866,353.59644578424195,350.94458302949215,0.007244039462579261,0.876571766090595,0.012088804175991959,0
50.833441657537975,353.55391796493785,351.0340543262503,0.007591637588614716,0.5036308019974889,0.019396874477997313,0
54.530108571367336,353.71071750638697,351.20283462853956,0.007745005007342502,0.44167935955171267,0.013513478682458597,0
55.92283080798248,353.9287804739315,351.3969357388124,0.007733374311661103,0.4176279153654976,0.011235955056179775,0
57.073309556689765,354.1879824414464,351.6092185209027,0.006661228806976669,0.36307364001212183,0.009392979562164089,0
51.2051874163834,354.1700769277434,351.7057176772895,0.006938511762557407,0.32456737927760954,0.01694915254237288,0
53.16223792172055,354.24912690287925,351.8385324720275,0.0068743628401956285,0.272808985008672,0.014084507042253521,0
52.03839159119002,354.273022226898,351.9457162062536,0.006819311478860967,0.24242732189740182,0.015514809590973202,0
53.10598474691081,354.3422651480391,352.06858975709946,0.006823438446269388,0.2436318683106152,0.014084507042253521,0
52.72681658819137,354.39062581666593,352.1803725038055,0.005393843651633213,0.20718491971640585,0.014513157130909098,0
47.492480880831266,354.22960178023015,352.2012360696985,0.004601221581474375,0.22987003239808362,0.020697441282433903,0
52.88133009128986,354.3029784882622,352.31350171461463,0.004544209361169804,0.24932731353055376,0.014084507042253521,0
50.34128051607978,354.26936039321316,352.37908755074335,0.004249744598858605,0.2560372648271034,0.01709277464138075,0
42.22781817377177,353.8674909542726,352.2858253604884,0.005292854798077301,0.3748267924977322,0.02842454664765199,0
52.65721901670145,353.9753548911349,352.39441703321074,0.007263000162663087,0.4739436565645707,0.014084507042253521,0
50.47648256997642,353.96817729637894,352.4546060473921,0.0069208884050632555,0.5552684664217626,0.017236525031701116,0
51.07165545129642,353.9902578058012,352.524329699946,0.006858972512155709,0.6327273511772067,0.01637489439040063,0
41.422296357911186,353.4959262395408,352.3756623151421,0.008360300977869167,0.7115469508734313,0.026376182709306584,0
42.50548454681322,353.0962983257706,352.2529744149451,0.00836122267013971,0.9279872737430461,0.022044123893857886,0
43.18437824470697,352.76330701045976,352.14721944754046,0.008390800476641204,1.0685434894039512,0.021167030226805134,0
45.825003128228275,352.5715577006768,352.09155827489343,0.008341835344817493,1.3484010436079017,0.01781895937277263,0
44.37642581469338,352.3266407581682,352.0082884012054,0.007970564786673144,1.6672674779308303,0.02,0
44.17589806067335,352.0955258255022,351.9244022714462,0.007956902383027448,1.739194143801372,0.020291529658088864,0
44.17589806067335,351.88642287424585,351.84389997757364,0.007156803654931785,1.584923470097581,0.020291529658088864,0
42.18625326814605,351.61151990008653,351.7308720964357,0.005153601120117294,1.4784637377468393,0.022922636103151862,0
36.31486302570671,351.07707965792173,351.50322473903555,0.005594748452574639,1.9086703635958926,0.031791907514450865,0
35.42980412211671,350.54592042411696,351.2648796338011,0.005500293963866992,1.8916991211185223,0.03328509406657019,0
44.59172950924698,350.3653532892873,351.16111178045503,0.00452123628575672,1.795418403019134,0.023949537500909224,0
38.11961531339661,349.8686456658494,350.9226810473913,0.005464615171330701,1.4567590260285475,0.03433291703047116,0
39.33872923871875,349.4621035817754,350.7116521831352,0.00548484252245407,1.4952618905182509,0.03298609286792026,0
41.14242513908331,349.15618556247006,350.53483670150365,0.005375538532969905,1.347730400266281,0.03104693140794224,0
29.988490893964382,348.1603495370645,350.066016321707,0.008446110565398684,1.5265039720203346,0.054030077158021585,0
40.168708829812104,347.678407692242,349.79017712686385,0.009883909838006681,1.5625646285558787,0.04051295146958013,0
42.81444107367013,347.36617524249573,349.5768188734202,0.010036976681571852,1.5870272029226462,0.03658538422420177,0
43.02317242990921,347.09320414332956,349.37593817691226,0.01004500746677473,1.6258648076010256,0.036284470246734396,0
36.55705967936523,346.41765634967396,349.00507971404704,0.010496997724309218,1.0545320913878815,0.05,0
45.310489430938354,346.2302605294963,348.8249682928736,0.011494581314753068,1.1379796497418821,0.032370426771193395,0
51.321332285256574,837.3037845308484,839.9746491882705,0.0038753353654788435,1.3962869111030665,0.005901653898099851,0
47.22099800924591,837.2747879655595,839.8468618495367,0.0026336765577114015,1.3255370535146815,0.008004793556787635,0
45.64986453093423,837.1817620385741,839.6950606293036,0.002680539760245197,1.1171696541345302,0.008848528664446688,0
40.935339889564474,836.8829519958637,839.4543219969701,0.002874242133311103,0.8554229675498978,0.011570079198248089,0
49.11075722917119,836.9227354411638,839.3627627554033,0.0028477848059807486,0.9604786360436923,0.00764364565552218,0
60.58903732471401,837.5643890972414,839.5443749766074,0.00351226383779576,1.1490255655517838,0.0023113271089268243,0
62.24963508373931,838.2544272843982,839.7663093860456,0.0035121048687157272,1.155961367152703,0.0009469552610419774,0
61.40169303375847,838.8452061330971,839.963499125559,0.0035526602033843905,1.073156561548651,0.0013617897593496831,0
61.72259713100057,839.3986589029215,840.1602399863523,0.003017876510525252,0.9369377681413479,0.0011246683767445402,0
62.642343046579036,839.9517229107881,840.3712269353028,0.003012204375830465,0.9662585096175812,0.0013014382040354984,0
60.50720768869335,840.3805201499875,840.5415316742015,0.0030485208662494787,0.9638505003744298,0.0021907461178222436,0
59.20328765467431,840.7255154922448,840.6855702456694,0.0029290251668314298,0.9014190203301952,0.002725104020105154,0
62.40257132784943,841.1948646520615,840.8918285368542,0.0028845029376758057,0.9148634984833165,0.0007685961806204633,0
70.36558640225397,842.1197866072893,841.3066721403835,0.0029515272603987262,1.2459574468085106,0.0032906190065006133,0
67.71768877108946,842.8707393166452,841.6662104932301,0.0030140653117562005,1.3687103390808282,0.004352955537683823,0
67.41421809463273,843.5405631976591,842.0060163255525,0.0021498185870012444,1.3048095217025797,0.004471099757396213,0
73.85171029695277,844.6324811280155,842.54117310144,0.002722889173736063,1.3400746920458995,0.0032748395239400583,0
63.97684595105395,845.2677675949933,842.9011956017333,0.003217591788074821,1.3501108579171028,0.007635381291207962,0
57.08929165669649,845.5471427136231,843.1185877600117,0.003514751267956896,1.3666060860245117,0.011318056410961603,0
52.74910132449772,845.5902878696634,843.2365884769367,0.0036391442861469143,1.404388370817334,0.013947976114620272,0
48.673524995473066,845.4149639350178,843.257577454075,0.0037345030350204077,1.4284038705893853,0.01665183738425926,0
47.27493495418298,845.1801358283042,843.2450246682333,0.003742439494478702,1.478691839745396,0.017616674026798992,0
42.954865005974916,844.7199950497559,843.127056330089,0.0037714378255452354,1.5480643681405934,0.020765172504305908,0
43.383477424877796,844.3227534617562,843.0222058552761,0.0029540028045697284,1.1891601775707734,0.020522277378521303,0
46.31550942054643,844.091965827928,842.9766158694258,0.003087281534108323,0.7469315543105672,0.018885809380956076,0
45.74844432834622,843.8545854659561,842.9207669601923,0.003081021676462936,0.4443116679425659,0.019249064492608263,0
48.89269939074081,843.7731814942001,842.9239770205895,0.0021561453538115486,0.4269767441860465,0.017556331901505042,0
46.50823121775462,843.5899887302118,842.8805211764069,0.0018989754389175516,0.4633619464498892,0.01894638316753511,0
46.50823121775462,843.4242483929197,842.8388755143088,0.001699087749782336,0.4538578810857901,0.01894638316753511,0
44.53692154316621,843.1885749460275,842.7626352902331,0.0015794392558088116,0.3855027650591663,0.02003683374914947,0
46.569446165647584,843.0467896993711,842.7197937688169,0.0014589103193448404,0.3566612510154346,0.019127926045434607,0
44.688258781428274,842.8423132023955,842.6465072557097,0.001459034637375474,0.35138857483503605,0.020097470434350517,0
45.135670751451315,842.6715984273694,842.5822794273124,0.001064314568347738,0.32983411632644577,0.019915582002390027,0
43.61559539318788,842.459999591646,842.4965854293961,0.0010911781655425655,0.21693265943837425,0.02064367342963833,0
45.58900206688153,842.3257017308272,842.4385044457437,0.0009744566562402517,0.21918745860013245,0.019915582002390027,0
46.59544824645471,842.2327685300286,842.3948407436598,0.0009797334721312403,0.2786638871382169,0.019551925696051804,0
44.106076029504706,842.0677318672138,842.3189018999557,0.0008179047559571513,0.3111623549758593,0.016061867935752528,0
43.80960119592264,841.908892930241,842.2420658964448,0.0007270615079495344,0.3594857425416185,0.014695353673446236,0
43.80960119592264,841.7651832627762,842.1683674826126,0.0007270615079495344,0.4292171816685598,0.009757200063853055,0
42.48440299286913,841.5970622050723,842.0816818378308,0.0006675242889607492,0.5547433798964102,0.009642828078497024,0
42.71758498383801,841.4497151509239,842.0005218574461,0.0005736189279115576,0.676586162744492,0.005773509542969063,0
21.88356178903466,840.2782683145475,841.4875587901299,0.00409936642732027,0.8735347069413882,0.017065624992178754,0
25.474681924728102,839.3136381056813,841.035307332447,0.004155786110085886,1.14,0.01584046617138604,0
34.11797072373544,838.6932697705352,840.7070237469583,0.0043933287386696855,1.5402325446867589,0.012608069349071922,0
30.14034145049534,837.8653143372123,840.2804869575051,0.004415446957398128,2.057054756120351,0.0160240816782756,0
30.14034145049534,837.1162163337603,839.8711964965702,0.004401881849501901,2.3007331087774916,0.0160240816782756,0
30.14034145049534,836.4384647066971,839.4784352061832,0.004422053974957654,2.359211864860524,0.0160240816782756,0
30.859505561172753,835.8443130973711,839.1094709476919,0.004433709470040067,2.3230276276992825,0.015116824389830405,0
29.470955378325456,835.2257922586482,838.7215898370995,0.0044144042427153975,2.288503142062429,0.016157261480107182,0
31.615229484944976,834.7185669957512,838.3711709090736,0.004452961361157025,2.267831994035291,0.014760814121735825,0
30.87993945410541,834.2215523900721,838.0189601797089,0.004439214813844289,2.2308551372048497,0.01525018012545208,0
32.568853571723395,833.8099721345395,837.6967722829941,0.0016625128227386733,2.0204417217475417,0.014760814121735825,0
28.95045638130391,833.2566339590018,837.3121502262629,0.0017664009928871221,1.7787745429925523,0.017089401466259056,0
27.235419971650273,832.6607567546051,836.9033029129791,0.0012972224569014438,1.5819502074688796,0.018319255639737003,0
18.82743655907332,831.4549570253401,836.2334242395542,0.0027031117691535354,1.4178466893441974,0.02701222489519817,0
15.214420898437709,829.8878025372397,835.3922911901356,0.0030639598336840326,1.34015321982753,0.03276075117427147,0
29.735511181097223,828.9460985089232,834.7827891831487,0.003953474751862705,1.13198368061365,0.026463429520769816,0
26.861886305722265,827.817887059525,834.0828548648111,0.003980411459201524,1.0427438725173686,0.030106519833699923,0
26.1578406104107,826.7256968983401,833.38119635986,0.003982204184796882,1.0461928542009884,0.030440420609135887,0
29.72821920041484,825.8661021008071,832.7609384463485,0.004055608945946675,0.9618644067796611,0.02873914595717298,0
34.17147376894734,825.2550422033793,832.2346125821532,0.004208642948247327,0.9421059620236356,0.023857450121105756,0
76.67466204871582,802.711094563387,800.0238411992171,0.0038850750282687346,1.4777170313685637,0.0014672766923683254,0
77.27175652758174,804.2324828274857,800.8239995483693,0.003691363552524489,1.5464527597531683,0.0010382649002494788,0
70.80621978022091,805.355466002983,801.4735110196181,0.003912372996154149,1.4267636971159314,0.00428921568627451,0
68.3653809901526,806.2709045168036,802.0482271585522,0.00398408771958369,1.3633372522559104,0.005583149548825166,0
63.22404561420634,806.8794454844091,802.4988037284064,0.00420847228643563,1.2158575954406587,0.00842918277259202,0
63.60846283238524,807.4584605003726,802.9415262252331,0.0040950388838442275,1.1832803437037387,0.008057060944235138,0
64.6046199073999,808.05369929205,803.3958363725459,0.004059731265243209,1.2084726658603167,0.007127919019242988,0
69.41346813804351,808.9735216670584,803.9980600435521,0.003969447284517742,1.3047299407026671,0.0036688271434688912,0
63.174317532815216,809.5481083232145,804.4599227252147,0.004233179387538159,1.2608996300277868,0.0069938800086273,0
62.948695569443856,810.0583258548503,804.8969911294226,0.004077002749030755,1.1964048372664975,0.0071174225293944675,0
63.09065421465686,810.5293885391098,805.3188300283024,0.0024931751572524626,1.0607527608617016,0.0069938800086273,0
61.94026078407202,810.9126170893833,805.7032900412795,0.0024494287526268007,0.9409435403822671,0.00755021116718208,0
62.67323119376192,811.3021807525635,806.0895406631372,0.0022649951917414844,0.8168741868004935,0.0069938800086273,1
62.67323119376192,811.6545906347592,806.4588826610114,0.0022276083348494705,0.8658309139489352,0.0069938800086273,0
65.96707024156987,812.1592230576017,806.8927744338039,0.002097965156960655,0.8796655304497407,0.004590244132403142,0
77.87924532181209,813.6686981383224,807.7638602295849,0.004608863264409351,1.0464600331724057,0.0036231884057971015,0
78.95604104211728,815.177191327108,808.6590624070858,0.004597642355486433,1.084112470979392,0.008257957306735985,0
80.61579265920585,816.7753218807774,809.6164140895332,0.004497034376164001,1.068808102692637,0.0052887352777769014,0
69.84111135609753,817.797135753168,810.3501159004142,0.0047890454551080775,1.0965639674789494,0.010694834544939576,0
59.04975130058667,818.1832627124796,810.8210626356982,0.0054679650975576815,1.0885401696366759,0.017643122748360773,0
56.63144973362281,818.3944532496233,811.21266391604,0.005528573528466511,1.1260178142389052,0.019441675642643486,0
49.09064031838554,818.104415551287,811.3815217042714,0.005935670074056497,1.133706541899551,0.025755811159384294,0
44.884727045551486,817.5276460524323,811.4087605632158,0.0060745175695996,1.1107468972386654,0.029924251164651215,0
43.02033997574693,816.8581812036064,811.371786778789,0.00609239887973866,1.034629322868221,0.031893862536628625,0
41.93119564351032,816.1667691359072,811.2998047941962,0.0060053264758658095,0.9443253422329434,0.03304100890151341,0
40.10867857747138,815.3983478393158,811.1699909472834,0.0032338480664317495,0.7189798973028209,0.03495854579071912,0
40.38775631223117,814.7174283423265,811.0516899541221,0.003031723853765038,0.6634572289513222,0.034766440564104543,0
41.84663818332819,814.1728212898857,810.9686752428929,0.0026659502285232757,0.3588233425549979,0.033807139166795425,0
47.05596117472706,813.9468033282335,811.0022696436438,0.003139988761085519,0.3051516640330726,0.03024142419577083,0
45.41310168808355,813.6423046454893,810.9920872794224,0.002621693369553597,0.2990217801694055,0.0315756713980111,0
51.02502888081001,813.6716137175009,811.1113412332815,0.0031010783433029414,0.2847454615452957,0.027520072538814257,0
57.55934236049372,814.1219884567009,811.404874132968,0.0030419304359256636,0.3262333862970912,0.02193297976099934,0
61.86857854200254,814.8628280674225,811.8270930454146,0.0028279081613386534,0.3534704196955853,0.01758115432856503,0
59.45381706748278,815.4092726412036,812.179667699753,0.0027894704163924093,0.35401212607484556,0.01919327378574919,0
56.01298805948914,815.7227021349263,812.4414599308473,0.0029251288490932978,0.3741698724235522,0.021558523409967854,0
56.08499919498667,816.0110376293126,812.6945117555027,0.002767202200109875,0.34588030456536784,0.02149615338740458,0
49.533693043061575,815.9147418613377,812.7869079698264,0.003335156456970387,0.35866587266219974,0.02355829718654141,0
46.9357551043377,815.6704635570113,812.809454414634,0.0034547569454931593,0.5239827187135996,0.02317580031586548,0
51.577050606263974,815.7161385317072,812.9431075992167,0.0034530305466374763,0.5613821129521517,0.014396862891029944,0
39.693064449105165,814.9097994990223,812.7155120892272,0.005007720049994568,0.7154860056245141,0.01882937405640291,0
46.61423882569006,814.6231413467389,812.6829358438581,0.00521213231863939,0.7566690566342541,0.012994195683862106,0
32.766702567139134,812.8494365861267,812.0169904219001,0.007625653825933611,0.8111386446592462,0.033228658551546796,0
40.38360779786079,811.8494510647364,811.6313755777911,0.008080506139355735,1.1213392735611003,0.025051457883344685,0
41.56258992887874,811.0447169306384,811.3032501832035,0.008163303615907008,1.1964575686541798,0.02371170925326064,0
42.265157796214375,810.3737712665901,811.012309865956,0.008211031509613689,1.290592985703674,0.02294777637690454,0
40.76948799427429,809.6048185177115,810.6654517519574,0.008185624002079539,1.4651769020364047,0.025115324343320516,0
40.9680221109278,808.9233915639835,810.3385707464095,0.008157249110632129,1.484173128120964,0.024923670877632215,0
39.358122419073794,808.1449559260344,809.9572732030916,0.008157948327431361,1.6192684392726702,0.027099609375,0
38.92210178495637,807.3978009990112,809.5734543219571,0.007983152778843946,1.9603125913588888,0.02767715200789499,0
35.79085388554725,806.4075161238196,809.0739991602262,0.007403039127542736,1.7769953629795154,0.031932261238433186,0
38.91797207065658,805.697265901571,808.6720480688301,0.0071231482520619305,1.7246528552548017,0.029413604907625266,0
38.60647178416551,805.0260899961203,808.2743389582569,0.003286521422589358,1.551705914462636,0.02980027179042516,0
34.71612820524001,804.0474015001269,807.7378966335075,0.0023464986820957824,1.0536389715380314,0.034287511796162316,0
37.8299651889936,803.3333533475097,807.2943279916283,0.002465184844232255,1.0407783293110051,0.030883230177749427,0
32.26031198781226,802.1111156652038,806.6287679993586,0.0031733382817812463,1.1729572279679328,0.03725491740294908,0
24.914666061958016,799.933844708948,805.54419556503,0.005089431177194149,1.2517702713477026,0.05068976580044915,0
35.22193675104096,798.6591800982095,804.7920653191043,0.006373979590433558,1.2755334254598933,0.03801414389180897,0
33.23635265336088,797.2249583650711,803.9532242150011,0.0063987383895663195,1.3667658916391787,0.04192194696857936,1
30.884689293332826,795.5749523942322,803.0014818641847,0.006419628191943739,0.7336155810201597,0.04628795288608863,1
32.14238026752383,794.167803447714,802.1233178011114,0.006493333688002976,0.7450758326211858,0.04252050810204972,1
40.27113145601561,793.4899121188975,801.5273049241559,0.007126329180938954,0.816500430245746,0.029540690376220227,1
67.16837038062883,711.6296869105803,708.479730909791,0.005903518754363574,1.3125002411932312,0.0008998746259183157,0
61.99787267676,712.3761455021495,708.9510009532177,0.0058839415084916274,1.329374388172753,0.004934307780576136,0
62.160089177614886,713.0655211391525,709.4067620875845,0.003278046145898965,1.2081612948140552,0.004724881224869435,0
62.16008917761489,713.68898900727,709.8414598050141,0.003196585400299444,1.0934783009015314,0.004724881224869435,0
58.49141909389366,714.0716235992487,710.1754484203387,0.003359552894796539,1.00060056975104,0.007384683994459637,0
58.49141909389366,714.4177019118102,710.4941956421543,0.0033461086864843,0.790850302243258,0.007384683994459637,0
61.21606673972544,714.9166934239024,710.8808286614446,0.0033884228336201546,0.7422069837995512,0.004655006561925768,0
61.97420971157155,715.4204833044356,711.273177929976,0.0029674469557933146,0.6249024802683426,0.0038877919265625557,0
62.966483370569144,715.942922949865,711.6773140323994,0.0027305328825224166,0.6101220872680421,0.0029129914201963454,0
65.84580746752123,716.6156996473997,712.1513312819146,0.0025630759830886137,0.5893930515834365,0.0,0
55.26832178484722,716.7667234715381,712.4038866279321,0.00300617150146726,0.6774014666001873,0.007309941396222942,0
55.168928423111545,716.8985745666919,712.6432022440383,0.002752320849492359,0.7019144313379877,0.007380056551962108,0
56.51667407105895,717.0940946780768,712.9052314222058,0.002781170853534456,0.9451052578123127,0.0062591277885731015,0
58.6104530132135,717.3900950927124,713.2076029170148,0.0028409090567838562,1.019039873784975,0.004512635302574452,0
48.62536518697054,717.1861526195761,713.2920723049101,0.0035253065163323724,1.0933311907440142,0.01146453996089654,0
47.567574330934406,716.944483770778,713.3481143834829,0.003526395323657837,1.2117149367435085,0.012313702501002236,0
51.97438435407112,716.9497736612988,713.4985171684493,0.0035869700233200383,1.2426956885726246,0.009762900976290097,0
47.82939765406394,716.7401771047954,713.5499581446495,0.0036621851831340254,1.2967609672710907,0.012941587967820916,0
52.621911364571616,716.8030452978334,713.7079130765084,0.003899845837315713,1.349139047226824,0.009199854141806086,0
48.29488887867923,716.6312634295434,713.7608271237194,0.003795675979993403,1.3235700829056956,0.012587412587412588,0
43.69962546338476,716.204336496408,713.6949752685732,0.0034421977518774055,1.2388961895181323,0.016639718008417306,0
44.00156078662928,715.8323816205502,713.6380410759053,0.00345029823127502,1.2397817502158746,0.016425680763077422,0
43.33406010112838,715.4577692235013,713.5672198457858,0.003386459185082563,0.9805008099274457,0.01699673433203844,0
37.0531339503183,714.7235147491726,713.3305407454296,0.0035530147093352058,0.9387737552670049,0.022960084775697633,0
35.58105792287529,713.9544391759264,713.0591366446002,0.003062962591820715,0.880753275044193,0.02455243046276506,0
42.31252486156641,713.5444120750851,712.9208323963418,0.0035185275662879202,0.752847535155454,0.020221200721842938,0
43.270022162882086,713.2163105312986,712.8065477398956,0.003276325710901626,0.7123758422984091,0.019574742841799036,0
41.30122129632258,712.8051676679248,712.6484834548155,0.0032005666480559884,0.6713514648801695,0.02130057140062635,0
42.011584744177995,712.4617681458896,712.5091263320757,0.00283196937080526,0.5986778759398752,0.020868566748766925,0
41.471102039939524,712.1225085283099,712.3634520856222,0.002728606073054159,0.5613860961955901,0.02130057140062635,0
42.27092164286963,711.844141449174,712.2359124344986,0.002513902301162471,0.5458171847942608,0.020868566748766925,0
42.69252040146379,711.6065755158693,712.1196887778435,0.002513926425834617,0.48900419060005057,0.020652745356001857,0
45.00023191685415,711.4678424530274,712.0404493650398,0.002559125901021443,0.43382228348728463,0.019502886868679577,0
44.51758834101908,711.3232740766402,711.9564364815893,0.0016552375139251177,0.4453475782924218,0.019790108530727907,0
48.530124777065424,711.3210561532964,711.9300800265582,0.00158150663033659,0.436302949811268,0.017854649831271642,0
49.832596625207145,711.3619109821291,711.9228565519024,0.0009621115786650756,0.49442265415963593,0.017211099402880226,0
43.85680886113945,711.184574211739,711.8257566105866,0.0014425355482289572,0.5816454069555103,0.01205072275259866,0
36.52034576296415,710.6907752214587,711.5924807195123,0.0020713283888300865,0.6066372170222399,0.017067971378142706,0
38.87980428978222,710.3154426523465,711.3987374452946,0.002109334893643315,0.6373669125618763,0.015988663308056244,0
33.74676588409207,709.7044200335748,711.0989585658575,0.002411539126979877,0.8312356217659272,0.01640856285320226,0
31.252149325569718,708.9992042600086,710.747466520517,0.002422101118884835,1.0668144990675588,0.01694436084423016,0
17.497329171849984,706.8563356127195,709.7795619817389,0.007172934617855555,1.3134787841642388,0.03983973137063001,0
28.537822742995232,705.4080621220958,709.0563791873029,0.00785546583969405,1.563349691205159,0.0313019050310122,0
34.49516554196876,704.4072632542377,708.4920660625805,0.008170911576398633,1.5802541582465413,0.02647857638862661,0
41.3774313726887,703.906558734892,708.1199062032332,0.008502762672865836,1.6204861968197344,0.02023880838846416,0
37.66704955082553,703.1011513667275,707.6154878060173,0.008529427555374081,1.6518120268549275,0.025666798867815206,0
38.70682041028186,702.4343562533926,707.1573014614747,0.0085806517963777,1.578173499648062,0.024709111923977952,0
47.9192577883667,702.4406081784799,706.9720999697491,0.009163722822074541,1.6238445796435974,0.015373648103870107,0
48.69771675092235,702.5034063439847,706.8182063665788,0.009160117712921257,1.6508483590666194,0.014507200343067765,0
51.92243750633127,702.7983230947074,706.7698146011983,0.009147383896149872,1.4877050633509834,0.010912716090497425,0
55.7560289570095,703.3699196682212,706.8504182540801,0.009189576310880377,1.2639639099678832,0.006348758574350302,0
52.31646733914883,703.6537387671427,706.8305589307244,0.004631156869237485,0.8578289579785432,0.00983933240921544,0
48.19951475652201,703.6105261283983,706.6865534506354,0.004840212628909883,0.7629315097898819,0.014362877432607233,0
38.67805541714196,702.6999875076042,706.185549702153,0.006547245583641775,0.7924451795181843,0.027735754396039508,0
36.5132829031004,701.6333102018002,705.6035606906777,0.006238668574316903,0.7727126260347887,0.031525651182890455,0
29.81765505101528,699.7634523740563,704.6685379285974,0.0073455153866844045,0.9766348408576161,0.045894410253619865,0
37.48491421859367,698.6335918355298,704.0045404434247,0.00805092561484803,1.0511672689053064,0.031981391509237254,0
33.96318531906516,697.1160955978461,703.1612487146131,0.007372610271943592,1.1667178504234132,0.038962904804915925,0
31.768825988443965,695.4050284844252,702.2111672597168,0.007284482841457844,1.1756329314922322,0.04439367193562007,0
31.583086749128142,693.8283461793004,701.2871321955595,0.006960673139019525,1.1304003315640025,0.044855289536909614,1
36.88111820950175,692.7827807150117,700.5581106225002,0.007152598542334014,1.1444551482588647,0.03873473405975466,0
54.677963142670755,210.57617943618456,210.06139800653892,0.004873262764300472,0.8236555273864505,0.008056548273954748,0
60.79364520726428,210.71208466421842,210.14467800829013,0.0035123844260984043,0.9055000050911831,0.0033490882729584315,0
61.2487052505734,210.84262604701914,210.22750714548425,0.0020148096188921903,0.6766178571706396,0.002970600138500418,0
61.48934369128462,210.96450287353358,210.30821380405618,0.0020175105567838266,0.6054551179449503,0.0027814991997983526,0
46.84216930573054,210.89634233148078,210.30573971635977,0.003584273797559547,0.6550219992183659,0.011700388650973543,0
46.20823523389539,210.8251550814678,210.299142184755,0.0034383075488899433,0.622155937323013,0.011420457887120537,0
47.359053448521635,210.77507284642394,210.2991785375109,0.0033977414206739147,0.6274364177421059,0.010699001271275507,0
51.25235799888426,210.7793575652019,210.32110608003597,0.0034896001821767934,0.5812496284995344,0.007589369078552145,0
50.94019186047774,210.7794187009171,210.34037044736712,0.0034568826377564628,0.5957299675879516,0.007069007978903229,0
51.65352681166338,210.78805367851191,210.3625428568097,0.0034537574279936453,0.5459545965194904,0.006639205139144645,0
52.15300411452119,210.80158394438757,210.38623603671985,0.0034487736835859388,0.6435640529832324,0.006352873669983047,0
45.26939219563949,210.73566479608115,210.37473136110776,0.00320117572999929,0.5116255533740274,0.010280346750914994,0
41.52620744724096,210.62647248131088,210.34212795710172,0.003202728187389666,0.4877229818838065,0.012786907683560127,0
40.89594782294232,210.51911730576768,210.30722142642995,0.003179356043686784,0.5567172295363481,0.013221977434181086,0
45.54430364216796,210.46678874671986,210.29327468482865,0.001927329488322532,0.5546503475600145,0.010953960272354521,0
43.88355912403847,210.39943799137615,210.27126644946088,0.0019447921251163748,0.6964733948460206,0.011966103315011292,0
55.19426280144016,210.46714429123043,210.3058096873635,0.0028632495607657108,0.7664483941378234,0.005494783092963979,0
47.81391199095601,210.43692589567368,210.2994050318715,0.0031423745097660153,0.8400927590715921,0.010088082024978962,0
48.432736483431164,210.4172102348337,210.29655740765696,0.003150045544117198,0.86649118933613,0.009703698741285967,0
49.79508428169845,210.41556997944446,210.30079337905616,0.0031615415417116884,0.9814097626901893,0.008887882272927238,0
50.04588524393654,210.41694402744622,210.30607522600235,0.0031593494705394144,0.9424774733776281,0.008744055793960296,0
45.11111411279622,210.36007576740883,210.28623713852576,0.003045690860215785,0.9772067870759975,0.011676660293202617,0
44.95456145549838,210.30672095462998,210.2664239244715,0.002933355495816312,1.1156881236977738,0.011344087652068777,0
44.70401461973971,210.2555924615599,210.24622662064738,0.002928963618256322,1.0371828541625319,0.011345709946843375,0
51.751021547457,210.2788745687935,210.25653647282365,0.003051515153357078,0.8832169746748801,0.0039430015727063535,0
45.9614929328095,210.23611614575944,210.2392323921725,0.0032245350752341745,0.7195511396843951,0.007148644078112957,0
45.79675530205181,210.19552600373603,210.22184230157686,0.0023189406191197713,0.6908352749792552,0.007244670369134555,0
45.901244595738596,210.1597564043736,210.20558340508023,0.0018637433435263456,0.6097448348800143,0.007196618311535272,0
48.055847861954284,210.14644468569105,210.19808391556614,0.001890644829191408,0.5616222555733354,0.0062374894388359204,0
47.14576176997081,210.12582741739908,210.18726294397166,0.001865007665438933,0.49314570896111687,0.006668933473625328,0
45.89786542206883,210.09574469850588,210.17205282540493,0.0018631667618898148,0.49761764352849697,0.007244670369134555,0
47.39730353900515,210.07995704197666,210.1623044777466,0.0016329686758095395,0.5310481670153734,0.006668933473625328,0
48.2976079352349,210.0723413219958,210.15577498381424,0.0016342526530864995,0.5373741725517137,0.006333342052641369,0
42.09170199203316,210.01211310771794,210.12700869684312,0.001855255527849824,0.9201254179772382,0.009024061151723826,0
40.2991741412493,209.94047688504574,210.09219802404215,0.0013486716822239536,0.9770831213755213,0.009892035642537154,0
43.73940780125525,209.89852359003615,210.0684434328216,0.0010948271468027328,1.031391298272231,0.008735092272337411,0
38.73201971187319,209.8129441648619,210.0256238137464,0.0013008972790223298,1.0526921754212832,0.008612454793099581,0
42.68885741392433,209.76218437581872,209.99576737518484,0.001408465208929842,1.230466056240901,0.007263017399306793,0
43.53042942297349,209.7219737796748,209.96953056903905,0.0013597752860969956,1.2633815107457405,0.0069743323751215985,0
36.75000513373082,209.61892347170073,209.91637939956846,0.0016634243906839359,1.4571835680571987,0.010352778318770175,0
39.504455964868725,209.54378469441,209.87298192917962,0.0017323312930447728,1.6163373208918288,0.009433516273666814,0
41.103586713932685,209.48627928022734,209.83573947830178,0.0017293781628774127,1.621074276188529,0.008902079968497983,0
47.36889478081901,209.4780613217579,209.818357694219,0.0019167097046045225,1.671167027002162,0.006685812779753583,0
48.52288250141408,209.47919889982464,209.8052686285976,0.0017301367379251812,1.370137404337495,0.006253269961542375,0
47.89463853538097,209.47546579115885,209.79071748250297,0.0017058327348619417,1.3665751753583408,0.006159249766499148,0
50.252847972449366,209.48827898083331,209.78352271709863,0.0016858716470726195,1.3963368529670779,0.004293659147291319,0
51.77381025770035,209.51034831061932,209.7809952843907,0.0014528932222362856,1.3914252773528448,0.0037668952962738493,0
46.36173956108876,209.49317207162812,209.76306115214544,0.001557950525022901,1.2722383740769554,0.005636997398650931,0
42.329608070667334,209.44620235334028,209.73273407106458,0.0016327859953064378,1.2959897207006155,0.007224854099693481,0
36.34640050331352,209.34846683380482,209.68058827997854,0.0015153004499074774,0.9876764209160313,0.010027810940658743,0
35.23670455548064,209.24861148776307,209.6257751177516,0.0014770798499049308,0.710538315914566,0.010609656373979948,0
36.96379080700112,209.16778955463965,209.57713181216175,0.001474410906143324,0.5829258850350573,0.008493302899711825,0
30.99858975344651,209.03085495415203,209.50386523858492,0.0014654475661299191,0.5922634104986805,0.010927667256289264,0
16.159807337227036,208.5698157306505,209.29318575078497,0.005281957275345439,1.3956536340230357,0.028453878687135867,0
17.00573932061687,208.15935201465138,209.09372014983418,0.005313293985821536,1.4448389114322575,0.02810146699074724,0
14.58328798733072,207.6860758781863,208.85985245035374,0.005239714219298631,1.5195574096349567,0.03351541649081649,0
13.270480774655724,207.1921594061239,208.60801581442036,0.005083245804152458,1.9435946792020828,0.037037037037037035,0
13.251871983620234,206.7443315458254,208.36584816614143,0.00517891302368489,1.9510155246535252,0.03708822313745984,0
12.373182893313881,206.29439227152332,208.11475440584056,0.005156612410308229,1.953758331171033,0.039501017516941433,0
12.335691639423956,205.88539978159938,207.87288971166706,0.005259835126619165,1.9534274208667348,0.039603960396039604,0
18.08152927641133,205.5563113887293,207.65767272115613,0.005470015630308567,1.9814932537029062,0.03739568047281971,0
40.084931343785,373.31170625268214,374.9477529770168,0.004128447352645717,1.2375825993489515,0.016265593747584725,0
50.86865973011019,373.391721723932,374.91348220981047,0.0035112905876426444,1.2889007316038372,0.01029000712634196,0
49.34694112184162,373.43068286755584,374.86582621512235,0.003515563980866383,1.1942184631221529,0.011235988079693171,0
44.438667461847515,373.3514260182827,374.7691985097593,0.002839710404261999,1.0370800803600948,0.014492737004905337,0
40.30156702816881,373.17003920957666,374.6281330335059,0.0030784155126359247,0.8436588638959208,0.017633564618966955,0
41.82308967242854,373.03459484940885,374.50621275554005,0.002704176512972322,0.8141469347307098,0.016812373907195696,0
41.07147815809635,372.8930121546042,374.38137706764616,0.0026807956798408747,0.820255701933721,0.017359742750483576,0
41.07147815809635,372.7649483162339,374.26217204229033,0.0026742538012370707,0.7851889161302747,0.017359742750483576,0
41.97854796004975,372.6634133825295,374.15461228309823,0.00267425945033239,0.7564213557135534,0.01694911914466054,0
41.51975244139473,372.5620349177307,374.0476652743845,0.0025737295736097884,0.7719545151703435,0.011840672293365571,0
34.94019228528445,372.3178101853701,373.87865991328334,0.0028418166610063083,0.9126927437119237,0.016216216216216217,0
45.41908759951766,372.26845328302556,373.79208720694197,0.002585426395844096,0.8565674315888067,0.007934406411745016,0
45.201350106049375,372.2190401097213,373.7072445629236,0.0025872109469793907,0.8549979462658901,0.008069939475453935,0
43.19382275542228,372.13145250821725,373.60746283549537,0.002431040627057432,0.9107150452156477,0.009291711070442923,0
30.884335113303905,371.69485730840745,373.35693799226294,0.003885640125709964,1.3173624612859418,0.019589205403774432,0
30.024365053012957,371.2665414059174,373.1028444080364,0.0038317324725282748,1.4914906980269855,0.020560968251580523,0
41.9596358102459,371.10774479054686,372.9585801315475,0.004556836780968203,1.5074062815419937,0.01393396594003841,0
36.14953986082381,370.76399538662184,372.73421054088686,0.0048312193513937885,1.5890219750837262,0.019727891156462583,0
39.37808339583036,370.52446974933747,372.5502388580996,0.004914287870421138,1.6087912688745585,0.017651052274270197,0
37.089141041816546,370.22679098326597,372.3393240194047,0.004926513592803877,1.7266714579694151,0.020005460603209763,0
38.669994244069564,369.99082749753126,372.1517060704573,0.004828969387420931,1.613167481735205,0.019034670292318152,0
33.94577272968277,369.60587188421266,371.89859380998024,0.004581841045534486,1.4972254893090864,0.02404696679717632,0
38.65384244317043,369.35762589289305,371.6989844235483,0.00478091427166735,1.5296911793708292,0.017983667856990803,0
37.55566744734111,369.0949306032269,371.49152766009206,0.004781246725555047,1.4959164772248885,0.016775760485797216,0
36.989756401023136,368.8382126402924,371.2846779086041,0.003636832103475511,0.8713701727613976,0.017330802972965208,0
35.40968754593439,368.553564033972,371.0641987493082,0.003651756151418258,0.44717642813648767,0.01886017160413017,0
40.164164722087335,368.38652624023325,370.89143780576717,0.0029746368447196294,0.4510910799823343,0.016221407865448425,0
41.62558501212884,368.26398024619317,370.7380303148958,0.0024410232250322746,0.43870453882569377,0.015390884779476626,0
44.54277362922489,368.21026096634733,370.61526012720304,0.002404417354565773,0.4285424206815511,0.013733988646498562,0
45.75906646423972,368.18547201430334,370.507682676856,0.002288863153263955,0.4468600028450141,0.013045217104838639,0
44.703213531338065,368.13923208318545,370.3944864961368,0.0022836083663378944,0.45787551209980354,0.013733988646498562,0
44.97660333208171,368.10215825242017,370.287986629132,0.0015120886267153512,0.48020215097370944,0.013596193065941536,0
44.73840015582285,368.06385478849273,370.18387266061575,0.0012656417491393784,0.4182752411878946,0.013733988646498562,0
44.48452535559575,368.0244358894653,370.0820382378622,0.0011921656098404145,0.4567155610750522,0.01387190585661096,0
52.34484843279545,368.11735438366463,370.0385943363777,0.001555640194015157,0.5374898149057771,0.01016260162601626,0
49.54676537127362,368.153799529758,369.9768773463995,0.0015331149118052046,0.6241973563933892,0.011533242876526458,0
47.89262058974535,368.1582010328467,369.90566656810415,0.0014469527320271835,0.6375184842970157,0.00420963536551222,0
45.701548215978995,368.1240834122027,369.8213506370724,0.0015072616895706347,0.7226231632387538,0.003534579536959211,0
41.83692362577746,368.0217829648075,369.7104709160033,0.0015631513340963897,0.7733823216519027,0.005448849111876506,0
33.176049646516034,367.7244549246189,369.51816066163525,0.002339666522859885,0.8404880524649723,0.011372962362015425,0
30.930980120206016,367.3887786003975,369.30571685133276,0.0023635109417357485,0.9171225727041208,0.013316791387641438,0
21.836969082308187,366.7041062920345,368.9422375226146,0.003906081589808064,1.037278662782289,0.024569614897322165,0
29.884506426781954,366.2227445136596,368.6513517179675,0.004332834707331019,1.0661482293437825,0.020461755900381646,0
34.63315962270457,365.8777103026912,368.4101276311764,0.004523923253658691,1.0772778904234652,0.017788145562280477,0
43.521954588673296,365.7607814029872,368.26033480274776,0.0048041742488159405,1.2998671073704295,0.012066348471497386,0
38.68571823816341,365.4883180127724,368.0469269739783,0.004940065438056253,1.4384704025515136,0.01694680077134042,0
37.28350039142416,365.18942378261255,367.8202543519621,0.004933917633292253,1.4373706604646648,0.0184903589805352,0
38.5909719941944,364.947567913117,367.6146546163888,0.004992387512319071,1.2239427786817991,0.017647853313658687,0
37.06533053453867,364.676366067557,367.39548058018994,0.004987661901834168,1.112056451951234,0.019193542038953442,0
37.06533053453867,364.4309939638129,367.1851285167502,0.004736542562397898,0.8990598699500918,0.019193542038953442,0
33.5674027899486,364.08994185683105,366.93360612938443,0.004802596277489697,0.7569416533406307,0.022724072469880542,0
30.027375131445822,363.64327345836875,366.63464592695817,0.0035115013517208284,0.7749280354867631,0.026850289539136162,0
24.62653432382625,362.97247700397776,366.2366223687255,0.0038927469916942904,0.8306534829347301,0.034913015918006135,0
23.803196919344202,362.3179479434159,365.83473447581395,0.0036294338838008364,0.9022521580692374,0.03636613722968784,0
25.150661024163497,361.7495662270383,365.458854253319,0.0027242706699631986,0.9414806019525006,0.03563906684980924,0
21.47062309105796,361.0210293818121,365.00888902517977,0.0029143861907842436,1.0160453816223791,0.04123130712188562,0
28.93591017841166,360.5047367637564,364.6363172648473,0.0036046522894410495,1.0448332862960126,0.03627669762392853,0
28.642689116011184,360.0233304711215,364.27269808550477,0.003521318612501513,1.077190485871112,0.03629200577709024,0
28.13101375664256,359.563963413359,363.91370803604536,0.0035429902583083857,1.15261973445076,0.03364296531185922,0
26.98870228286836,359.0959631700081,363.54728851392434,0.003483260517366385,1.226003081251256,0.03143943067355261,1
31.097394413105164,358.7439639551332,363.2251372373504,0.0036774874828158703,1.2983888696299177,0.02701183530777373,0
67.00405204875042,328.95534416023673,329.73891486316546,0.007686023458535072,1.7528362665729869,0.005520758191046228,0
68.27465507409562,329.6086728712816,329.9992912405296,0.005525055936492586,2.004445557573101,0.0034247303629192693,0
66.12021419402417,330.1470290393801,330.2240141892625,0.005789264817571388,1.9292934681140481,0.005070879066461596,0
66.12021419402417,330.63391565735157,330.4383513617463,0.005799132550918834,1.9942834820691704,0.005070879066461596,0
58.52608182311347,330.8882476252789,330.559970960412,0.006154356235809083,2.0136959504435357,0.010951168760107289,0
59.92422093801381,331.17074227708224,330.69933977849473,0.005707279563956393,1.9451979273035391,0.009285625421119261,0
58.19560954527998,331.38333957702326,330.8133832017292,0.005669155941215716,1.9908562275481907,0.010647925541501664,0
59.59040295678995,331.62331468187466,330.94333336768574,0.0050040339178287485,1.9191065719406772,0.009134526404011979,0
57.723798015479844,331.7974787566131,331.04856402840466,0.004287716094511304,1.76713421728957,0.010496325901547523,0
61.213004636259534,332.0694193492744,331.19933566379876,0.002640445361402428,1.2707435842489894,0.006872907074542868,0
60.10010493246929,332.2915802343973,331.3329752717475,0.002636675944976883,1.0403535064133644,0.007625652981728969,0
54.16163067861757,332.3591041686707,331.40240365386336,0.002773075007201837,0.7924571968582904,0.011861898519613364,0
57.24863581421687,332.51073174474067,331.5082492048465,0.0029839458192176616,0.7847594248678491,0.008983380417246877,0
50.84400876389286,332.4906474068518,331.54106707661674,0.0033050131733590262,0.6755683143529543,0.013993453460370219,0
43.80703485608421,332.2628288854017,331.48146772674903,0.003445267361663224,0.8116057945790996,0.020751305594849157,0
44.18520532397171,332.0662621145029,331.4285826283428,0.003357115671820512,0.9490409149581245,0.020442155513210082,0
61.87028324284799,332.49826208436497,331.6415675283596,0.007285087667669854,0.8790207174200902,0.005496155882263077,0
61.54214119924,332.8795515333216,331.84126863719086,0.007292982354591239,0.879407196581466,0.005794984270523774,0
60.167611626538395,333.18638639760815,332.0159899378714,0.007287953243699589,0.8961177668673054,0.00699198470943153,0
59.27649341825646,333.44015793071645,332.1730020619853,0.007232862953157506,0.8322932270916334,0.007741569320425296,0
53.17039210314806,333.4982563253627,332.2497358492624,0.007456437825353143,0.8887066898755777,0.013171754452478725,0
54.020552310140395,333.5793998161364,332.33545503556434,0.007317350854553399,0.8315078226886132,0.012262617103844922,0
55.33040961394004,333.6956780085285,332.4358805639159,0.007277282006405653,0.8238090489012998,0.010902104382153013,0
58.18154635630143,333.8961379379576,332.57275245350934,0.007074583449787749,0.7475326871903406,0.007891675135188876,0
58.18154635630143,334.07749746869854,332.7038628141499,0.00656639427453396,0.5059444532148074,0.007891675135188876,0
63.57432990303787,334.4320919954837,332.91060746981515,0.0066721141639420455,0.3275056234257775,0.0035524341337949215,0
66.48349547637764,334.87197200052185,333.1593393332818,0.003094063970716213,0.3188784631614014,0.0020646283209975885,0
69.23541709956156,335.39377583038623,333.4502854015594,0.003215166163549958,0.40766214059082045,0.0022036138873224864,0
69.95077189651921,335.8992073035396,333.7432561110903,0.003111283357951517,0.4206669757066996,0.0011740354627322788,0
68.24191248281801,336.3231502967737,334.00992448137083,0.0031338392950634054,0.5337595852331705,0.003966522930236199,0
71.55584871448025,336.8543433225258,334.3280265282454,0.002213088643813086,0.6722752964092376,0.006142164787962631,0
71.76060072359626,337.34446017845283,334.6369954549537,0.00226425054900172,0.7726286635990797,0.005847953216374269,0
64.28579904480983,337.64501791639935,334.87286357845625,0.0030960666990908284,0.7581910593100016,0.010279001468428781,0
59.39944932194318,337.81217364986077,335.0548050782599,0.0034153874488032985,0.8644336604673859,0.013553347631817012,0
60.43007262953749,337.99674368942084,335.2433174417727,0.0033949244315982217,0.898373154807782,0.012509197939661517,0
60.73675569111186,338.1732579797919,335.4281036139608,0.002952324249072804,0.9093544874366607,0.012211251499051966,0
53.58158629292618,338.1805672347174,335.5411957296573,0.0031638881193550407,0.94925551255701,0.016999260901699925,0
52.13470172331013,338.1538443399413,335.63564710842434,0.0028251557183959124,0.8260138619580015,0.018052696696361472,0
53.298835407617574,338.1582415215088,335.73824503689764,0.002815837647023765,0.880979726012324,0.017149578898945313,0
49.819335225039,338.0860238683003,335.80467739788514,0.0028628042337358827,0.9445535626913452,0.01956136995527194,0
51.52333676658683,338.0587811107764,335.8843839624322,0.0022962334379288906,0.7353400892274886,0.018354092454352367,0
22.28569803081875,336.66741310959907,335.3880317002804,0.013191253938000587,1.255495500476908,0.06353373633455077,0
21.20217555203169,335.2942755394665,334.8639588471847,0.013199215707478928,1.8621143622236043,0.06749418153607448,0
32.66102768080286,334.42336253268553,334.51659507530843,0.014323605450172956,1.9929031622299398,0.05472943871702471,0
33.856282595376754,333.67825848859997,334.2012211186188,0.0143373000629447,2.2004500662634,0.05327615912832978,0
30.606135965495397,332.7660190750675,333.7990678970229,0.014302623793251727,2.3382679567379263,0.061400782233026044,0
29.865118792236288,331.8835192732092,333.38928219389936,0.014329613755661698,2.3785471412038075,0.0633693972179289,0
28.86176291291133,331.00888000923817,332.9642144237752,0.014299783811293479,2.393841399622461,0.06600553761151871,0
29.18196921924799,330.2270649450143,332.56024768494973,0.014276741790535655,2.4108449820644395,0.0656753810679451,0
42.09655104679984,329.95781515837984,332.3552669911407,0.01547647457992073,2.4226349830018656,0.050702524169148666,0
40.04498486924116,329.5999232402337,332.1108858604921,0.01541027440772075,2.4441899066333064,0.048436502764263784,0
37.42593720082718,329.1237335258094,331.81282776258,0.007222655749075712,2.148187691534058,0.053604416418080655,0
32.93189101454658,328.3976538300258,331.4037698916723,0.007802788560341619,1.5412217798622514,0.060808671206745726,0
31.86840763929041,327.6645361183594,330.979396460779,0.006501146976757161,1.3589600683052732,0.06267531905474874,0
30.41400687632664,326.89647712338575,330.528430696505,0.006428389600370155,1.216913037717762,0.06633285758632507,0
27.861991891737333,326.0063263512148,330.01430743814603,0.006321365262331433,1.1223663830256057,0.07006770856658387,0
31.48609788023738,325.3152413775837,329.5682648116093,0.006583530086239279,1.031490845684394,0.06352941176470588,0
30.19288631185603,324.59949706238314,329.1024440920859,0.006594164984554568,0.97934760352187,0.06670866274809938,0
29.776984761844474,323.9233494605504,328.64335600788894,0.006567597495411641,0.8846520907908838,0.06755909356545275,0
29.128777984162937,323.2687391863067,328.18478870139757,0.0035176055019467065,0.7621562836712211,0.06560485447527956,0
33.461644538278165,322.79552188931984,327.79393488048464,0.004168645478639226,0.8162239515575845,0.0485391542555772,0
65.23695914409853,1663.9465433668172,1669.5126228975205,0.00455321935459997,1.1625270932006102,0.0013653382770143975,0
66.26997608259595,1666.0992954372539,1670.2423801141204,0.003064609346082641,1.2015465316089353,0.00023719206288911948,0
66.04754482464745,1668.0270688033556,1670.9296257467558,0.003187259760197673,1.0577668036786232,0.0016011095853026276,0
65.92824627443265,1669.7609868098432,1671.5808409506537,0.0026565710412044894,1.2253193502602113,0.001660567494489027,0
65.41984953960454,1671.2910452626218,1672.1851575355747,0.0026353799258689334,1.1476246762065236,0.0018981795463224888,0
70.71134271703463,1673.5047320420915,1673.1304341313246,0.0028003462654513497,1.140724946695096,0.00029507229271171436,0
68.13033243972055,1675.3162559832924,1673.9483736014383,0.0029632924007094827,1.2168084619920339,0.0021270165943500737,0
68.31717301602842,1676.9834198002272,1674.7420526774645,0.0025242398203600075,1.1749737575560142,0.0019493895691324802,0
64.51598500815913,1678.224468531904,1675.3825830289254,0.0026276115272725765,1.145071340624321,0.003609453009430473,0
65.33204082497781,1679.4519372209031,1676.0405819534512,0.0026300860305426906,1.1508544277083006,0.002956655474060654,0
63.753074287846495,1680.4574261747503,1676.6234405466873,0.0018841876893595183,1.0721542734626253,0.003609453009430473,0
64.50890072757528,1681.4527757561589,1677.2180328783154,0.0018651942897282845,0.9505312408616825,0.0030752564295910448,0
62.785741658233306,1682.248344545918,1677.7407781835275,0.0018847425482798837,0.9565408775102312,0.0037282084126944452,0
63.64141831140022,1683.0538002743133,1678.2779409336579,0.0018846742856841864,0.8227529021558873,0.0031939578695318353,0
52.634362277190725,1683.058200596188,1678.477370475974,0.00241726933788048,1.0872486948794846,0.00772384302095561,0
54.42157593405671,1683.214643780242,1678.7341736091146,0.0016247841771413964,1.4639661274948088,0.00676679809133529,0
57.847426576415536,1683.6610925205123,1679.1116688629133,0.0017823241640880618,1.4674164365726088,0.004858078709206447,0
56.84087025132058,1683.9982783866435,1679.4441297862809,0.001775610851669431,1.5340592038108198,0.0052750264767852965,0
55.50392289864455,1684.2175838932533,1679.7254044837289,0.0017171499530237782,1.529741583956953,0.005811496456175073,0
55.75295259384454,1684.4350369453218,1680.0028403593399,0.001695341196394031,1.594272241869496,0.005692247605062259,0
55.75295259384454,1684.6317656493536,1680.268453281986,0.0016916411990694975,1.6938797111243191,0.005692247605062259,0
63.560128900873686,1685.438505060955,1680.7921514340132,0.0021353108307586807,1.8210914200719042,0.0034847466181202064,0
59.13367272364452,1685.9206837268805,1681.187729792007,0.0021890235853916167,1.8368635796467967,0.005028098195800059,0
52.74366531818906,1685.9568226556569,1681.3957293351355,0.002318235770071474,1.7172434372106902,0.007531252330035029,0
38.934834484976186,1684.7701936232218,1681.0749557280817,0.0030408809075195666,1.403976143141153,0.015237526142814461,0
52.20106604899783,1684.896865115884,1681.2788157206332,0.00397419076201162,0.7844812501426495,0.00765080635837125,0
51.4370624620823,1684.9352705847707,1681.441732619671,0.00392469876440541,0.7512597031186163,0.008129087269297402,0
51.816727604538244,1685.0081093534734,1681.6140270654043,0.003925176392391361,0.735315413159562,0.00788992656663423,0
51.17036149937059,1685.0168598278042,1681.75489869255,0.003923309813494387,0.7359239241978517,0.008248783226781086,0
51.05607338536216,1685.0152539125097,1681.8858807757292,0.003922791932054592,0.7015895459417547,0.00830860534124629,0
55.05675275592735,1685.3662204496177,1682.1606020267752,0.003988796386794366,0.726047283284944,0.006099395467488035,1
55.48045507694429,1685.7218555887098,1682.4400673831785,0.003765269977344159,0.4550676477569428,0.005861124005184032,1
68.84404156122773,1687.6533010968265,1683.3878812648636,0.0049141110441761875,0.5829699265138597,0.0005861664712778429,0
66.1854805239706,1689.200748459784,1684.212246773824,0.004832822845423745,0.6225478497446423,0.0018780158025852485,0
67.84131988073065,1690.8484314634277,1685.1071014301456,0.0037634673140343657,0.5890549175995772,0.0008789920890711983,0
76.65027707712056,1694.11072554489,1686.7113188350286,0.004412483044081275,0.9383418199737189,0.0024926374639037776,0
77.08639089344555,1697.1765813709083,1688.2979019763548,0.004345806428750725,1.0583665260085973,0.001795733938628963,0
60.865814746957575,1698.4360334601374,1689.182918747725,0.005690710102893348,1.3166557388073503,0.01110851247006319,0
50.322901608594044,1698.1754398619632,1689.4436593212392,0.00652035130645774,2.3164060807683273,0.019873842196491097,0
45.062128219464476,1697.0634378731927,1689.325979542177,0.006799710242746056,2.345625012301885,0.02543731065168248,0
47.318493015868505,1696.3906992158704,1689.352904603691,0.006795707915445122,2.3968219477381645,0.02331362391364645,0
60.534895454845,1698.3059487363084,1690.436555830779,0.008397005053530542,2.4183073318563646,0.007515306970033498,0
58.44924824728009,1699.7054337683487,1691.3366060689875,0.007914030551840439,2.4057224108086235,0.009573861304181261,0
64.66707639208163,1702.552627929377,1692.861894320122,0.008397035419644872,2.4416839123073006,0.001618899669084712,0
58.581783982934084,1704.1095698048098,1693.899177945909,0.008744414857419268,2.538891030525797,0.010006370892767954,0
59.38949088149838,1705.718226114552,1694.9781256646393,0.00800134255931927,2.552724530550306,0.008773954436918942,0
54.98996130116342,1706.4117455168998,1695.6951911816318,0.008111894640532743,2.525839237900949,0.013485099583150905,0
58.81000478358897,1707.9249510726572,1696.7531556196298,0.007725923231921126,2.39556,0.00801249861613959,0
53.356450228282576,1708.3035371397937,1697.3551523491947,0.007419720533135808,0.9863130463108747,0.014136311015100309,0
56.2153868247161,1709.2936899204806,1698.2030315139107,0.007107415257961669,0.8912592463856274,0.01012394537056832,0
52.16442812623781,1709.4276217799186,1698.699194786229,0.0074031023770767005,0.6745512154972538,0.014847737849447418,0
48.75892721186381,1708.8630779194084,1698.8897076045355,0.005527350462978042,0.7378135785876915,0.01913705640501174,0
44.94105197520023,1707.5237236712794,1698.7274914645657,0.0056898451576792445,0.6713390416699451,0.02436861315077815,0
40.540150207974484,1705.2452435458324,1698.1277286519676,0.004475127218144897,0.642755545692064,0.0311831793545427,0
37.05142196306997,1702.2313750798198,1697.1556926676067,0.004454297807771971,0.49966344660886786,0.03734464681628498,0
35.79100121237961,1699.14264635132,1696.0720362652328,0.0042484455012575355,0.5200547268508546,0.039705308910693925,0
41.385440182133486,1697.2909442867963,1695.4237365027284,0.005037858067885593,0.4887631972196398,0.03357744005095311,0
39.87375437426916,1695.2346423393576,1694.6430149187622,0.004321245344258905,0.4832362295863283,0.03604465368147959,0
37.202993311712454,1692.6789454502884,1693.6046264431293,0.004209478426511731,0.4818149552311043,0.04057776922872621,0
35.822490825344815,1689.995218316284,1692.453413964836,0.0035409315081329626,0.49498225499973586,0.04301590602940072,0
42.745147183124125,1688.690908526172,1691.8146955381553,0.004745211526242691,0.4886851048123305,0.035673760672868614,0
48.29065505994869,309.9850707140437,311.24675023514874,0.004675839967029661,1.4361936736776275,0.013058256940990328,0
50.90752644749199,310.0485383580932,311.22111430312316,0.002491301132056304,1.3567993712834832,0.011427710865269875,0
53.44479407237601,310.1536511036315,311.21807044976407,0.0024436907852416053,1.056765983603153,0.009802405175561652,0
45.7976315522497,310.10559596945626,311.1511985748077,0.0029517885836552226,0.7304239896455619,0.01469406878809092,0
45.33191793503525,310.05259330721213,311.08314708841283,0.0024295665045323397,0.6104501431237281,0.015021885309110397,0
41.06048667314207,309.91404449597803,310.97795902532374,0.0027090352834455993,0.734905722013877,0.01814648733881483,0
42.29318307794535,309.807800120072,310.88598749391235,0.0025976109520553865,0.729565169692743,0.017487126384483156,0
43.56449738239808,309.73077248977165,310.80658506449606,0.002577592054234385,0.6722774862894993,0.016828518469356797,0
42.06755578271488,309.6324960053246,310.71815089807467,0.002266217917014325,0.6260748240589527,0.017816649765181727,0
47.2709481160081,309.6198646815817,310.6671537636622,0.002266842543230896,0.5967932015873653,0.015185822962944264,0
42.865445810194004,309.5274122207368,310.5829296965417,0.002396026820397853,0.6238154879932479,0.015551655290674376,0
41.8766070558807,309.4247184631033,310.49409777463103,0.002280336689889243,0.5894685124395301,0.009888110462844145,0
40.86133681323488,309.312757426494,310.4008621929242,0.002132335289546393,0.579312573205703,0.010543390105433901,0
39.56998595206925,309.1876489073734,310.3013455231957,0.0016404878618069328,0.6078553074873694,0.011363636363636364,0
37.285737235375585,309.031586375868,310.1875549653804,0.0016636189449186888,0.7540220195413273,0.01284348029202411,0
42.81567791582928,308.9571086427307,310.10759293514604,0.0016575675971423503,0.6655176086682869,0.010543390105433901,0
59.159351067857436,309.17082478429705,310.1525841857207,0.003495056347945743,0.7154106054158016,0.004177338502493086,0
50.47051389353267,309.2069518015303,310.12781505112576,0.003991286331505943,0.8425656592690675,0.009530002659874949,0
57.41089232169051,309.4016070599867,310.17385442674396,0.004295007038242172,0.9784786740802586,0.004016064257028112,0
47.853338859954775,309.3633446762486,310.12578228281427,0.004924405652020061,1.0674508680800154,0.011326860841423949,0
43.36174359317555,309.2048792546511,310.0266134282483,0.00503047380499634,1.2775906365972023,0.015599569719026048,0
42.37325120724861,309.0329335704085,309.91941213425685,0.005034072643689645,1.3609704563658291,0.016590781407865057,0
44.63832692492354,308.92500511308003,309.8371242673653,0.00506934213754295,1.5356807246799962,0.014939935676199272,0
44.078601952055465,308.81307223903815,309.75220763931503,0.00506534228230341,1.66963407649163,0.015434606011372868,0
42.36234557156864,308.6689367735295,309.65258322565876,0.005065378522003454,1.553345495700941,0.01692161540382017,0
45.414108665525255,308.5956893203842,309.5814824424384,0.005049737042547275,1.4094177406345991,0.014939935676199272,0
48.358708582539236,308.58657438566536,309.5376670850155,0.0038635293778316905,1.328469787585069,0.012965964343598054,0
49.816317491794685,308.6069028340068,309.5078193815231,0.0035603337599209163,1.2224619653205977,0.011981905289166912,0
50.31974316455661,308.63482044584333,309.48325637819886,0.002961025583967159,1.020775107409417,0.011654277030261208,0
50.04947524413488,308.6553170928306,309.45769648582774,0.0018954848050050373,1.06284847131832,0.011818014649030073,0
53.543549334287256,308.73577293872944,309.4594020265195,0.0013196882656012802,0.8397509515684473,0.009693053311793215,0
53.54354933428724,308.80856453520806,309.4610370050995,0.0012242521851966797,0.7327428573028705,0.009693053311793215,0
56.272388283303584,308.92204595786734,309.48271943588526,0.0012233104346405066,0.6612683458558805,0.008064516129032258,0
51.996467265203776,308.96280776478085,309.47738580043875,0.001474202846840398,0.7539855733750208,0.010182621090462545,0
50.10399363633059,308.97111130614326,309.4602257442767,0.0014073526262290896,0.8430342492909206,0.011163282133317534,0
48.5192924309269,308.95481261834595,309.433741895961,0.0013762805318138544,0.9036683469228375,0.011981905289166912,0
44.294936685268176,308.8733970039029,309.3802902514236,0.001456001873783968,0.9204602680384459,0.012820453136005482,0
38.833053110726645,308.69972842660906,309.2869799024329,0.001722453046109862,0.9495377797148175,0.016283993482427022,0
39.5969965479266,308.55212654374446,309.2014810249502,0.0017225591913786703,0.9707964032571362,0.013511294087419077,0
34.49383666287106,308.313815756319,309.0754925912414,0.001956757031604236,0.9903867821851011,0.015357008313983763,0
32.25550993551688,308.0458212375248,308.9326625675451,0.0016548951407920412,1.0794819114488794,0.01718494271685761,0
24.362075620594098,307.5604863217728,308.6938485688552,0.002701256141834626,1.2359587043831095,0.025746781576751882,0
23.511591301317637,307.08804222227946,308.4507666917535,0.002399198251517174,1.257691260275354,0.02693322449470264,0
30.930613767450367,306.7558372287593,308.2574013863005,0.003008379165824614,1.1721002538327943,0.02355070406041596,0
33.7007291590519,306.4933686217642,308.08779885606964,0.003167220109193351,1.1599590105035584,0.022203947368421052,0
32.81489065676851,306.23208828773176,307.91510084083137,0.0031668303758963265,1.246840481004576,0.023045267489711935,0
36.41475616095255,306.043313312522,307.769271534714,0.003319257675467802,1.2461482064967173,0.021364009860312245,0
32.98842689226551,305.7868021324295,307.59353574501705,0.0032896959490399487,1.2409606916333373,0.024394243440229862,0
34.10130402093138,305.56900705010537,307.43084237490194,0.003298850650826657,1.283472038504587,0.023887973640856673,0
30.6314927932803,305.28147614731745,307.236960252123,0.0032654266418859356,1.1095674835384095,0.02710299962941138,0
35.469692203173636,305.08323820568353,307.0766819269794,0.003412884725213419,0.9518871452334593,0.024901014145782625,0
35.84028995924231,304.9086414766247,306.9248257432333,0.002126849340250774,0.6976899334469344,0.0247320692497939,0
29.764059104802584,304.59352907703294,306.713617000594,0.002748950935686585,0.6664770094855685,0.030338175435394056,0
27.068387150022303,304.2227134015482,306.47519474053644,0.0025368294399334785,0.6784736532432046,0.028766190706134308,0
26.635335093427614,303.8729261312984,306.240378516143,0.002418174979822076,0.7743576385845131,0.029113293479909777,0
21.361082213754955,303.3516892601446,305.9297924067455,0.0030678589162388527,0.8881417543762655,0.03535528996762212,0
36.986275508212444,303.11819234397257,305.73062307913375,0.004365299222104605,0.8997033078751359,0.02442674062015493,0
33.155206188965195,302.7783605479994,305.4859765627786,0.004463324417930431,0.8919726266730897,0.026873706021015003,0
29.499028203642396,302.32803598686604,305.19174770794876,0.004562292970130663,0.9192474497587197,0.03120288103150954,0
29.382742770159382,301.91583931203337,304.90728332156317,0.004562579250610148,0.9631611241783884,0.029698007058777266,0
33.07696675303792,301.60480452329443,304.65986453154335,0.004565499405207948,0.9984055660240616,0.02126236810075614,0
41.71573631804906,1182.4355144513838,1192.3067679976207,0.004936509017102893,0.3522108126373642,0.018812027541280838,0
43.05244060042402,1182.2889502501291,1191.8167480611826,0.0019581031014417444,0.37677878589804326,0.01812179182965191,0
44.92272522807672,1182.2613755064772,1191.3966050533843,0.001942958395667512,0.3030801566540154,0.01717432218961506,0
35.73146545727138,1181.4731379853974,1190.6547129593012,0.002837507942356112,0.2711869634820803,0.024105663397040036,0
35.53576436146362,1180.741157841507,1189.938389437238,0.0027969733400468304,0.3724607773182019,0.024280114852996693,0
34.61670579788047,1179.9932649010102,1189.2166291240326,0.002643473935985925,0.41206338854452657,0.016284402070397382,0
31.49750070997156,1179.0116212466044,1188.3924773939007,0.002715673626755776,0.4150301440296082,0.019064759988904407,0
28.71149433095249,1177.8185779282207,1187.47077674815,0.0027580778698907565,0.39474308265679847,0.02186026575225032,0
28.125471018005243,1176.6726870669213,1186.5610371431035,0.0023206000992667297,0.42535677228229,0.022473794882931664,0
34.688564853282415,1175.941222038351,1185.825855177532,0.0026220518486291438,0.4130024270319285,0.019674935842600515,0
32.030901285503234,1175.0221818915463,1185.01057878258,0.0026281018340348007,0.42296587965449406,0.022035454082075877,0
43.58218705408446,1174.8294350431895,1184.5103612159076,0.003399628235539903,0.4755561072205897,0.009718690890078858,0
47.18878732827626,1174.8933458014149,1184.1360075318344,0.0034824276414044063,0.6309469788572998,0.00757126704726712,0
41.178722224632246,1174.4460555100786,1183.558352586799,0.003084409690231361,0.6735625628000075,0.01213474092864822,0
32.645877495433695,1173.0789316708137,1182.5881618424096,0.00404853932521035,0.6685512745968113,0.020946512662282965,0
37.98929751139826,1172.2137960043945,1181.8210366842584,0.004296674028464646,0.7874840239155824,0.017525794170156785,0
48.2963387334454,1172.2982360507328,1181.4618600794058,0.004995440226113941,0.8469111302847283,0.009632639215153742,0
50.347352039298315,1172.5747142666717,1181.2044704461168,0.004893676167053516,0.9413616008999068,0.007828517379543333,0
48.5689451882971,1172.6533472427157,1180.884280959774,0.004931041375608127,1.0392728064742276,0.009374467164761525,0
39.3401953418344,1171.6669555271224,1180.123212243329,0.0057929640570680745,1.3244831822871403,0.01901400211435897,0
37.40915914885694,1170.5078115959807,1179.280106643149,0.0057963861885775535,1.6117010556993816,0.02147479466499569,0
35.72313958565287,1169.220965372213,1178.370779565691,0.005362325696840071,1.5136425752759992,0.023681957142664217,0
35.31181660297328,1167.999590209033,1177.4755085705071,0.005234608970307523,1.2463639672717488,0.022915945555628394,0
35.71032812517382,1166.9231684479826,1176.6302353360659,0.005159313319632387,1.1640229606273749,0.02265070834977014,0
38.0403602764618,1166.111259148328,1175.8896108457125,0.004474810927745331,0.8867651144169122,0.021149861432705423,0
37.186622514652505,1165.2814500986785,1175.1395069538157,0.004303886824448788,0.7346358149555151,0.022032140540959,0
40.63046935192646,1164.7593164420855,1174.5180416261535,0.003335961086794642,0.6301421213899211,0.019917205219363437,0
37.24056611835224,1163.9344809011075,1173.7728167296443,0.003220589832385358,0.6045875146618012,0.023181428418024255,0
38.436614674829706,1163.264432404827,1173.090965665583,0.0033040195457392676,0.7648385951045767,0.022473852062686466,0
38.43661467482971,1162.6582162411617,1172.437450408944,0.0017157876942523087,0.7297609986299285,0.022473852062686466,0
48.172721046479126,1162.7574412454107,1172.0851827360445,0.0024959178443652455,0.6917532685216224,0.01649916133695163,0
51.11149180583778,1163.0758131315451,1171.8441439686267,0.002376199490854857,0.6530089041340258,0.014407039859239664,0
51.725625583725034,1163.4114813073088,1171.6331715659528,0.0023369582117817992,0.6290817256108671,0.013972269131874552,0
50.09908738363338,1163.6008835471691,1171.3826667071032,0.0024093940245881935,0.625638947288432,0.01501630310055864,0
57.427888156927196,1164.3532421040045,1171.3873776459952,0.002796884469512387,0.6964233442111083,0.009731134796468203,0
53.93192426152487,1164.795823341448,1171.2916137667398,0.0029234476238527624,0.7094758235244306,0.011890525589446107,0
32.06782409835914,1162.7198911639907,1170.157781045886,0.007866082091919182,1.1149942594718714,0.0310586176727909,0
30.002288513175785,1160.451194513243,1168.9061528851728,0.00787694106044465,1.3152578201269938,0.03371676494064386,0
27.705451992214833,1157.9318945697494,1167.5095892761394,0.007882990778340421,1.3027894643280398,0.034920613391479276,0
26.759951605360712,1155.4525454636955,1166.086012269374,0.007853291432884338,1.5460436824679824,0.0356922197567545,0
26.209482304205167,1153.0950493905261,1164.6724470567212,0.007355567348214045,1.6990154548331557,0.036791456135763526,0
24.618881927223924,1150.628749096082,1163.1766289754548,0.007150976640229134,1.7911358288770054,0.040010734217440676,0
23.948099629831745,1148.2544903613316,1161.6816935156287,0.0070684620956790595,1.9201559743756385,0.04139655296932226,0
27.086108093750454,1146.3159051523817,1160.335058767178,0.007246901624616017,1.9853146894952056,0.03936521274314898,0
24.556643066314606,1144.0762322183955,1158.8397727745564,0.006607593833564394,2.1147733800158646,0.04408621112161825,0
27.28108361467943,1142.230821746038,1157.4805858627146,0.006848013824688198,2.208677289306969,0.04232248574978005,0
24.296983772651785,1139.9897311060317,1155.9375579097718,0.0025147230844910265,1.906554958886742,0.04791284526302351,0
23.203692605704447,1137.7335204751755,1154.3613391764711,0.0024635922763120103,1.7028089937627349,0.05016572386500203,0
20.438624659850845,1135.0540810788546,1152.5823447943267,0.002688479641791785,1.5833101740734192,0.05650691656610571,0
19.43363016894888,1132.3726933033927,1150.7677065788027,0.002687132068531807,1.2298435006959296,0.059083948840530566,0
17.35706667553974,1129.3657250193996,1148.7838483754838,0.0028366962171523153,1.1034569790278181,0.06495275874680104,0
16.665394041201026,1126.4356097722527,1146.792375984301,0.002839739984539487,1.0291250495235316,0.06708544955399222,0
15.860995070896237,1123.536941001943,1144.7776985692599,0.002808513618322008,1.0040860069256123,0.06961683287237683,0
14.713735711373573,1120.5429075984302,1142.6891772580798,0.002294719852309341,0.9490737244997592,0.07343656719629378,0
13.377750549115888,1117.3578311335636,1140.4861746340014,0.0022983649452238447,0.8733007391736218,0.0780057499149685,0
11.116728831792784,1113.4856132383427,1137.959370664642,0.0023790156272591894,0.9083497495148926,0.08563209568444523,0
18.00492325390978,1110.4393367050807,1135.7236996194265,0.0036201684612067585,1.0100122144891799,0.05677302303658114,0
16.69841499550914,1107.254611814395,1133.3992543360202,0.0036004472682703605,1.0898233834910356,0.05960998251798979,0
19.763741666806794,1104.5827195173788,1131.254684273286,0.00388462705585768,1.0944677256251587,0.05309493274708211,0
19.587324733450174,1102.1176773874483,1129.175919762842,0.003952800370643645,1.2214741400720228,0.0534903827329402,0
32.77123408826267,1100.8588456372902,1127.583375033455,0.005314590261792627,1.114521806350898,0.04362200287906116,0
55.561008255560516,743.3185272798988,745.5001169470185,0.002830278769778081,1.4578120907492174,0.0008038257855209634,0
52.581910533724376,743.5076598501906,745.4915196401159,0.002891953552817327,1.2171834625322997,0.00228097710301249,0
49.71157454525541,743.5737315658167,745.4362449387436,0.0027707553331902187,0.9028273215656178,0.003762412989842592,0
42.54854637807371,743.3329351592389,745.2491895052793,0.0031738242959649574,0.8777941537705723,0.008029164435656853,0
38.559612727078566,742.91482290908,744.9814743592956,0.0032877710823700484,0.9591514626613943,0.01089381914877537,0
35.96588417299333,742.3935853376204,744.6624349165722,0.0027286455650440793,0.8973322554567502,0.012950013743152116,0
32.87040641442785,741.7361639783912,744.275522932513,0.002692916194634351,0.900787014527444,0.01563562202583277,0
31.237205835079124,741.036627753833,743.859752108691,0.002581648585786695,1.0474281763249926,0.017156828931195,0
28.093909515881847,740.1845743981755,743.3660753624032,0.0018213696340563061,1.1278563733609224,0.020352444899533344,0
31.17453641505564,739.5044084342181,742.9341987326517,0.0018369913497984051,1.0994524122343603,0.019030096772842557,0
30.36351191118257,738.8367166071658,742.4985314022099,0.0015080808588026579,1.150522567743137,0.019795221843003412,1
28.752410383266508,738.1278787976631,742.0362998761686,0.0015072779864377852,1.2353316193658876,0.021328924070565785,1
35.305740257883954,737.6725024558368,741.6754089616777,0.0020878833850246584,1.3097628881993764,0.01861324724686368,0
59.679641162449016,738.3946537667016,741.8235771476001,0.005799843098844768,1.4900125894558256,0.0023482053002348204,0
62.011072940934895,739.219472361515,742.039730858248,0.005693067905340842,2.061498522434275,0.002744110603662665,0
62.59342509430666,740.0085277324077,742.265073733161,0.005591958760450056,2.24905471165848,0.008695652173913044,0
70.27990653134061,741.394117726712,742.7710275010753,0.005923184407709284,2.2397628211230636,0.00589757110731308,0
58.06788505956762,742.0092380913088,742.9797926882347,0.006871485775958013,2.201161558896668,0.0149094400990339,0
58.24285290024845,742.5800191960134,743.1857544687233,0.006681891663868468,2.1959126028330522,0.014705882352941176,0
46.646301071003585,742.3056317572451,743.0430049932447,0.007900228285749388,2.251287874845807,0.026091641847326298,0
46.16917616633903,742.0192845315487,742.8899852441442,0.007895549790517854,2.245558084469815,0.026646845032206302,0
43.70218557804353,741.5649299719008,742.6597982265906,0.007949501044737423,2.2355655698535952,0.029501525940996948,0
42.978362838995956,741.0967160087203,742.4149101403668,0.007936124527185113,2.256845833469977,0.03034001879483389,0
41.91903809890466,740.5921411727404,742.145775758031,0.005688590437681224,2.0710739372055627,0.03153032426192295,0
38.827307324261014,739.892733457254,741.7843740487872,0.005569064656908236,1.1510983427023387,0.03511762700306853,0
38.29058063816342,739.217097371369,741.4198865508268,0.005522675180424734,0.5146945088940449,0.0357532923628177,0
40.552198185726986,738.715378504112,741.1172508339309,0.004093978755997148,0.5074031013604313,0.03413037315394539,0
38.62981645163068,738.12333978246,740.7685828550625,0.0034833020617781037,0.48689126297797003,0.03617747440273038,0
40.71703614445111,737.6829558132455,740.4748501485108,0.0035854809648121146,0.48264336106889627,0.034764826175869123,0
40.42092268385233,737.2654737689492,740.1852510485702,0.0016035225635102682,0.4447178521805388,0.03504706482319905,0
38.897798898238335,736.7925124113727,739.8673427704823,0.0016060097110424494,0.4218288293128459,0.036460484298928744,0
40.70252429519017,736.4360419909439,739.592791397469,0.0015756526879808377,0.4048183725032178,0.0354000581667838,0
41.07742937038749,736.1278177736042,739.3356104896204,0.0015909861001364765,0.36390775220292143,0.0351881988044535,0
38.05499050927508,735.682272062812,739.0186950315721,0.0016944341697060566,0.35875872848570506,0.0376648948433826,0
37.29505549713765,735.2363047862281,738.6967439352095,0.0013649372677253186,0.297398013821698,0.038303693570451436,0
36.767949187955324,734.8042448364645,738.3759743858504,0.0013613608092404525,0.2742139668151859,0.03872996759298047,0
32.62915447245632,734.1752280377834,737.9681560485988,0.0015120325667386822,0.29692717082670556,0.03398791483810555,0
26.94549302122519,733.1918108800993,737.4028335767005,0.0022231398932185576,0.39402672028635694,0.03453754347337397,0
31.660840555860958,732.4544561663138,736.924612003413,0.0023436754109880742,0.44754778931444683,0.031566562814214945,0
22.725916677107804,730.9253865768032,736.1040928232794,0.004258855605887888,0.7495142517950734,0.03719983594459399,0
30.54005643269231,729.8610161249485,735.4507966952989,0.0048031502986944545,1.0543583474564497,0.02882945467176103,0
31.54153533194726,728.9408830323378,734.8420195468232,0.004779454168674777,1.1614589912961555,0.026103842646929085,0
30.591535915602435,728.0226686923411,734.222051722878,0.004735064898448251,1.1919940006889365,0.024746264555883742,0
32.77212861109233,727.2776289454666,733.6630927916476,0.004832439311576126,1.2584104204875568,0.0224937683038727,0
30.427319556508294,726.4083070488182,733.045097115471,0.004836594705717812,1.6161526572002254,0.023393423688421976,0
29.866034084834254,725.5741621241425,732.4321829190781,0.004828561077833723,2.04274234661131,0.02410644075027186,0
27.976396172434136,724.6575537806783,731.7763800850963,0.00480043733398823,2.015692859399916,0.026398439914323165,0
29.112771784532953,723.8663381780476,731.1629361951444,0.004591872460766672,1.9021115282483287,0.02561602184195562,0
27.926385178628053,723.0552396288782,730.5344663311299,0.004448344941650619,1.8344014397489214,0.02704974806945969,0
25.115708456334374,722.0785311127844,729.829999871899,0.0024046209622834683,1.3595995138222123,0.030723940500996916,0
24.593041549828328,721.1472258605629,729.1340085080333,0.001577090344988461,0.7111928119760746,0.031447458652172695,0
23.588597934613716,720.2141404347755,728.4282755982446,0.0014651159447461497,0.4484584944553949,0.03134891346521309,0
21.22966021559192,719.1413517848075,727.655671116213,0.0016139471824723679,0.42740816593068176,0.03469916801236148,0
18.419369711455545,717.8469203009674,726.7792438884566,0.001623421312695599,0.41206913516704763,0.03706331920699539,0
18.589998593467286,716.6805316791866,725.9399085095877,0.0017237834340064978,0.45236953815462894,0.03670638507683458,0
16.311547787742484,715.3299913021764,725.0113686047504,0.0018612511063402135,0.5934794713787215,0.04106758090524911,0
30.635517991436657,714.5699829062048,724.3120149894778,0.0034014802987894642,0.5954791617612433,0.029829698663119922,0
27.78449081932385,713.6252171949969,723.5337394116176,0.0034310589299043955,0.5308803289583925,0.031292112437381905,0
25.3819115544767,712.5275669803361,722.6856434851246,0.0034850678293426324,0.540861690552662,0.032189200123861124,0
25.3819115544767,711.5344563610327,721.8713922592638,0.0034738938753169834,0.5281202215787203,0.032046718106239255,0
31.199353566891915,710.8406943922192,721.1746267342781,0.00376262751005791,0.5660221100529991,0.028895953973642172,0
60.20545653935286,730.6813151400077,733.2513053322785,0.004864251166890055,0.852748280042652,0.00047507685517511947,0
57.98590968636933,731.1698980357814,733.3607936545363,0.002770095707823159,0.8066458314183288,0.0018347875013469126,0
56.20090318752819,731.535407599371,733.4309493802505,0.002889835734762301,0.5793459873046419,0.0029252032844387754,0
50.92507838874157,731.6274416586058,733.3912483016159,0.0030520807410372493,0.5103937700182126,0.006348156196672355,0
43.08484802018117,731.2813991178771,733.1621201539604,0.003583578142010136,0.4860070299046165,0.012568714854481456,0
41.851284716538245,730.8921135016709,732.9095599527153,0.0036184322722384904,0.47978685612788635,0.013682634818491336,0
40.07497567310603,730.4303339328302,732.6198934286646,0.0036242657636814885,0.522575863827617,0.015288253987628874,0
40.4301778336756,730.0269523909739,732.3496084096986,0.0032688440028146863,0.5185337857120208,0.01507850732989182,0
38.31106712002693,729.5381321812498,732.0368740323872,0.0026600255405466403,0.5055590434789519,0.0168988820353561,0
40.631013140189204,729.1817613468961,731.7757706449747,0.002393424066055826,0.5135737725509899,0.015637967500670858,0
47.89942911652651,729.1549049108104,731.6556973441348,0.002739402123457502,0.5768062698995836,0.011318424644905026,0
55.47420323720762,729.5118757569983,731.7075211796329,0.003429122762435998,0.6953966699314398,0.0057988809638774156,0
54.09775214414322,729.7728431617344,731.7300595596234,0.003425177046746532,0.7727290063234656,0.006691736994281325,0
53.876332215245476,729.999393490194,731.7474672658383,0.0032554696068848813,0.8405154219276484,0.006829201438600627,0
36.60697080473969,729.1846717665607,731.3215854757873,0.005409056005480909,1.159486096884603,0.021761746401531543,0
32.01135303752217,728.0235886665798,730.7305400235133,0.005662401313164612,1.238501174285224,0.028103241860617155,0
52.2998989706521,728.3071974476338,730.7416377234844,0.008703420688273466,1.2607347529709838,0.008413166093108755,0
46.43717253342193,728.0397249668052,730.5261853380531,0.00908827458119823,1.3208136846971799,0.016057924760940732,0
46.61297236510658,727.8120417535183,730.3261332837285,0.009067936680510388,1.3121709701679618,0.01584786000563544,0
46.016632582092754,727.5536545717026,730.112109637079,0.00906300034722277,1.403432773711175,0.016618465361811132,0
46.016632582092754,727.3198929623189,729.9072066259713,0.00893597424150914,1.5389292981266227,0.016618465361811132,0
45.954667262081216,727.1036463205344,729.7089669731397,0.008692634549314144,1.44247009148487,0.015792031445838316,0
46.87935621613593,726.965168364898,729.5435719505663,0.00871292716400271,1.488883163725364,0.014538672139489698,0
49.29282716982821,726.9875399664412,729.4482220022345,0.008763700492075694,1.4352045020248594,0.010382271268195875,0
48.37650664820039,726.9506208291494,729.3325085275251,0.0072805511081556916,0.7957116642021058,0.011216659355775836,0
49.30680346059915,726.9696154842518,729.2439673460572,0.006868658748538208,0.5654352587038223,0.010451729809211737,0
50.78278547408766,727.0677652836096,729.1935690485434,0.0026548698605053348,0.5247106126717391,0.009271978021978022,0
49.504408014053624,727.0898853713063,729.1169516723143,0.0009887127949336216,0.42609055770292653,0.010243382829743634,0
51.65747739662375,727.2194406457909,729.0899997976297,0.0010741470100294225,0.4213370110425739,0.0086484833377671,0
51.753773672703886,727.3414151923914,729.0661856250516,0.0010059957774802993,0.41285637952749893,0.008579272477693892,0
53.45167110051278,727.5327300918999,729.0776271172224,0.001013271463642184,0.4259086762375763,0.00740388646715767,0
50.952615818622064,727.6010490828944,729.0442965715598,0.0012012563197441907,0.39608985988342915,0.008925506350841057,0
51.72595086227348,727.69619448023,729.0264215799397,0.0011938415315976931,0.3576046176046176,0.008440879248062933,0
49.332461193093444,727.6870299446291,728.969093934101,0.0011435565568414519,0.40423778803569255,0.009826861811402032,0
48.48685238304467,727.6454046286335,728.9000722074167,0.0011190232747464134,0.38953604283557863,0.010312822275696116,0
49.55128999882428,727.6458446408739,728.8499295640241,0.001107166757768466,0.40348499885487443,0.009757404449556268,0
47.31397377064384,727.5652814329335,728.7677747928248,0.0010958690722570384,0.39827067449536996,0.0044716566518789936,0
46.77876318840846,727.4733419537996,728.6809714253895,0.0010613459651380396,0.39048401149690043,0.004128819296450939,0
47.57698836916693,727.413970462862,728.6077149377415,0.0009046888855416908,0.40951234687528687,0.0037834492568884453,0
38.100039506982,726.9935714037167,728.3835332023907,0.001831311543088969,0.5167399694820931,0.00912859693767289,0
39.77778103821899,726.660835337004,728.1884509458289,0.001781359648443719,0.7303904541059174,0.00843120329777125,0
24.39633393196796,725.3311789709456,727.5701871721193,0.004825148237538129,0.9971416683249814,0.0237125902756362,0
22.895540233235437,723.9662544786179,726.9092064814243,0.004736132054141691,1.0894712485141058,0.02616030321510197,0
30.112864031770457,722.9837236145273,726.3806572479848,0.005121756822356444,1.1898004356993501,0.022349822218489517,0
29.33181893808721,722.0281032213369,725.8456192811848,0.005108551098048521,1.5535607287898627,0.02335361960001106,0
28.260515780552552,721.0730197015373,725.2943924841517,0.005039500620978765,1.7268021239967994,0.02471906683418188,0
28.14402032580793,720.1993795268235,724.7614490573894,0.005072356789558701,1.7855821191809527,0.024862973121040625,0
27.062482901295652,719.3232285661558,724.2142135144862,0.005043300163531361,1.9149131065367293,0.02616030321510197,0
24.835598046107535,718.344804902734,723.6115269516968,0.004967135972529309,1.9592430680059927,0.028982424577615278,0
33.18549173426372,717.7214775861877,723.1423373360386,0.005226601209237543,1.8441705262390138,0.02500700772440303,0
32.410042484839735,717.1051361876241,722.670177702332,0.0051771767191157924,1.5139781021897811,0.025799614180579966,0
32.26246224118361,716.53797419328,722.2130175442869,0.0022768051879391445,1.1500195656427314,0.02573294967970598,0
26.428931761756502,715.5962519330104,721.5957120892399,0.0029392593117591693,1.1099852151022322,0.03226489351907114,0
27.987001984832702,714.7918394526466,721.0229818181572,0.0025770051634203027,0.841555531461202,0.029555204210342426,0
25.38202750368147,713.8497513826641,720.3840282732114,0.0026756779068416604,0.8319741332854321,0.03284148471714029,0
21.70716174417545,712.6354748378304,719.6201169106822,0.00299790705848871,0.974483529979385,0.038154330240339755,0
36.65256268276918,712.0844699071787,719.1144464636518,0.00430532943010492,0.9913678047100356,0.028860472686799015,0
33.81180567698891,711.3621335071156,718.5359665420498,0.004383740000500231,0.9767791941579655,0.032292405961674944,0
30.26451245061989,710.3943052389708,717.8500136514156,0.004514985665659878,0.9018470654983294,0.03650880653204985,0
31.668159041491478,709.5757933124414,717.2151664706323,0.004237015810030553,0.9402269070005161,0.03448277661436817,0
34.16558304870672,708.935235346746,716.6471540445409,0.004334311165930121,1.0933670198725443,0.024827506314535876,0
32.75640744420055,509.5264980368664,514.0117858547715,0.006374049355089521,1.810549281893484,0.03855707866802764,0
41.47334216015478,509.25670687708094,513.6976808841574,0.005930122402745846,1.4979568336001108,0.029998049814178248,0
37.69347567455506,508.76936934655254,513.289053311817,0.0051706898172053425,1.331662064868649,0.03362091023437246,0
36.70456831324931,508.2618368076785,512.8694595585187,0.004850685116923223,1.2834642002758976,0.03356830463628346,0
35.2805273051071,507.70741340398126,512.4266328627932,0.004672097645115956,1.1622242881518305,0.03562536161613364,0
35.13372335470649,507.1964200461384,511.9997779811225,0.004546640879546128,1.1514466734714879,0.035831530334873234,0
42.3648270650061,507.0012582841558,511.71052478863646,0.004533166139302139,1.104383043634138,0.0300900363715889,0
42.09411405577579,506.81042867245225,511.4280033124359,0.003685318473946884,1.0368136803968804,0.03039599125928218,0
39.38377638900341,506.4948002015176,511.0951848381843,0.0036740771524461664,0.8977319315822431,0.03187683772188431,0
39.801180778231505,506.22359451998267,510.78349652126036,0.0036661305259703372,0.8684204340058299,0.03156953060492306,0
40.39063519677763,505.99733335869473,510.4939970265373,0.0036671957270004844,0.845546172353935,0.026595204394482742,0
41.16609293620436,505.8164871893833,510.22769957004164,0.0027708904297892283,0.7489715838367892,0.015770643906361344,0
38.7758360355501,505.5480511042917,509.9274101702513,0.0023719415971486676,0.7591499336773384,0.012127248714742793,0
38.94931587692595,505.30998046363743,509.64233834342167,0.0023373216399399477,0.7849680472856551,0.012026674202081032,0
29.771522968945476,504.6133686638117,509.16083491701573,0.003919662857939514,1.352004637283342,0.022289168882561498,1
22.874817697440562,503.4114348349849,508.4526149051969,0.005254040278305918,1.74362355029951,0.034756109966495176,1
47.37943988282394,503.391289328506,508.2362866416409,0.009292227261392973,1.7368596441018846,0.011724947840535712,0
55.985316872477014,503.9828618521892,508.292340994616,0.010170250124572611,1.7562801460952966,0.0007849173698854387,0
57.27857615599339,504.62285098185913,508.39111943521505,0.010079309457786723,1.753652375035792,0.0005874051024050863,0
58.93241597157599,505.3352204578058,508.5430059576236,0.010077454031158383,1.8168968321527377,0.0023433162746360476,0
58.15315335243424,505.9368279258089,508.6700239459,0.010103972135380909,1.8319613895830271,0.0032248488540355526,0
57.15831637801282,506.4287074796072,508.76919979855865,0.010134917641808901,1.9284554317928955,0.004304405523735314,0
60.22292107070045,507.0928235835807,508.95789804463317,0.010090789894608621,1.9503787234975793,0.0008764143951658827,0
58.46062423618845,507.6079198925276,509.1020118182896,0.010148317988116138,1.9401639531653434,0.003219559832317073,0
59.2454562738332,508.12632783214895,509.2624031438033,0.009264626972887791,1.2975662957347598,0.002144111972063136,0
57.03013341983451,508.4953235392229,509.37346468992644,0.007895948486407829,0.5542375665937423,0.00507807731628418,0
57.3572362180806,508.8482155362117,509.48797990059927,0.004382965354097079,0.5310260287195784,0.004685598050974245,0
58.46376930894279,509.2293985812395,509.62401171203913,0.0021202499515409635,0.4279926276306928,0.003412303954973583,0
60.50165321449394,509.68857102170506,509.8028710522032,0.0021354201140313346,0.4252358183686319,0.0010699111098710016,0
59.58350004812279,510.07066476705677,509.96017143161856,0.002036020373358157,0.3274243381121116,0.001751923997509167,0
62.229209572820935,510.5592338900845,510.17142484249007,0.0021404841613095024,0.2767546915520808,0.0006793004224480949,0
62.84041262759752,511.0345964657292,510.3880325807937,0.0020493721590206498,0.3528554723278062,0.002618633795091639,0
67.31594772385273,511.72660788250823,510.7063297976548,0.0022231504971441047,0.3808983916745507,0.0001930091133509903,0
63.568153942378835,512.2336424422539,510.96127599288855,0.002319871567406311,0.36822025199174835,0.0034812645497817526,0
64.50454695889141,512.744763740894,511.2278201879213,0.0023197891546503087,0.38105430129723383,0.0024149923859346505,0
63.861897138257454,513.1881548267797,511.47540323002767,0.002138972493701418,0.29366916173309704,0.0028023794036674413,0
65.25998992283544,513.6607455876435,511.7428995969779,0.0021287931543634247,0.31558452619028093,0.00135086584752461,0
59.178139979156036,513.912117268879,511.92537526163096,0.0025988602443760625,0.3645326802690361,0.004938965433389222,0
60.87606663758638,514.2157395220823,512.1324063408791,0.0025541905453323388,0.3828596078505325,0.0033842585237352524,0
56.15933991620131,514.3475780886918,512.2710306645897,0.0027651322771635183,0.4878965557647152,0.006303336217785191,0
59.326937739872925,514.6002010730375,512.4599385660885,0.0027448666044637333,0.5856724263596139,0.003578289334501934,0
35.06433425997125,513.6429989121278,512.1441910529065,0.008187985608608986,0.5785369733224986,0.028342063500032117,0
36.19293197849056,512.824586738003,511.8612050297569,0.00785693475694507,0.5573359064910968,0.027324003814500977,0
36.12533203085773,512.0793631514085,511.58769761123546,0.007895667154884012,0.5878234061046816,0.027425694229579207,0
34.068996790794515,511.2622562948223,511.2655071823458,0.007805729238390203,0.8128541069768325,0.03048654535439424,0
36.53306216396644,510.613453433753,510.99416623405443,0.00791392105029797,1.3291870152255099,0.02854586783714134,0
35.263185266082175,509.94548957255915,510.6999628033754,0.00780124912464771,1.3183763536621687,0.030281908851461023,0
37.46629292762129,509.4173353258728,510.4494392654356,0.00791558903177906,1.332723783972754,0.028647862538274785,0
35.436964922040076,508.8204335986922,510.1593303129264,0.007799543677674318,1.3033959171868597,0.031203382450369587,0
41.44804716277343,508.48991064876753,509.96828959020047,0.008111948137499938,1.1541860061485376,0.02671409779236561,0
43.13266155063488,508.25277237684713,509.8107372010942,0.00803231483280912,0.9184739352671151,0.025395208667860672,0
50.351085494855504,508.328698791417,509.78054799171923,0.0028679682096814075,0.7267101456030461,0.019251523480940377,0
47.781290050123346,508.283108394005,509.70397313052047,0.0030451116313008502,0.9496277530260234,0.021659878606321684,0
47.02736863755262,508.2085257280512,509.61659188866577,0.0030648984965716245,0.9116739994854542,0.022068989570504925,0
47.28331670666145,508.15057083540626,509.5366745010665,0.0028205518103985405,0.8064662601248919,0.02186762405446462,0
38.232220948725804,507.6647961479017,509.27971328228944,0.004140583707691697,0.823086564143122,0.031110276898571956,0
45.40546477279273,507.50148190909806,509.14786419868216,0.004511339349283203,0.8866169279711007,0.024705998020383656,0
41.227256697679664,507.12990973295024,508.92826474112263,0.004763915161076835,0.8935135579319823,0.02948770040416399,0
37.654548140282195,506.57943863006415,508.6284065205723,0.004911294405257315,0.9743352933009047,0.034107920405579736,0
36.964585690442945,506.0385354949744,508.32271474103226,0.004622827722534035,1.0130037594667731,0.03503697050188775,0
38.44908521754098,505.6015306187809,508.0509619692468,0.004613429172370084,1.0823581724207765,0.022534624624365108,0
31.552221914712447,404.75258582561236,409.06610497662626,0.007124223569325719,1.9853647723057155,0.031133250311332503,0
31.552221914712447,404.44212295580746,408.74107423910067,0.0030204649824404507,1.7295258620689655,0.031133250311332503,0
28.04414141568499,404.0134373869324,408.3648291505158,0.0027623980273626036,1.4241927741983127,0.03512935958030644,0
27.101988367967195,403.58279957188154,407.98678144281746,0.0025204227396432902,1.3421130133039683,0.035294132924945244,0
26.46373312821281,403.1647002561811,407.61334359572953,0.002328558187626639,1.5272452386451925,0.03381763423644059,0
26.773195876169893,402.79131333286836,407.25906491436035,0.002329972194292497,1.449655459189735,0.03268625621282092,0
25.39192512138834,402.3963676377724,406.89552042222886,0.00204134601240752,1.4038957380885317,0.032484666763581894,0
22.7577374529116,401.91993934836836,406.4957468939502,0.002055212968172516,1.329323495865412,0.035354852859425696,0
31.61967297460086,401.6272405978991,406.1747778322441,0.002089031125240767,1.4009898657917126,0.03159083843725824,0
40.712870187413436,401.534076132812,405.94348616762596,0.002630446655498516,1.4533404732491741,0.026831399385413367,0
41.18086998289794,401.45933445682584,405.72663844291714,0.002629822001014391,1.530281535205177,0.018091079226450407,0
43.57890186762005,401.43938147585305,405.540195039204,0.0026688204139812062,1.5594348696226634,0.004112134321456387,1
40.38711808308675,401.33555438895996,405.3245581404656,0.0024531260918438996,1.5769570211812172,0.006244535935772143,0
43.59997143757768,401.30357535624614,405.14530352707936,0.002454257363098358,1.4931951616009171,0.004613481554901808,0
58.71484740433535,401.66535996961477,405.14343011780284,0.003913690721086149,1.5681878156588795,0.004443317121325338,0
56.526313619039975,401.9402375108074,405.11893901743736,0.003997715726634049,1.6436096136022864,0.005808938757695024,0
68.4860191044702,402.6843944742658,405.3096691065662,0.00525029089079401,1.5705995566058422,0.0035387729274710187,0
57.50960845920108,403.0384203715406,405.35448583928894,0.006059031071207968,1.5281976053302302,0.011811068854911216,0
58.367598673556394,403.3968107801309,405.41378979579724,0.006049677417944975,1.4205861364698933,0.010816186199842731,0
63.61025941654518,403.97351855974034,405.57908274887944,0.006174167355591081,1.3645646615352172,0.004274026005194361,0
62.80673088999198,404.47144578392573,405.727111381277,0.006210124780351849,1.2851018115156412,0.004887585386943041,0
59.719533490609216,404.831416619298,405.8300790632167,0.006365573973453315,1.2776069059555666,0.007225994383420086,0
60.811336202291365,405.204716865486,405.94906088723195,0.006216644826511342,1.2537724246979132,0.005993913656345566,0
61.37506743740665,405.5662616318192,406.0731912353353,0.006233402220777012,1.2040125699372053,0.00537900295117665,0
57.793793675166235,405.79809800654056,406.15147018479144,0.005633525930654387,0.6040841529081928,0.0078431671740962,0
60.28918695366708,406.10310267365304,406.26703216928854,0.005605540314080702,0.2289005454908942,0.00537900295117665,0
59.1592004782682,406.3504726076494,406.36560232241663,0.003797403971543911,0.22988543850241308,0.0061169560198926515,0
59.29610407578665,406.5790368260629,406.46207892906114,0.0025866958879102618,0.23714686154770248,0.005993913656345566,0
59.29610407578665,406.7858261654889,406.5545367385055,0.0025883198554768694,0.2393369698677563,0.005993913656345566,0
54.81953179328769,406.87290329124585,406.6007715857054,0.001665017813214659,0.237821947083789,0.008584743427043828,0
56.82530899815644,407.0088327504319,406.6692784802807,0.0017666019881507078,0.22293321270735927,0.007102680628863934,0
58.47960987083447,407.1794378515785,406.7550872975156,0.0016496316366331528,0.2089657748555041,0.005870901383876655,0
60.5935695768592,407.3957047126253,406.86350387411966,0.001680188711388463,0.2050247963303049,0.004274026005194361,0
56.0981712081633,407.5008852340761,406.9292732553057,0.001842942471368902,0.21942096458325025,0.006609577006196451,0
59.96969211986512,407.705579050326,407.0385103555913,0.0018564875195427714,0.2371540947419127,0.003783762562287633,0
56.69251047147498,407.8241052956647,407.1151856284812,0.0018126808624046788,0.24462020789335223,0.005501894932970281,0
54.62575798107384,407.88848054514807,407.17068433066487,0.0018325417758346721,0.263227066106321,0.0039167836071373925,0
49.448908444138134,407.832430209104,407.175861920874,0.00204428292618034,0.2789716685785607,0.006874584813319781,0
50.501355839432904,407.8055294518375,407.19083035867015,0.002065181632757902,0.2963475396335186,0.006256946109497268,0
41.40392287674126,407.5478477388084,407.1072446887426,0.0026817910744719275,0.345268004351776,0.012342631263062348,0
41.07862585690056,407.3051846478831,407.0230666905657,0.0025850212327899196,0.4004572465728322,0.012592607663001543,0
28.953148630223794,406.6141853711691,406.74471700365996,0.004323173411062381,0.42522505637745384,0.025121906304738834,0
32.21781047303942,406.06043185976523,406.50758321761026,0.004351404886797009,0.4735523698727812,0.023203639206073913,0
35.21027188180415,405.6260905327725,406.30796650991243,0.004517919360894106,0.5272785653819584,0.02141969141597914,0
37.33823768314984,405.2807381581683,406.1363496117308,0.004367691947806933,0.8078213838543484,0.020149268914217974,0
36.81730493228806,404.9492290744499,405.963708808341,0.00438954434936471,1.190671412789984,0.020657089504003516,0
36.138620930630445,404.6254838141528,405.7880929382681,0.0044000430499775076,1.1277800242620297,0.021292537842026022,0
33.357392636023604,404.2325718143326,405.57780749536687,0.004391177548620863,1.0750159581258778,0.02397005269292291,0
37.54761046833589,403.9580361964978,405.40977787514066,0.004502976174238989,1.0256823087098796,0.021801419875257737,0
38.52692551409489,403.72869405838884,405.25645548414326,0.004245095423575051,0.8795935558597452,0.021292537842026022,0
40.53560802237677,403.55929298340016,405.1251802770516,0.004283449949028792,0.70534743592106,0.020276137949926422,0
38.18427210077039,403.3393570252196,404.9713995083778,0.0016145760800807371,0.6597366332278208,0.022056089977609033,0
40.056567134617346,403.17370231236583,404.83767333356576,0.0015351550324245546,0.6856209030651482,0.021165338323747576,0
34.858783162501354,402.87144124453414,404.6458733983848,0.0019162067332590545,0.9585839517589784,0.025,0
37.58443543659815,402.6455871928332,404.4815722445455,0.0019166453626760086,1.1591815834951247,0.02372034956304619,0
29.903739779029394,402.16981162909025,404.21094861533624,0.0028702919207799146,1.3731173778978019,0.03005158403231878,0
37.18018600673864,401.8822073294628,404.01054556810266,0.0032514175216971576,1.3924623793778257,0.024176359874846964,0
32.56842434777418,401.44104110325844,403.74294461038255,0.0034633889162342755,1.4172341734914014,0.02857144393584802,0
31.25017986218269,400.98474750236494,403.46228916152177,0.0033088189163822364,1.4604313113200473,0.027480131259825503,0
31.49909628442242,400.5766747306426,403.19481218060616,0.003289979802275014,1.4882239878720611,0.02319128158900032,0
35.98991589593278,400.2931807559504,402.9735885714758,0.003407290728984035,1.5282050577429085,0.015216266851348158,0
73.96769109987446,2006.2312990550718,2000.2720868168567,0.006630899879719087,2.152918862591929,0.0037577232955491847,0
74.02213353705363,2010.342258264253,2002.3782688882302,0.0064208683624360175,2.0452469737967287,0.0036597861812811706,0
72.31159435514813,2013.8596161245487,2004.296573839306,0.005523961393238012,1.8378691199737716,0.004689379584419506,0
75.90868252456266,2018.2429022689937,2006.6635637871711,0.005656421650170592,1.796878243276225,0.004854840160669608,0
79.28915642453492,2023.6095906585022,2009.5466135195193,0.00558869644937869,1.8115358356226736,0.00028927339419137143,0
80.95341876752855,2029.274290576023,2012.6581643731386,0.005264083691170005,1.7337822134117167,0.0008161071396423428,0
81.03065056487601,2034.4360941244986,2015.645451752883,0.00426949974984032,1.5290445716851915,0.0006240034986382076,0
81.29617225319761,2039.228994870502,2018.552732439362,0.004334534080236148,1.5299135182187193,0.0003837716922645235,0
82.16472583278599,2043.9648022619067,2021.5059145752434,0.004298510414443669,1.5661601710301412,0.0019148835209920742,0
83.0909029171843,2048.6871719496976,2024.5199024622216,0.0027210695041883694,1.3628400161192826,0.0005731794467996179,0
77.79455307420713,2052.4251064014657,2027.1662575930065,0.003122213541628994,1.2671131358095682,0.003256884499343899,0
77.90293723607475,2055.844572334093,2029.7123627263795,0.0031163763007982376,1.2345201969993775,0.0030646469348795846,0
77.69885249186429,2058.918808557389,2032.1381992885251,0.0030325019373565725,1.2527297248229894,0.0031606978626325844,0
78.31090525108684,2061.890450404313,2034.5407424722594,0.0026609072668101535,1.1358834518358878,0.0022007814462011084,1
79.2021916563229,2064.855065623659,2036.9584984225198,0.0017717680372563217,0.988441847350683,0.0008122079177615862,0
66.94295826928473,2066.393524009228,2038.7760715719937,0.0024074654688043006,0.9920053471532174,0.008649687650168188,0
78.16521491764456,2071.310871818617,2042.0389063709977,0.006151827905449127,1.0713764747944226,0.005524056266229934,0
74.4852841100852,2075.283052167974,2044.9556926316507,0.006279055507111613,1.0947273744199053,0.007903431695160909,0
79.31051700531347,2081.067973532913,2048.690926354964,0.006969341828542055,1.0759598762215217,0.0013108842828300563,0
66.42857089285411,2084.2150492066708,2051.369588227748,0.008014204529110976,1.1392921787561454,0.013149710705902541,0
61.01874517426143,2086.0046885014262,2053.4803112708496,0.008185288820294855,1.1329893715818802,0.018497338251902046,0
55.53401421985629,2086.432942522109,2054.9912109222582,0.00845729896680873,1.1883672588028675,0.024587372563381966,0
55.53401421985629,2086.8203870167786,2056.438133830279,0.008457059986859293,1.2199831737981914,0.024587372563381966,0
55.16593703138062,2087.0946989225567,2057.7914223793305,0.008453401394676013,1.2065988655530961,0.02497963937004544,0
50.93937842123366,2086.4569568428738,2058.7099193743984,0.008548963742966226,1.1211888269448806,0.029561624152507862,0
51.45627113545656,2085.994305355585,2059.638550843734,0.008356286677037137,0.9635768143437066,0.02896800627334413,0
53.267556793853515,2085.966266498605,2060.69440670002,0.005706767110639209,0.8495778368264649,0.02694536725682829,0
51.45221234866202,2085.5979990378855,2061.5605157579816,0.005699914762849893,0.7452042252684987,0.028720907681054637,0
53.89637689045124,2085.7601232765733,2062.60068312827,0.004064356520379343,0.5815892543912343,0.026158124006310953,0
52.580518878419,2085.6781863808624,2063.5007469196253,0.002951316983743124,0.4356155018444403,0.02733944202113645,0
55.136230284863885,2086.099372377562,2064.5731465994872,0.0028385284230122354,0.3919575587356783,0.024783408577218915,0
54.95219672173856,2086.4518568164663,2065.5890949645923,0.0021326841498793517,0.29279019630091907,0.02493054469246495,0
51.09579895018531,2086.17069940516,2066.3096489959726,0.002331544752074003,0.25444457593329267,0.02802971074814015,0
49.608049849240636,2085.67820716516,2066.900041652369,0.0023477491213713454,0.20283860646139562,0.029264729622176838,0
50.232268899673294,2085.3278729662597,2067.5063059043337,0.001876449048523634,0.1961874656838582,0.02877036615934198,0
51.20859548509853,2085.1537768981184,2068.1478542545897,0.001881228980362258,0.20910004530817952,0.02802971074814015,0
46.8531750363846,2084.3676407881085,2068.4986069044667,0.0020089089149539913,0.20068591069473174,0.031296645508360074,0
40.795383074252385,2082.637279446591,2068.4065637588055,0.0024905755534312297,0.28698519854161264,0.0366372824319063,0
45.73815751278437,2081.7384368413045,2068.598342854231,0.0026320122763550686,0.3524434131362114,0.0331371564682135,0
40.076034653828934,2079.87753608049,2068.3425519364096,0.0030155812733944115,0.4718721990826172,0.025409828205358,0
37.23310695804329,2077.593849097548,2067.8455060355122,0.002784445712110999,0.5697430641291436,0.023152925685722994,0
28.7588998797559,2073.213301751232,2066.3986656654934,0.004182158554102512,0.7167962527179533,0.03258519100104567,0
32.824385342891134,2069.821431393963,2065.2498930015417,0.0045589634188404745,0.7811201886323235,0.029544598529393,0
31.90926399594923,2066.4859504034525,2064.0360744028944,0.0045549809404761814,0.8448956283782256,0.028307377694824467,0
35.960722041926445,2064.0300668600926,2063.1064308981745,0.004774070884251093,0.9068320237433057,0.02533442074234687,0
34.28508143350065,2061.3795073014935,2062.035220406411,0.004678103819690298,1.0068014817513817,0.027600408859420104,0
34.17079493208074,2058.9528299530607,2060.995337013751,0.004712078548918464,1.135615517002631,0.027751793925120817,0
27.544267739889392,2054.842949441244,2059.1981085413872,0.005268589423262302,1.22114508573372,0.03799972797905027,0
25.33325334349972,2050.3244842817694,2057.139446935112,0.004863964365004593,1.349352771280218,0.04234326835504448,0
26.318940773422497,2046.360170521623,2055.2152854778788,0.004942562952733537,1.3670657289597536,0.041668717681326406,0
28.583976760177308,2043.049620979316,2053.4836335611294,0.005100193349805715,1.30084399507263,0.04016699529650628,0
27.63747401654979,2039.7686532445873,2051.7024923158588,0.003810308963983947,1.1045602947539566,0.040326656902743216,0
25.155642320439313,2036.009687615648,2049.6636165994582,0.0036204025076273755,1.0768863279612348,0.04409336050536364,0
24.923311597698188,2032.5325318906423,2047.6747724281374,0.0036473343881162127,1.0770538547007404,0.044511127781945485,0
23.328226576935208,2028.8627262524656,2045.5476387232247,0.0032660416925458526,1.1080180791263994,0.04739217652958876,0
18.597292576390416,2023.6090759141207,2042.7014908837646,0.004104426952458845,1.2774016654254958,0.056138243689137245,0
30.805904683799596,2020.4177040551597,2040.6185827092415,0.005436546523774097,1.3437015228247768,0.04637954268133539,0
28.68698813919393,2016.8159860477917,2038.3220469229823,0.00479111218363198,1.1478170777333294,0.04635328636423612,0
26.586346579127138,2012.7953837456976,2035.8006778546205,0.004783580380812691,1.1075533501526282,0.04952898205561439,0
23.90053745665935,2008.0719774579836,2032.9290085461814,0.004873128848749061,1.1613284512783872,0.05200697850226836,1
31.189669659072962,2004.855583737484,2030.6107673257222,0.005385365497942939,1.1444822637289584,0.03575949644930777,0
47.68362920551827,315.63100442591264,318.3824177276719,0.0015400101363975264,1.2308178004534116,0.005537098774217807,0
42.494223200856716,315.5564572829672,318.23066958791037,0.0019230932550513237,1.208471289087556,0.009369482713248662,0
38.54160322910454,315.38883605440844,318.0410426397273,0.0022225613685013324,1.1577509396203038,0.012746973089874757,0
32.10903407765386,315.036876581936,317.7706243407591,0.002842967722615311,1.0376122840009612,0.019570020362674526,0
34.083532537989825,314.7519400667046,317.527497186847,0.0029041599735634017,0.6641576916073942,0.018426534930085843,0
33.93173602752114,314.48945804575663,317.293347484373,0.002885587171974367,0.5380199156502313,0.01858970446464343,0
45.23013283352981,314.4570843285262,317.1606097149521,0.0037513839056287327,0.5152104440530553,0.011618634306537931,0
44.65637524824146,314.4134991373397,317.0275440978078,0.003751813744994346,0.49924479003791766,0.012101871952129776,0
43.857440233349294,314.35500470453826,316.89205091968904,0.0037449591561622055,0.5251172194688744,0.012746973089874757,0
40.90238207440265,314.2305927189874,316.73120532165666,0.00375747256757449,0.531765626874225,0.015173295592464123,0
40.705519375242766,314.11328706660936,316.5754133625933,0.0035929478421518634,0.5482335635677182,0.015335424258686102,0
40.28775145257727,313.99764047930086,316.4223391923039,0.0034538383915956664,0.5366607882432708,0.015659936056455864,0
37.97920365037025,313.8406063826555,316.25314587607267,0.0033503228922909002,0.5703950269089992,0.01744831625726606,0
50.032868703313355,313.9034479688607,316.1804772990718,0.0032934821608875584,0.6264506581097742,0.010492806972873608,0
46.20920427022766,313.87929481299255,316.0758216540572,0.0034814793626109205,0.7788284946439404,0.009086581090309947,0
57.682077946255745,314.1242596818236,316.0912643314754,0.004360188987691896,0.847141865237503,0.00015796426304463677,0
60.74148430441858,314.4363895871379,316.1451643141186,0.0039749804224162725,0.8453652786030125,0.003623169245741793,0
56.14042358515125,314.62348369996187,316.15563883454433,0.004173077455151779,0.8183118954246454,0.006795176795065874,0
50.0198654686195,314.6498287288311,316.1041240561609,0.004514578864317318,0.8066715912315983,0.011590962106160665,0
50.79026549552777,314.69271856114875,316.063003026464,0.004410035554391057,0.8490458089882974,0.010948846787136361,0
49.96092283885304,314.7124656496044,316.0154575956661,0.004422408240721288,0.8212669843341273,0.011590962106160665,0
54.37351518761468,314.8351249497438,316.01482671851113,0.004496699234419809,0.8271160568116456,0.00806958162331883,0
50.05237098773907,314.85083161995374,315.9734742515636,0.004612910582736173,0.7669723499287385,0.011269802517361111,0
48.39562657890459,314.82693757845095,315.91759339880826,0.004123557658863634,0.6630032245246827,0.012555567745772477,0
45.93921349790063,314.74816402874836,315.8396888347978,0.004072130930244391,0.5160391023549215,0.014490406983976911,0
44.324047814860286,314.63879355879226,315.7488271630368,0.0026497209995423286,0.42464628084065614,0.015784380080079447,0
46.59868249301889,314.58270656709834,315.6800001055806,0.002430505494414935,0.3686824671377826,0.014328929071529007,0
49.557937224756564,314.5891159441695,315.63832437975236,0.0024728829946932744,0.3590142861011353,0.0123947051394745,1
62.164669372775634,314.91401065875135,315.73376270463154,0.003932996841071102,0.4636288317011448,0.0017295213615369496,0
64.71599675366366,315.29367950938433,315.8615613518985,0.003972232791519427,0.6216563119481683,0.0018814867199727456,0
64.99843773466122,315.64670565412314,315.9880930343751,0.003934530035147688,0.646475718977306,0.0017240996644788402,0
63.09483014285483,315.9327648071235,316.095294220015,0.003918143398858171,0.6818095432079778,0.0029813658409793284,0
71.6523245752674,316.5106546732911,316.33283998029185,0.004677698128330614,0.8380397862014669,0.0015527950310559005,0
66.68176175136091,316.93825016141346,316.52040915417393,0.004861840519820354,0.8898426499539497,0.004672897196261682,0
66.4336700862046,317.32035409937055,316.6982579878935,0.004734256673335285,0.8537959745398246,0.0048293744633632184,0
64.87360884042187,317.6374862019314,316.85677231470504,0.004707737828625788,0.8744557367276882,0.0057695497855298995,0
58.9144274394666,317.8101193251459,316.9607006472203,0.00507586031522079,0.9522261707039297,0.009547621463204372,0
55.48393006593815,317.8948761804991,317.0303464427953,0.005234057266718618,1.0076394680626357,0.011923400211545124,0
53.257497185047825,317.9239383528715,317.0771437122176,0.0041137906096013884,0.903948705255677,0.013513474632336087,0
45.91585946861623,317.7740325838241,317.04807465775116,0.0043696920358109,0.7780698966564018,0.019440473456074418,0
44.144642644607906,317.59078371631045,317.0002154731424,0.0043573836590757396,0.761670235906837,0.021054278195280225,0
38.12601698199216,317.2440294476252,316.8784581925223,0.0046400611904635685,0.7940062193655272,0.027233595988301936,0
34.890493331778586,316.81601086836235,316.7137750106576,0.0019723138444233713,0.7353748395783979,0.03117505995203837,0
32.30702369657635,316.3287566530193,316.5139119668408,0.001976705919175392,0.9121544558570043,0.03464866015403103,0
36.4117127535253,315.96886304663957,316.3560007180459,0.00255303348794993,1.1471491450876543,0.031834946714578274,0
39.876076331562544,315.7146775127533,316.23433362738194,0.0029828697677991857,1.2464527671297527,0.029364866152215414,0
45.61923483852861,315.6132765688542,316.17129493523,0.0035806600901754394,1.346746315705688,0.024948375197166448,0
47.227700602555174,315.5596288200374,316.1267052179555,0.0036680694407139457,1.412135166291619,0.023647079814924272,0
45.07413168686855,315.4539489108967,316.0600667778422,0.0036739053150583296,1.6193310367390228,0.025600214598397616,0
48.84256959418772,315.44404941483555,316.0318610469545,0.0034768059239136573,1.6424608242491678,0.022673200437920222,0
51.62265574764387,315.50175878683723,316.0325807303537,0.0035299201254074754,1.674536440366026,0.0204082026772815,0
50.98329056028996,315.5396865080276,316.0273192189476,0.0028352595843308777,1.5969133953252572,0.020892707284060116,0
42.32648813122433,315.35495253834495,315.9310399483262,0.0035568507234909185,1.6777391348442612,0.02742348831676,0
34.732677631682975,314.9259047619954,315.72959146371585,0.004466643249660312,1.6996887043164168,0.03554765184495127,0
32.66706361857159,314.45200497765234,315.5005464714233,0.004401703977691446,1.667823838265367,0.03855454498730953,0
27.320472992472602,313.76133206974686,315.1717321634321,0.004899019537042386,1.7096317398982286,0.0452473741671493,0
30.22726430696565,313.198343533707,314.8818073775116,0.0046291798408354574,1.5933932619974454,0.0393048753081621,0
28.615503459411826,312.60802025346624,314.5698237984438,0.004468691479598301,1.5288400204034818,0.03941370066291734,0
27.41182197858872,312.0120144769241,314.24458022665306,0.004465642794910479,1.3277307539581678,0.039823670463158906,0
26.488788008964463,311.4251525909514,313.9125389101498,0.004063172659521378,1.2123962949738507,0.035965341770426595,0
25.561837526028867,310.846563691648,313.5739687462013,0.0036720742184915543,1.241930961334156,0.0376616989360774,0
51.101224864465955,989.8992062941795,988.6597513504477,0.009914277211800954,1.665360151228272,0.02875012645107807,0
51.496948842907045,990.0901865691857,988.7989495702589,0.0083842511240161,1.4546270507772523,0.02812779785481645,0
51.12566140435487,990.2151853978139,988.9102719146415,0.007376500881985565,1.130087557127976,0.02864632104048132,0
47.96036183795604,989.9227310851335,988.8352047564056,0.004882659659055868,0.8370956458964866,0.033074976013181094,0
47.256060790338715,989.5675995019856,988.7232090267017,0.004771894813349019,0.750366239173456,0.0340701431454494,0
48.79050613645971,989.4180807350995,988.6925732483911,0.004716575485378293,0.6885253812005404,0.032186222462518975,0
51.00763853781063,989.5307946395845,988.773119176361,0.004708485931478736,0.6454731184715071,0.029477097644545685,0
54.59071677963351,990.0523097001434,989.0352786374807,0.003535642891304011,0.500701322906359,0.024924610847204775,0
50.60500343638263,990.1045261842364,989.1009647920556,0.0036775004381301413,0.4015511694975837,0.029477097644545685,0
52.55504537877978,990.3710311484964,989.2600100749435,0.0028814368274474814,0.3671513292632028,0.027092318176526034,0
49.57673533420947,990.3023015322337,989.2762946512978,0.003078720506574743,0.40482419058039487,0.030465278265169548,0
53.05854545158815,990.6166235442231,989.4563676682062,0.0033470231191204164,0.3953045078937177,0.02636877299798724,0
51.27279778362889,990.7246443226844,989.5516612632954,0.0034047352159626365,0.39656045359898334,0.02747668263171162,0
48.651522873145225,990.5602821237997,989.528794689819,0.003219553491163828,0.39516276837871434,0.00945396924766178,0
44.38607696434808,989.9541739274595,989.308407088261,0.00358853529394089,0.44991203876738284,0.014377121726685912,0
45.30061432262806,989.4868517255151,989.1326640210837,0.0035408908871544928,0.5023512660966151,0.013501840472855325,0
40.379018319618766,988.5066652895956,988.7235880937932,0.0037831770216764505,0.5280352459092904,0.019556743402957998,0
31.44778750383928,986.2669275446374,987.7484532379644,0.0051630183188141315,0.5479640056227975,0.034559560192681346,0
31.160308375102417,984.1882799155974,986.7925986089948,0.005192453292517498,0.6193897756865342,0.03514952869493997,0
29.00563758282661,981.9123662399877,985.7076628868083,0.004900706049024238,0.6985113751906458,0.039623022260385526,0
27.856008792742543,979.6342388855703,984.574935090957,0.004909536632747785,0.7411419719681801,0.042118972427909705,0
24.795896133287258,976.939687132271,983.2189112707275,0.004301386112678436,0.8127547126996297,0.04903560793737415,0
24.341215475888646,974.4018806456946,981.8775209917442,0.00435601139547634,0.9765344293216252,0.05019468885589749,0
28.888469003220223,972.4297874125831,980.7310923529379,0.0050094830439238605,1.157204479107664,0.04645065243362083,0
26.74970892208168,970.2455103939983,979.462291242735,0.004999158745536299,1.0891000138246723,0.05107951553449184,0
26.49819732882763,968.2217195851005,978.2264667800443,0.004880025928808488,1.0293577110794114,0.051633298208640675,0
27.525607413851887,966.4574249599992,977.0707413109308,0.0049966317180210615,0.9783987604722273,0.05085815222927419,0
30.799462573844906,965.0707765355967,976.052293182144,0.003228960002728443,0.9303326954217578,0.04554047113573862,0
33.37752415546137,963.9829230817414,975.1469889200396,0.0033807794329655887,0.9113981493051674,0.04362184713569024,0
31.33038826762248,962.7272354406905,974.1642704700881,0.0032669248441717534,0.7151425829448862,0.04617167120075887,0
36.07142636893465,961.8959683417833,973.351312386604,0.003491592086124161,0.6436295835922934,0.04266248659017951,0
35.53473495063636,961.0819740621791,972.5458101795404,0.0026509863465372075,0.5738005009955682,0.043373407122268656,0
33.12594229451845,960.0645435099884,971.6548872931838,0.0028295789244535473,0.5175097966833258,0.045559750295317926,0
36.50419615695427,959.3488066071654,970.887077704221,0.002671644737978984,0.4218978102189781,0.042989882664227694,0
39.416916458303845,958.8822164629224,970.227128518354,0.002266473147879806,0.42399362470572755,0.040913601858175004,0
39.01117000472987,958.4219700304147,969.5782216503002,0.002261194607848432,0.40927957362147954,0.041350047389332394,0
38.21686626506273,957.9341294211151,968.9258447891806,0.0022969436832420815,0.43725451941942345,0.026958997730117045,0
35.8089666814835,957.2736959955763,968.2080552047588,0.002340544006180815,0.4582755657404755,0.017875920084121977,0
37.64842470496337,956.7714116084949,967.5595855740139,0.002280893886025796,0.4556702448189348,0.013077743914948791,0
37.13274323356562,956.2741084031572,966.9195638445449,0.002063998664404777,0.6079010869805848,0.010982094835888839,0
30.735322213155186,955.2193850885633,966.0519340016922,0.0026476441663031034,0.7341313455574296,0.013912360568215858,0
20.43541854684767,952.6221961611781,964.53099064829,0.006077189640695366,0.9744653494188907,0.03109001046006872,0
25.28136047679557,950.5676244043768,963.1954416793742,0.006362441645335932,0.9803157052930577,0.02765694682091103,0
24.47857547283165,948.5611170774913,961.8522442046308,0.00618639687728166,1.046305719519642,0.029370616237728617,0
34.70638812668797,947.4219263761696,960.8462670220282,0.0068560266120970105,1.1314647808575184,0.021567384938691793,0
35.17252452005772,946.4245739932765,959.8949006919819,0.006879147871729659,1.175039041220265,0.021185735980919537,0
37.638013247442146,945.69364413294,959.0535742647578,0.006975445265000254,1.2162463241913224,0.019227683401298268,0
32.75608379546276,944.4085076147313,957.9857198876308,0.007186879939812373,1.2976676853787998,0.02638916033448208,0
29.34536445545318,942.7267109847858,956.7442883103748,0.007195541718751736,1.3821972865449352,0.032425128452083896,0
31.93610553026086,941.3812830041344,955.6263121437901,0.007320245759945549,1.329932733420398,0.03036831030416226,0
40.17293826769116,940.7782925288992,954.8093735139826,0.0076970224747813475,1.2231783781807546,0.02326078849681319,0
38.021855862128554,939.9660620313097,953.9141383115525,0.004920816504125528,0.850087075684472,0.026334124744401985,0
34.60138703145144,938.7740411378642,952.8644398846062,0.0051002118968549014,0.801704938942061,0.031645884090393234,0
34.60138703145144,937.6955489732229,951.856830390307,0.00508058967940154,0.751134094040781,0.031645884090393234,0
33.544155562105075,936.581674813972,950.832123010335,0.004269953412482478,0.7031041371244036,0.03326132591033342,0
26.86783877637697,934.5310173799005,949.4146626812549,0.0053887803530688946,0.9390460241545208,0.0456259226894236,0
36.98279059250347,933.4566250191965,948.3785976653736,0.0063777897041921265,0.9059822192393313,0.03617657667377471,0
34.86143949650747,932.1655095954359,947.2513375352872,0.006150572565105207,0.9159295159991903,0.039949993504357385,0
32.21773942556051,930.5735456332989,945.9930156331089,0.006075717331776053,0.8526767297956123,0.04500520143934825,0
31.63712560868909,929.0379606970763,944.7453549143605,0.005972276590153578,0.868644986324873,0.041664361175941106,0
39.81372119092628,928.3152945401523,943.8242363414137,0.006087017692732985,0.9099765670506943,0.026751275763581953,0
63.98455151506717,927.1136718168085,928.5754216889363,0.005719827247520768,1.0753696185838106,0.0011708095645955295,0
67.37750548990695,928.7254902865747,929.2380429557513,0.0040852039045778795,0.944282427952977,0.0006355673579846398,0
56.01208388107092,929.3242715536315,929.4846466118997,0.0053811971373144436,0.8274844575328377,0.010427807486631016,0
58.24548200174773,930.118651471441,929.832865659124,0.004837000640999724,0.8011207251099369,0.007572095559187208,0
60.60283720885017,931.1137566898346,930.288343538336,0.004775661028157697,0.8043241965973535,0.0044654853665850505,0
62.93419239468859,932.2999333484113,930.8501185970239,0.004553382641185714,0.8405846737202617,0.0012718056515883857,0
66.39628901754537,933.8353526162821,931.5912173269521,0.004486815669397133,0.9148477026953511,0.00042172434480203025,0
66.77527213642357,935.2766081721343,932.322044275522,0.004525606152528852,1.0060500575202513,0.0021602695258952235,0
67.38741934778201,936.661320714251,933.0557703179174,0.004200771515276884,1.002005798904389,0.0012634367471615728,0
68.66741062665628,938.0807112348239,933.8300193012899,0.004195806375839789,1.0089976574831259,0.0012611131547745234,0
69.76287980881196,939.5076502416831,934.6325258069157,0.004140483592330242,0.9799642466098744,0.0,1
74.74023171163452,941.5466916938054,935.7265167355547,0.004571336924892178,1.1975491253479607,0.003017965766703554,1
74.32064627356701,943.3674078919681,936.762014280648,0.002483978863805658,1.1761746886570177,0.0032789916190628676,1
76.24509187438422,945.3337369274466,937.8910393604255,0.0024960785603632806,1.3614546887336914,0.0018672072541169606,1
78.09235330955062,947.4460928347152,939.115605730147,0.002509374699704401,1.4792287807161442,0.00015506399386304909,0
83.18262730742292,950.562465847234,940.8090779082685,0.004105462619036106,1.791922410838007,0.0007141265667910721,0
85.92497797935305,954.3202901987456,942.8350043623177,0.004550244018011836,1.8664036770294232,0.00929294162326389,0
74.61731372977614,956.909999168049,944.4242911429558,0.006058561308383477,1.9162537879196104,0.018033634444249873,0
77.16790352501663,959.8912139919429,946.2202579014195,0.006076991560068921,1.9395958138472198,0.011131349791660864,0
60.276657651441624,960.9352901130604,947.2289036981236,0.009154959614992839,2.0050640964701234,0.029201253884755612,0
56.370672544624455,961.3939867634436,947.9860718749013,0.009444204763222068,2.0474351802912185,0.03463630567644965,0
48.41999731409956,960.6657684705563,948.2213174237949,0.010016646291572678,1.9373313280619184,0.047654010177752296,0
44.76526221526138,959.3924896519887,948.1837748045363,0.010194318187724895,1.997775688831889,0.054787316671437755,0
48.828074498129226,958.8406854597146,948.4041380643532,0.010407986055769135,1.8769131227880533,0.047818831573558825,0
45.323349374810626,957.7556171438002,948.3653755409882,0.010393986416557565,1.743721103833558,0.05462029588183898,0
48.73815228151033,957.278795369194,948.5432553374546,0.00940735210455177,1.2924527583150698,0.04875362078932695,0
46.02235337250111,956.4044622379218,948.5252962287453,0.008257469747560387,1.109060485548475,0.05389730823430651,0
46.26508593508376,955.646770260737,948.5222501148282,0.008224663359064532,0.9491277096391314,0.05350835504963028,0
45.78995124489032,954.8898228982795,948.4890224319495,0.007493733997833745,0.8671328729706084,0.05434209067916471,0
50.664372277500576,954.8431691076202,948.7276083126172,0.006590509277358627,0.7340627862242012,0.046940472178291205,0
50.554755687988084,954.7866698912757,948.9502532612199,0.006480299756357715,0.7067154000785524,0.047105069119236315,0
49.629792420179314,954.6212532645712,949.1153594861993,0.005152999811636292,0.6303838357451277,0.048423508740538045,0
50.24253909578888,954.5430296621585,949.303821644046,0.0045837030147120915,0.4912257638242131,0.047599103580526575,0
57.5468379168786,955.4104411849701,949.8803832769349,0.00521816257507949,0.4797546679587553,0.036890973789560744,0
55.49811853637697,955.9761575605762,950.3408881102246,0.004701010648900267,0.468585025458939,0.03937175594977715,0
54.365350863442735,956.3689313020766,950.7323502972965,0.004531054452194492,0.4461940309461793,0.04072496366561354,0
50.87625485554238,956.3528426882491,950.9514757961435,0.004423584974594434,0.43049913800180606,0.039531465499275165,0
48.635236685508694,956.0906489303858,951.0575274542838,0.004567123081959966,0.4466110076773769,0.04115981649001503,0
51.71832412915216,956.1867805657653,951.2992803394527,0.004638809910416056,0.4549263410629494,0.03390451680574469,0
47.749865504244674,955.8451630919864,951.3512787239564,0.0044147463685916015,0.5229412143973952,0.018265824963264215,0
48.83047316949094,955.6456147657069,951.4471003227866,0.004436561635920062,0.5337838373429512,0.014888610439875492,0
35.7969495939802,953.6745247063767,950.788573525756,0.007662691010978853,0.6926517116825878,0.03529600467312751,0
38.296974620183676,952.1435588422218,950.2624835978023,0.007768751631191095,0.7331510475794804,0.032369920447285636,0
39.21085369775087,950.8488898569896,949.7955897390515,0.006645877625801422,0.6949534822883897,0.03132494251392792,0
44.178116409011544,950.1823064826051,949.5587337058408,0.0071435588423636905,0.7347798334100708,0.025533757741671353,0
44.63772153028981,949.6268312348461,949.3513607457265,0.007181472057899728,0.8470718300867318,0.02499077379278876,0
48.132951561793064,949.4861794925858,949.3035612304421,0.007330790038243494,0.9119175664674553,0.020882758301044965,0
45.14437674485746,949.0065337955629,949.110555790117,0.0073742565324333015,0.9481116356059135,0.02488220625365253,0
40.89485830922644,948.0249404666004,948.696799437232,0.007342138451319724,1.1176607071196127,0.031160114647520516,0
42.614765819355505,947.2987447025006,948.3672267514024,0.007356303689144333,1.0581593991761915,0.029296030495250563,0
44.058422282439736,946.7750449015131,948.1064886766691,0.00736733707158146,0.9842601005832136,0.02776600632087811,0
41.52698256587822,946.0012218400874,947.7312229498456,0.003723625180871828,0.7589920536788601,0.03121502906395683,0
38.85558041023082,944.9677604659059,947.2321902495044,0.0038241710700161764,0.7624999435362565,0.03507457299540815,0
37.340385381830565,943.8374813856535,946.6718882883058,0.0038403598984918614,0.7395000792990921,0.03274038112469265,0
35.870761482284834,942.6243721424621,946.0547726702841,0.003169367384357899,0.7215674320937479,0.03366989307605265,0
30.979606528786903,940.8172732751998,945.167239222565,0.0037081458567805067,0.8311052700247256,0.04189893374000088,0
43.09357985569335,940.2108619543169,944.7428598176659,0.00550010356268963,0.8873894163211835,0.02825187333087351,0
41.530846868742685,939.4574391794895,944.2503367753973,0.0054434908110170925,0.9431653093357011,0.028638863623969488,0
40.936003938688934,938.6995821974153,943.7458286186138,0.005174889011273886,0.686213837373192,0.028824450441156738,0
42.38025743715432,938.137712286039,943.312873790332,0.005153599877302835,0.6610232088321405,0.024228169936586382,1
47.48623926563823,938.0864989554519,943.0869807134395,0.005454940694392152,0.7211619550323917,0.014291835284752837,1
76.10339962550637,2839.4133796073,2791.57456357918,0.018071654248607127,2.6897399184933386,0.005130785205696203,0
75.68900210391179,2851.0189553310074,2798.85287583173,0.010774533489679584,2.4995459536659252,0.005639970000633232,0
78.64442628979151,2864.892770439135,2807.3076106770254,0.010190280058463511,2.189327121950207,0.0002002728860659121,0
68.79785614782088,2873.747724680329,2813.721211956206,0.010496826120976395,1.828378257632167,0.01359162586994239,0
64.3580841742783,2879.867570191631,2818.9988084820893,0.010714916725302611,1.8272391745944347,0.02042275162340765,0
64.68042058488895,2885.650734913726,2824.1457071384743,0.010611800179096907,1.5951564234197255,0.01952045650187043,0
60.87256761468348,2889.2889249960904,2828.3539181014266,0.010863949030872143,1.5330832272179735,0.02534368023741043,0
60.34562940097571,2892.3604060658836,2832.2754845048235,0.01053848339762379,1.4738369080679115,0.026150916427776828,0
59.17051943898543,2894.6715076027513,2835.8154412864874,0.007527769731599977,1.3355901017496987,0.02787485495623198,0
56.28006719170558,2895.6180360280346,2838.695068409817,0.006481434674001377,1.113245034940712,0.03212139418530782,0
54.46537275703418,2895.7497710714756,2841.129520210893,0.0063769948586591945,1.00375683298327,0.03482909987702796,0
57.531168070893806,2897.3749400609418,2844.1144602438458,0.006817746351276983,0.9785653971610524,0.02921582398004363,1
53.2769487716026,2897.186701536474,2846.2452176829065,0.004954127189514577,0.9251284552669881,0.035400982060208315,1
56.851299002722186,2898.741392884285,2849.0329545131312,0.0045608543635123735,0.8242158994672193,0.028968560955465933,1
57.105124211459646,2900.2717183448613,2851.752947724403,0.004201201917826414,0.7667400855388129,0.02850962403031203,1
55.27356259250815,2901.0081499364205,2854.0742385135763,0.004182601832042019,0.786417812904059,0.03091468443732806,1
70.55771376751878,2911.4125430731356,2860.5042706817453,0.011942995156195528,0.848241603723373,0.006777007114239436,1
73.58272390852335,2923.8550419428775,2867.96447489464,0.012083853198444006,0.8793936721336937,0.0009861932938856016,0
76.77477107505592,2938.8749617264366,2876.7251005455337,0.012192061437075748,1.0121622731795605,0.005646568990345611,0
76.80532809767806,2952.501403358731,2885.127498984451,0.011887125324610327,1.0410072875557888,0.0055160779190367906,0
77.54523241144051,2965.7151920996666,2893.552027444521,0.01156215332825486,1.0955085973140695,0.010610782009002845,0
78.69428185914636,2979.0606305970255,2902.214592488407,0.0115722867085438,1.1608101951396461,0.0066005536987917245,0
61.38616256856931,2984.0181226234477,2907.4664581471006,0.014720479092989692,1.2021435352136223,0.03140772264350057,0
61.976915436474144,2988.9699997413254,2912.6959670633505,0.014738729296032276,1.2900352273158875,0.029743099086997696,0
58.8503493827016,2991.944945124545,2917.0634471644844,0.015005556956732247,1.2396701100685104,0.035130156735179684,0
55.67266907037116,2993.0551839530094,2920.574151882816,0.015178261915684338,1.263119410300014,0.040850961240685615,0
51.25573532341485,2991.716350280879,2922.9412262961737,0.010579314787739161,1.192514255344065,0.049446139250797244,0
46.15774438727568,2987.475991949748,2923.9227737450456,0.010123997811531804,1.1423663514794435,0.060769578116013356,0
42.14073557849891,2980.9439584080064,2923.719793103456,0.008526694911460663,1.0674206843669127,0.07105421680196765,1
40.40135357344736,2973.795937753269,2923.000528528148,0.008318667851650769,1.0943667411918516,0.07584574620296161,1
40.8262691327433,2967.5288903397163,2922.3957557970157,0.008075514074327368,1.0312801884129859,0.07506879258188617,1
52.18836359589751,2968.0500061531498,2924.4337110996303,0.011770298417076329,1.0244360086785258,0.05156409311406828,0
51.162947241540934,2967.921416595032,2926.1340779775264,0.00950613975579872,0.9867231900786989,0.0537971821495485,0
55.02960433174479,2970.2434017378205,2928.793231818223,0.010054040676497124,1.0129420183315954,0.044781605391637926,0
54.938114458188664,2972.296584266768,2931.3229593779793,0.009968289249262739,1.054256998976815,0.044956212916930416,0
55.74627720861944,2974.639931435579,2933.953419815879,0.0098588559369712,1.086026258358188,0.04317800083452122,0
52.37430749233886,2975.1409147060754,2935.7948002944813,0.009661741840424435,1.0456394133588167,0.04912921617576094,0
44.54053816565374,2971.2224941547656,2935.7229326099928,0.010338144338427955,1.0485891836366756,0.06554193893255794,0
49.22670069805564,2970.182204050648,2936.706240803197,0.010167805786303363,0.939012569585182,0.05607539683881482,0
47.092213932368026,2967.993309138784,2937.1257518209354,0.0101659709420544,0.9187782567634976,0.060769578116013356,0
49.94687198559078,2967.5367783020138,2938.167336558177,0.010236807685355677,0.9058387726114615,0.055041880515605365,0
37.91314898816029,2958.7995910165127,2935.677774161457,0.011760113671179994,0.8524550970862851,0.07969954352886005,0
39.17710106258718,2951.561272609567,2933.5684947037084,0.01189635861985181,0.8356170591849086,0.060219179469694524,0
39.555720423704784,2945.20284879784,2931.6244438148506,0.011298918681153663,0.7997195500554164,0.05948414122681847,0
36.678823121790664,2937.2213750052865,2928.8269016436743,0.011310498608083804,0.7686335228678308,0.057524324901747345,0
39.241320361085805,2931.2001273142832,2926.644113227315,0.011502605430686893,0.6923291236406485,0.049408489909533754,0
42.42743057793608,2927.276208758015,2925.1860945158805,0.011876914135381559,0.7097037043714648,0.039377179525302765,0
41.07901903597417,2922.840275583455,2923.417065781842,0.011059304510812691,0.6536093849060712,0.042732703767420346,0
43.23093930556245,2919.807807079258,2922.1286828264197,0.010599610703766865,0.6180565754825247,0.03901765784438776,0
42.452806599237846,2916.607000351387,2920.7014862883952,0.010574471148863307,0.5473395184764277,0.040745651599259844,0
42.49923626882638,2913.7300862642064,2919.339615795386,0.010285839809800832,0.4774109403136445,0.040673555451913077,0
40.627881140450725,2910.117647657545,2917.6118128037165,0.004242299508331517,0.35200177179965947,0.0445093531631865,0
38.805086027780774,2905.8492470879746,2915.536868929164,0.004291796817539224,0.26582059299130417,0.04833699704735807,0
38.52145208291413,2901.8349792272766,2913.4816831445346,0.004268042978532402,0.21343673163713955,0.04892275728779429,0
35.92366095023982,2896.803020641957,2910.926271069898,0.0037702619322336414,0.18293131478456065,0.05433487147354335,0
33.06491337348902,2890.5836229414367,2907.7799080134614,0.003743567218557879,0.20793857758375767,0.0584495850256048,0
38.98148033239886,2886.84229620581,2905.5434256663852,0.004055967481952689,0.21616748814143913,0.050713657292944345,0
38.04854629823849,2882.971564887573,2903.194447991551,0.004007319739070702,0.21669491770840973,0.05259642812875412,0
38.29801406337905,2879.5456761071164,2900.9709335952575,0.003694596944006719,0.24088080206614534,0.05230063306770284,0
36.59223250699231,2875.627004640395,2898.495981645706,0.0037250001877606447,0.262914213965291,0.05548900980089086,0
41.96535153839323,2873.662516058022,2896.77611183972,0.004409007964919568,0.29311839237570253,0.044133099824868655,0
35.25937381735207,1523.8927297622365,1537.3192080012032,0.006547583541923784,1.230090110321983,0.028352405727486554,0
37.209767268975774,1523.024823435278,1536.3518121036977,0.0034832365912029774,1.0905995641305937,0.027198276897170675,0
36.44465102694095,1522.1349437340677,1535.3823443201904,0.002417079149589705,0.8496770528707579,0.027614487795790885,0
31.013503958347613,1520.5000579257428,1534.0866650205978,0.002983146691468746,0.6811334958664558,0.03355481727574751,0
30.287157512829992,1518.897399034778,1532.795229147498,0.0025613825912512225,0.6831451038432013,0.034448394300841595,0
30.111942231661402,1517.419248307933,1531.550022101735,0.0024841440429575383,0.6181462769984719,0.03465476569101628,0
41.016428249319084,1516.9310450123542,1530.7371327966327,0.0030624779821620866,0.6035442416305149,0.02823510533175147,0
46.01089647688056,1516.9566865092127,1530.167200539964,0.003131263695885937,0.6167026973093425,0.022607467658848707,0
44.519608170579815,1516.8082686076452,1529.5472728187538,0.003067410560356724,0.6657777226494667,0.023426157732659575,0
45.15769538500586,1516.7312134358356,1528.9801246157253,0.003027658673777657,0.6527520782125991,0.02222951924266161,0
43.88921132629252,1516.5280542244268,1528.3796989098628,0.003045270291532889,1.0264959010415147,0.02225014775214842,0
39.99989159873198,1515.9153537034017,1527.6183834990013,0.003165736424083549,1.0529816486832373,0.006886977406927751,0
43.13534066922891,1515.6088974657132,1526.9985670489796,0.0032237624406519813,1.1221145996769393,0.0042308617839938835,0
38.17720395415434,1514.7598563136676,1526.157181542498,0.0029084997022855944,1.1536455670313939,0.008229922888374729,1
33.785934071849255,1513.3914219663338,1525.0919179291254,0.003206676049279546,1.4086004443033957,0.012463310362300029,1
39.278012132890694,1512.5917994228153,1524.2627334272036,0.0033705037451249847,1.5886677578330155,0.009368754542151162,0
61.677418248405054,1514.736501780885,1524.7090648770873,0.007025606312722883,1.5836589506588699,0.005732557467318101,0
60.01409532576465,1516.4766655094438,1525.0498556459122,0.007051288874286571,1.5869221367459918,0.0071102572824934766,0
63.07788302559747,1518.6226185514931,1525.6221819246512,0.007055312092936627,1.6363807923363454,0.003898635477582846,0
56.82585208661901,1519.8018511045063,1525.8424164261837,0.00737324624781065,1.723973701681912,0.009144350097975179,0
57.33816176483922,1520.9544421646453,1526.0900598659164,0.007344660274289965,1.3681324808564417,0.00855145595480235,0
56.22060320725474,1521.863817082033,1526.2700445508247,0.007244205353519267,1.412285883047844,0.009474028095393662,0
56.80348249464201,1522.7722751136466,1526.4790825263397,0.007246892691839991,1.425237359571628,0.008880746616901134,0
55.56420110972323,1523.4607997935036,1526.6223343892889,0.007064632328966509,1.4093586059631455,0.00980392156862745,0
55.378374375253934,1524.0646726394336,1526.751432903114,0.006810554419190412,0.9533076010136111,0.009935907103362064,0
49.81508620605206,1524.0204068341718,1526.6235814550841,0.007050300425172433,0.6070990771091754,0.014045697530175268,0
51.67045012288699,1524.1899275344208,1526.5902167188815,0.0026129662595473133,0.5664,0.012583530316846775,0
50.66185743364283,1524.2385092486527,1526.5137335016118,0.0025999365186247397,0.5232910801773076,0.013314127027106224,0
49.899128537189114,1524.2062677734443,1526.4081101827705,0.002082537327063545,0.42961611834398744,0.013846036648008068,0
43.93298360271601,1523.5389091789307,1526.036441092895,0.0019106324303011515,0.42129830954438613,0.01832325976984934,0
48.212587471549824,1523.3447035648364,1525.853546479267,0.0022134902556406725,0.3977051429583075,0.015445284258954979,0
49.749541255798924,1523.3213935550373,1525.742653519762,0.0022766534295094475,0.34650531817500874,0.014378586281335568,0
58.11623123148634,1524.2527804687638,1526.0386378971268,0.0031902806716608135,0.476359362978109,0.0077620667950988745,0
55.05595317217875,1524.8001843688792,1526.197841655718,0.0032487105217418196,0.55262623897604,0.00980392156862745,0
55.13800012257055,1525.3049678209786,1526.354512571876,0.003248393932222816,0.6537544272709744,0.009737941737014063,0
50.11233306508189,1525.2759211095704,1526.3001795765913,0.003154635922695156,1.0687005490404233,0.014295113985655738,0
51.96151067955713,1525.4401301320538,1526.3282260253138,0.003148618135679747,1.2291148841822743,0.012966633155288147,0
53.71669864211432,1525.7696639053506,1526.4312063935133,0.00315418279812941,1.2957096162197994,0.011707779533146731,0
55.11110690492402,1526.2106748760314,1526.5899952132556,0.003147457234692188,1.3487082177784266,0.010716168421613496,0
40.74541144340967,1525.0572175454975,1526.0906769872572,0.004530605589710485,1.453433998022413,0.02159703703154277,0
33.76699398206431,1522.8707151073127,1525.1323216383923,0.004985977096071352,1.6929482788148658,0.02975838756987593,0
26.165850958297966,1519.0923932045084,1523.458475355857,0.006034150722191314,1.741432218828045,0.04288032615292336,0
29.683352561495497,1516.0453839902007,1522.0081437427666,0.005469276873424829,1.6886460319788765,0.04014529905339072,0
28.81163402053339,1513.0695385540787,1520.5249217804335,0.005481049440054258,1.7060099218446871,0.04175646414406664,0
35.787169428258196,1511.1295193216372,1519.416455608088,0.006029989823756163,1.8187684592665518,0.03624311611571877,0
34.05842319409922,1509.0123667783207,1518.2015244242714,0.006022387901028015,1.4442076592310504,0.03888778525398192,0
34.68431402960387,1507.1635219570348,1517.063508254427,0.005970797443183868,1.2170894889932755,0.03839962015284521,0
29.54920311230967,1504.3574048952428,1515.4981834517237,0.006047625243166376,1.1514594346127327,0.04676192727857294,0
30.75534792023238,1501.9423651292884,1514.047600669817,0.006039579405201754,1.0936276860044458,0.04584181800414131,0
30.75534792023238,1499.7573380076096,1512.6554052863846,0.005535760787058924,0.7759580346774516,0.04584181800414131,0
30.021726069608576,1497.6280348083244,1511.2556663411717,0.00517849790272136,0.5837718793946737,0.046974430260745784,0
28.554627290490927,1495.3967553388268,1509.7851653695816,0.0035140420458687643,0.5631564352317238,0.04924711712175715,0
27.956962960154414,1493.254180511063,1508.3221178355054,0.003325543642744219,0.553383157329286,0.05017314358689133,0
25.685513920002762,1490.8299477803384,1506.7155334977233,0.003417400275382729,0.44950665462415434,0.05382204480989949,0
21.76473560174601,1487.636588657934,1504.7571955629696,0.003051993291948826,0.47174187043105625,0.06141494338929765,0
18.99852897780484,1483.8616375770762,1502.508836916633,0.003303982323188965,0.5264099716154511,0.05766574585635359,0
33.566657378238745,1481.8652753437814,1500.940412150205,0.005257806775140329,0.5380659572640132,0.046277906925998556,0
32.757599105412,1479.8780899422163,1499.3594609628392,0.004786602991980685,0.503766897899285,0.04763858698558351,0
29.34946746928283,1477.270633428814,1497.5053154061627,0.004940919284880216,0.5338053740014524,0.051153217781841655,0
27.033238508570378,1474.2924578409995,1495.468059854718,0.004962845468658821,0.6007008417325964,0.04661135851594917,0
26.68433211653661,1471.5026829812218,1493.4725078743577,0.004974510358306288,0.6373970121345514,0.04359861591695502,0
64.0204684035568,221.7466914936612,222.08598951882797,0.0038783213023009635,1.6348787122049036,0.00044665523109331035,0
66.53923464361327,222.00472495208058,222.18754442464441,0.0029666052478499925,1.1970631222809935,0.0,0
57.41064419568787,222.12737909347513,222.2347276851012,0.003711033026491398,1.1378291914018697,0.005195054400054997,0
50.468551042222714,222.13526279160982,222.23367343957108,0.004164782112940652,1.124401061416136,0.010080510178190871,0
53.8101585609552,222.19962962505875,222.25816722476762,0.0036316541779700903,0.9151535097733847,0.0073605287357770225,0
55.37720556937133,222.28550818053267,222.29382826923796,0.003614665014736151,0.9654054870018345,0.006051056960079972,0
57.00222662144064,222.3917934701662,222.34053951373062,0.003613576527249104,0.9281890421774935,0.004700103314435839,0
56.1218292831523,222.476488122324,222.38009192235708,0.0034962150922753263,0.882236983139208,0.005240049155060269,0
51.61445835476503,222.49303080232565,222.3914224377071,0.003662707243546926,0.8863278199426683,0.008084451386038123,0
54.0135734809008,222.54422190306923,222.41815604154561,0.0032829800413014944,0.7134029068115881,0.006366848301651545,0
51.34414723557024,222.55525874293357,222.42825409602247,0.002940268305328705,0.6235302913326478,0.008039132563965821,0
50.83224564287285,222.5585698011403,222.4349903501298,0.0027497121523342057,0.615623336260756,0.008356173417281924,0
51.720863488591334,222.57300307537778,222.44641646130097,0.002305236914512049,0.5912303385210478,0.007812806707919956,0
45.00562410218848,222.49838061031886,222.4192074659168,0.0021554157044252537,0.6176555789448664,0.011993343895717089,0
34.55489163616677,222.2412360588349,222.3108825003752,0.0032835213007792966,1.018290594077707,0.021155567934134235,0
28.531402479223786,221.84852107233618,222.13792644512463,0.003674689708496051,1.1160038690823277,0.029020731582420127,0
50.22351330883802,221.86486093128394,222.13306982445238,0.0073518638022954655,1.140541918196899,0.010944926713897298,0
49.682178558141125,221.86725614784723,222.1230786522713,0.007351837191446,1.2195461186154448,0.011537237214996263,0
49.373627046540825,221.8627544273386,222.1106446816274,0.007310294479393448,1.2220152722443558,0.011856413024905215,0
48.40230741643829,221.83867376616408,222.09014211052184,0.007275438820464478,1.292663810880065,0.012815289608180104,0
47.87107216370579,221.80640836995948,222.06601628024805,0.0072661838363927206,1.3360514909365095,0.013318270646691591,0
43.73555233616224,221.69338255498496,222.0069992288843,0.007347527474756848,1.508269212187171,0.017360175486452585,0
41.58155715309616,221.54444881714977,221.93051489393247,0.007340781349765379,1.54976658008973,0.01685363818100654,0
41.83336450460534,221.4135164411374,221.8588866031548,0.007271928773512731,1.531354968634624,0.01666892946117561,0
40.838000089791535,221.27505602558975,221.78174229822804,0.006677306931370004,1.0653061392801766,0.017639523120540197,0
43.852483858868275,221.19169993476135,221.72568615778374,0.006108018533625633,0.8126369802257188,0.015607996990335316,0
43.74343552978329,221.11438151113316,221.67116700543647,0.0015555421451161604,0.7497827225422578,0.01570011515753429,0
42.60186371606251,221.02537737868303,221.61083166767258,0.0015553217012876349,0.6353029028837581,0.016622780379045576,0
43.1609882212834,220.9515208628892,221.5558387238103,0.0015885346490306254,0.6541080714193559,0.01629964285080874,0
43.6674479820124,220.89041513286742,221.50555281416672,0.001614819230228233,0.6644942218662018,0.016022871492057618,0
44.728206824042466,220.8465600033966,221.46218971258213,0.0016543827335953624,0.5934983293432899,0.01546978077128083,0
46.882654201705115,220.82974272688514,221.43028624317026,0.00117192027326657,0.5707755590274387,0.014365333734757893,0
52.96972433795162,220.88501121467885,221.4294702768346,0.0013041183342224903,0.6037071697471128,0.010975080780404245,0
49.043674078591444,220.8892955520191,221.40939669876857,0.0015688115880444012,0.5478598203496023,0.013171609824745968,0
50.76310787716114,220.9131740678757,221.39858038031693,0.0015079381159131332,0.5944624037109586,0.012209446304125179,0
46.72088786033015,220.88715549969672,221.36815173886689,0.0016441719595188843,0.5742708436234317,0.014503249442958069,0
41.776942075575825,220.79789630715024,221.31131686482598,0.001939291619316969,0.6353694599320681,0.012639230815497823,0
38.01039283111408,220.65999361902348,221.23278174121873,0.0020930836153791915,0.667492188093716,0.012719367260086418,0
38.99747903477643,220.54474950243733,221.16145413393986,0.0020986077108815547,0.6994812050338638,0.010982017296075789,0
31.274080836535617,220.3033322513976,221.03546704366588,0.0028480947347330676,0.9200011601295126,0.017659768820346006,0
34.56918687693053,220.11729281371436,220.92819106981634,0.002928012270165389,1.1143329395602413,0.01502174805409389,0
33.89992181667019,219.9365910154443,220.82008619854608,0.0028453792126417296,1.2408788830203994,0.015626448735377694,0
36.54573395791734,219.79786254182034,220.72674056522592,0.0025333982870652627,1.292603051549934,0.014417837865585348,0
39.552380777441684,219.70091990329246,220.64913782371215,0.002647900265816067,1.342576845774361,0.01302681286871513,0
44.29023739888317,219.66083096773525,220.5945952929285,0.0027857718722123993,1.5664111144988815,0.010716919539391655,0
38.28027243116783,219.53598709671328,220.50523289718382,0.0029626907111093585,1.715430553084597,0.01502174805409389,0
40.70279313079352,219.4477957295126,220.42982421913572,0.002939055389812809,1.7057990247975783,0.013814575106487306,0
37.030372968215644,219.30990734089198,220.33320022480396,0.0029441293594420527,1.7314029252225362,0.016651398545011468,0
35.61222457770238,219.1613417335271,220.23053358734583,0.002923010124836458,1.6958296722425772,0.017818621735074626,0
33.93282531275686,218.99835353465053,220.12008236676462,0.0021361565438585595,1.393054918500453,0.01922284660029333,0
36.09635503218111,218.86993620582786,220.02201282547972,0.002084721680979657,1.0785420884654209,0.018286290364984074,0
36.432615929427534,218.75660655370368,219.92907323735193,0.002086817347452714,0.8280642743219341,0.018145958930247254,0
29.338749694012265,218.53216421250158,219.78909245665108,0.0026640300065696454,0.7117703800561618,0.02310536109530468,0
25.827076570192773,218.25005057485868,219.6218177774559,0.002667889811564184,0.7598690990464253,0.02676619574908569,0
24.423586206281144,217.95956605576544,219.44658081421588,0.0023186345093528134,0.6688925135833259,0.027881041287575212,0
19.128968895511363,217.5300789744336,219.20903434896488,0.002989422980474348,0.8876354575377033,0.03302882713775495,0
32.763016508619174,217.28625983217103,219.04117764930635,0.004123741747243929,0.9519637144506296,0.02349166406048037,0
26.9653744656396,216.8942316920477,218.80878024349573,0.004638112446310316,1.0313179500251977,0.031195802469365565,0
24.595736841485135,216.45287248989976,218.54965643528797,0.004662240373719345,1.034642303861901,0.03552251361562645,0
27.170962692794532,216.085930366992,218.3143223135187,0.00483675600669251,1.0761031031804078,0.03386640047760152,1
32.29735852131955,215.8206023420309,218.11605166943667,0.0050620837765333465,1.1358331141688442,0.03047351105017452,0
70.98284043985342,2166.8732380987753,2151.141093093197,0.008929966130636619,1.4990593118878017,0.009813211266317803,1
73.49804636169529,2173.4141830515955,2154.760749838424,0.008957841045732941,1.5461981288381967,0.0035341088080445616,1
74.94510948267188,2180.150241618558,2158.5800642124786,0.007465172088150416,1.4441459225061961,0.0022281639928698753,1
76.29063358575812,2187.034226632514,2162.576827686189,0.005801206500796908,1.481584639474096,0.00119875288076284,1
78.30151159369396,2194.5290773240795,2166.9553184721867,0.00582283694153094,1.632352658172091,0.0015006630460808945,1
79.33735561937185,2202.0041429272183,2171.443225377194,0.005802353883395548,1.7872107556858616,0.0018918777829551188,1
81.04599692583423,2209.985970861908,2176.2680669036936,0.004020752356930347,1.886711390165606,0.0005249819300471992,1
81.82976379130619,2217.796858572681,2181.1363116197585,0.00398755190247274,2.0283011352320255,4.3674532272390174e-05,1
84.31892186995617,2226.96922065391,2186.7139442603484,0.004012826162760388,2.1895920536989175,0.004062187702571305,1
85.20763678178436,2236.1241824222398,2192.419475745885,0.0024417828679669474,2.215370556449165,0.004993584871394749,1
86.81687255453814,2246.121418721314,2198.623275579107,0.0022086776251794503,2.2892384756416972,0.00042716787697565144,0
84.18670473316604,2254.7073690292605,2204.353080207319,0.0031513022735845304,2.4162069745788237,0.007490797177365629,0
85.24009932717799,2263.4750739564884,2210.2671689197446,0.0031447628509109924,2.4103550704399366,0.0030681174933674627,0
87.84042379860723,2274.3895381297857,2217.219759869124,0.004181759880141155,2.4701167882619206,0.005719132740222876,0
90.42356268704049,2288.5038707096974,2225.7097329381772,0.0059310680519491215,2.516387732617027,0.0067698255288957685,0
73.52669873965004,2297.0129454958333,2231.9864325182375,0.009953393613998138,2.511396192425428,0.02569595939983997,0
60.438948818198185,2300.127542504653,2236.0107604621103,0.01264227051078907,2.457136587240488,0.04687296796179514,0
51.826169771146375,2298.972018555738,2238.14772723969,0.014105312826242004,2.40191855408812,0.06595275452086975,0
52.33486740669822,2298.2029325064163,2240.3119669282805,0.01370685856224113,2.2737622682053575,0.06460343371990444,0
57.54580077867647,2300.4892049060595,2243.665475570395,0.014417724697079195,2.174198530188485,0.050254049446940834,0
53.20319086359665,2300.490233352954,2245.9889499770384,0.014418081920501277,2.032736864343737,0.06016079215116279,0
50.08919653811344,2298.9097253144346,2247.5362251347124,0.01452614824538289,1.7685695991898303,0.06786637183220603,0
47.47529142148528,2296.0984991365835,2248.4271328854124,0.014377631931912977,1.6600686159529843,0.07468934841538807,0
46.22127732724496,2292.888316688685,2248.995628247897,0.013158519935321817,1.272377251377803,0.07801450124584673,0
46.86900230926577,2290.2697877572728,2249.6620718339773,0.010590931017453745,0.7727264727603099,0.07658691951937466,0
44.61226051338253,2286.786242396775,2249.8258845302516,0.009742743963496454,0.4574182340759111,0.08217595739644715,0
43.325746591063776,2282.996383709302,2249.711396179937,0.00821355815997756,0.3610989509638509,0.08540271577380952,0
45.74024426710264,2280.482035879822,2249.9901242414803,0.006786497284145848,0.31165822666993004,0.08078516210153505,0
47.56938128707814,2278.902548728053,2250.5522361209187,0.006898729559841361,0.30009349868549157,0.07730023744372601,0
45.444912001215265,2276.578181796353,2250.7115797862753,0.004542490267036502,0.2679142872980576,0.08179192829618541,0
45.91534180909834,2274.637160178775,2250.932853146485,0.004058436794678451,0.20985764564564766,0.08097684386394045,1
45.815256144784584,2272.842950737958,2251.1288668881084,0.0036284085277634897,0.17130513085603177,0.08116847661686341,0
46.25689299047221,2271.352991862403,2251.373106040003,0.0031775499194340766,0.146514832679076,0.08049794218608833,0
47.7635551488964,2270.443105221372,2251.792155962574,0.00313334805377401,0.1426624078974119,0.07830040219840975,0
49.487444351824884,2270.1151635217084,2252.4027518315875,0.003194376301192418,0.1603962782269617,0.0744596598271394,0
59.4618602342187,2273.247285303701,2254.432338048241,0.005476057700682863,0.1868716403722507,0.023881893182805036,0
54.622037369873865,2274.6524001581906,2255.7776170343486,0.005940908547099622,0.21972471959868378,0.025699322040264424,0
55.53154117808831,2276.257031020971,2257.2080184868337,0.005878380122305227,0.21980007258443277,0.024132685502127427,0
59.18160219022861,2279.089850538089,2259.160141541416,0.006055494378000741,0.25158377300129753,0.017692996022604077,0
53.35892806273757,2279.9480120149306,2260.317085083452,0.006541884297013715,0.2996858748306355,0.02565445070869173,0
57.4170701772735,2282.2578244998435,2262.0700717400673,0.006760331931318424,0.3488106875853182,0.00946100568096874,0
45.16725055750487,2279.9093738988386,2261.8916403893,0.009805999104979288,0.4293695927338545,0.030297616665927698,1
43.49453976616728,2277.041713441887,2261.409309775971,0.009867532264873824,0.46920196837294015,0.03386965486624734,0
51.63117283862653,2277.5806111953575,2262.2580161390083,0.010940875341760739,0.5797962587949106,0.01896878685518697,0
55.8551496112719,2280.0015784065536,2263.881058676572,0.011224621311976912,0.7596058094280532,0.00998697351280938,0
55.34236933802948,2282.001482671902,2265.3588513790464,0.010050855437277463,0.9143025102550527,0.01086484137331595,0
57.54596085967927,2284.810934658377,2267.1947440267713,0.009867022742461741,0.9115605156914529,0.00627298291152931,0
50.18103451791095,2284.5908407254033,2267.8033703441633,0.010757386079476136,0.9713057133535983,0.019058050383351587,0
49.016237570523415,2283.9155089082615,2268.188752921899,0.010504929391739902,0.8834105845911195,0.02129527991218441,0
48.48299140379331,2283.0949738921568,2268.4712348362573,0.010249436999715646,0.7704438185272268,0.022282753959411903,0
49.213231874837604,2282.6097302530475,2268.8495539288174,0.009932709801532276,0.7037319325502199,0.021071115013169446,0
46.38111643352019,2281.142110270685,2268.784091895613,0.007538345634158757,0.5941244528260888,0.025935096195521843,0
43.09229081125795,2278.5475791295976,2268.1937111553893,0.0077136567602712185,0.5586912186828236,0.031989041563591926,0
40.9526189339981,2275.3334892302832,2267.2662192375533,0.005877728573430363,0.5264669803263925,0.03617246498825791,0
38.42381864934989,2271.3588364321417,2265.9320292877933,0.0046121995275146665,0.5135620882003725,0.041368149312272416,0
34.272547693912784,2265.819839404183,2263.8431201619064,0.004909653864594302,0.5288491635655409,0.05096694890509017,0
39.356830916984634,2262.2083840430114,2262.4198451518955,0.005332291921641116,0.5226986733731982,0.04403254273365187,0
42.36192611310228,2259.817099032677,2261.417620019203,0.00482984581614356,0.48716234336369013,0.039738902357068444,0
46.14195142731753,2258.805934579575,2260.9341885852778,0.0053642071428820805,0.5070959876985025,0.03414549639666795,0
44.68147683705,2257.3577498979175,2260.248551138037,0.005377289605783584,0.5249942729603689,0.03672664412424838,0
45.932044758296854,2256.4093776952536,2259.7405041352354,0.005406581887026212,0.5669431522266447,0.03074668535145323,0
24.813475396969338,73.87400778976236,74.76596885234729,0.01066081055007733,1.6120189532522435,0.04482324152849295,0
31.95810778793671,73.79440092264355,74.69182335302058,0.0031930506650644287,1.495064730633785,0.0403887857511658,0
31.54160301723553,73.71859063423267,74.61941569339936,0.003132637545394485,1.1877887786549812,0.04095887484615796,0
31.10503263625438,73.6462116070082,74.54864854893783,0.0030926789777894663,1.2276375975073532,0.0415295890531572,0
42.107275811539026,73.62940188392551,74.5028060185135,0.0029969539755128455,1.2661420549180389,0.03429966790794466,0
52.77660773006389,73.67810304090733,74.48743720667466,0.003917310382257332,1.3424026194461771,0.02495277163948013,0
49.1376368323669,73.69831098478305,74.46220855804114,0.004255947571805155,1.4111333014542486,0.028420604837835355,0
50.318172929318514,73.72421795672903,74.44148601428763,0.0042580761638285535,1.4390627419968842,0.027308322424375447,0
43.63748224402261,73.70093363667864,74.4011228637655,0.004936514906512624,1.6197568164972413,0.03415887849982105,0
45.697363064535274,73.69226466215639,74.36800301961662,0.004693248085273561,1.6014004481844426,0.03233252592968022,0
51.43212324088223,73.72159938355408,74.35263749924857,0.004807820034867448,1.622944055958325,0.02283787082981419,0
53.46760035431906,73.76243308061544,74.34419809966974,0.0047289924701554905,1.6462559482028032,0.0014834876343619691,0
47.4688324504191,73.75934224175113,74.31868013660787,0.005227960386598964,1.76739313686803,0.007595246617347233,0
40.781585232321454,73.70222402582066,74.27065254703,0.005913915169624673,1.857627084869378,0.015445560372534682,0
49.969725206213035,73.71630633765595,74.2532551504364,0.006261410531267191,2.3707180976789433,0.005958056201726774,0
43.90883740261672,73.67473038533568,74.21308929358827,0.005952380763878434,2.5138742404678007,0.013919272508900614,0
52.59884086150896,73.71334686936319,74.20760809096828,0.006985225710720086,2.463719773530842,0.009179269551404383,0
46.40496424960087,73.6873023485804,74.17605641246756,0.007517198537800529,2.4302865214109293,0.01797385145619207,0
46.31317563267442,73.66278741261472,74.14544830514059,0.007222652649032726,2.3436529133563133,0.018112512944670943,0
45.728869632238286,73.63489288495188,74.11369195643893,0.007196746866658458,2.322273326600287,0.018945063890067677,0
46.09507015347224,73.6125148222771,74.08451529900553,0.006935249091478886,2.289504043146729,0.018528618284456875,0
44.16921290282414,73.57512130058235,74.04923153340984,0.006877344214719998,2.2686423544465772,0.021032516933254364,0
42.987218302820615,73.5308120052831,74.01095946686543,0.006703606807025646,2.2625325813794164,0.022568752730187838,0
42.43135395311409,73.48596146499885,73.97226868073575,0.006252042249029083,2.2307410007002453,0.023268609833627815,0
43.377579957128766,73.45110046938622,73.93764434063192,0.005312991869424335,1.274306036108084,0.02242887483651112,0
44.68291659751414,73.42718101587586,73.90771872915735,0.004774764561230004,0.44095278819923467,0.021311547172485817,0
44.544745208057726,73.40458845053702,73.8786410535132,0.0028208541012780678,0.43106507614760436,0.02145101301343874,0
54.78847644904927,73.44892095332615,73.8782915335704,0.003237580962452279,0.48130692400722874,0.012048184060607982,0
55.31142323875326,73.49284016389346,73.87957306114353,0.0032278001438460257,0.4771706698842301,0.01150045233398971,0
56.6609933064194,73.54210035389364,73.88483757227692,0.0031904591160703084,0.4703166151139856,0.010133765414835042,0
56.47727319095914,73.58571518621898,73.88948054840988,0.0032038707982853993,0.47228512789270716,0.010270299138249579,0
59.05054583175441,73.64232004198062,73.90118048164948,0.0030165881723428615,0.47662404335755254,0.007818843740476755,0
59.33816985962372,73.69543745419215,73.91320184010236,0.0028822515726461425,0.47922461522643917,0.007547240040709299,0
58.453859090404016,73.73968586904624,73.92312059447782,0.0028704739527007674,0.12403824897719816,0.008090593911710544,0
60.513768960225406,73.79210112797396,73.93785086182565,0.0028611310810745033,0.12732574384398798,0.006326574436814822,0
61.617337421293605,73.84619080970042,73.95478437781688,0.00286446876066486,0.14627080808229154,0.0053792566244710675,0
64.51622351560688,73.91322505095327,73.97863874024887,0.0028115179485027043,0.18417430518441513,0.000804796192323366,0
63.16418530817447,73.96911177675324,73.99951517237085,0.001161081619704862,0.14845084763671587,0.0016107751219064598,0
68.06481488231675,74.05205772554827,74.03314206370156,0.0016401242476387153,0.19810524603890603,0.0014698104721294657,0
68.85241402561898,74.13281829675428,74.06779683140884,0.0016456220687170657,0.41253278240845526,0.008010660372467237,0
66.21458294602664,74.19731446357207,74.09744548673285,0.0017713294360104498,0.5749927449676902,0.011763198924358339,0
50.129021790942566,74.18899851975566,74.09794665913886,0.003677140405684395,0.5852018699406887,0.021319684496588647,0
49.75701728157777,74.1795693930177,74.09762952277973,0.0036752637030237506,0.5994221916984045,0.02159544044541085,0
54.48476804337712,74.1958012753308,74.10768967695046,0.0038457107648372374,0.6293219010605052,0.01802291855798181,0
54.48476804337712,74.21048716590033,74.11734255704525,0.0038100153490426723,0.9324568229553447,0.01802291855798181,0
51.460819148155466,74.21044068068596,74.12103143219058,0.003844169402104137,1.5461676314221573,0.01994344933556619,0
52.27583517767789,74.21420832795427,74.12616291357988,0.0037352177728798685,1.475981719197198,0.01939397227483165,0
48.34224998284278,74.2004738655283,74.123929536166,0.003790258122459457,1.4137138157559148,0.02187124008716895,0
43.103045553619616,74.16233301695347,74.11105541103296,0.003425742849259499,1.3083446095251499,0.02560974676820722,0
40.97735560775945,74.11639572797004,74.09393261469569,0.0033378106178238265,0.726146401421472,0.027280159173523683,0
41.49512291418812,74.07673804503139,74.07829224773326,0.0033911807776287463,0.23905368250063042,0.02700143250428623,0
42.31290248659057,74.04371519933386,74.0644709208482,0.001990215546575884,0.22546420009205004,0.026583466638189664,0
37.7658002074326,73.99097950058525,74.04168447167709,0.002165975455920773,0.2009760829847354,0.029936108879944846,0
31.917442251082676,73.90707572074375,74.00474586671353,0.001973065257171179,0.2865334523629424,0.0352893148613842,0
31.502688160581783,73.82830590535285,73.96809821796383,0.001938235249606998,0.28861324444868464,0.035714293171274475,0
24.17295950069756,73.69513260725921,73.90716857359314,0.0029878284448699843,0.35469849700404227,0.04500900348605289,0
36.4263847154763,73.62226220270234,73.8684747876319,0.004142881178098141,0.3556544621658794,0.037844537565901996,0
37.93843742316269,73.56299864903329,73.83409817074721,0.004222263162512963,0.3749135186150575,0.036849348512414386,0
34.758761490702184,73.48556963089202,73.79120233359949,0.004210060805284238,0.36450694487601765,0.040412404692869414,0
34.50962039419602,73.41361045433099,73.7492273745229,0.004224512515022039,0.375302521497758,0.040698459340720895,0
38.542609304286636,73.3646950207361,73.71564822904134,0.0043577131748837915,0.3793418499166152,0.024279788834271447,0
67.91061946527,441.868312666886,441.57466226778496,0.0024915981446058215,1.3526140480025655,0.002460863766254195,0
55.119365052348826,442.0288303945389,441.6595198681337,0.003961050564712427,1.2479127318941627,0.011272686591378735,0
45.05351649492695,441.8113598648288,441.57779510389935,0.004936500741792601,1.0535928607379301,0.020011342337620808,0
41.0198926712256,441.43339766392296,441.41882056954006,0.005096529695399735,1.063928350833848,0.0244375506230402,0
41.758765603032316,441.11540625472406,441.27777089635316,0.005101688512690012,1.125810083062038,0.02385295947013516,0
42.83842965593139,440.8611790552564,441.1579845204599,0.004890002122716624,1.0946224391306585,0.02303563759776657,0
44.5770696717163,440.68368377459336,441.066856989407,0.004913059928342881,1.0971708721270184,0.021753958526124714,0
36.617072538985276,440.17509193166023,440.8261704257815,0.005132052574971735,1.1927074271795763,0.0303203893519976,0
38.084934179048794,439.75795337768193,440.6151707113214,0.004350757126220423,1.347693441877245,0.02925654051660281,0
42.8372676479619,439.5236266221443,440.47638262754924,0.004583812734169306,1.3156156616351236,0.0257260469106761,0
40.81311482785704,439.2258678519036,440.3061779533035,0.004514583466980623,1.2879025772603685,0.027841416284177117,0
45.4404277642078,439.0994904833327,440.2059650030655,0.0044285485212331565,1.273269660133962,0.02432060754721531,1
43.72256250374926,438.91845344040604,440.0810766133127,0.0036292480987461283,1.1141019809741322,0.02596060217071276,1
40.539407283639314,438.6260240131789,439.90569709850246,0.0035067681817849525,1.142068585970004,0.029138422649090986,1
39.39543099927672,438.31383265457487,439.71728298794943,0.003493133376249972,1.1809191126434695,0.0303203893519976,1
38.46040954797088,437.9932926229811,439.5205398466552,0.003457440106173851,1.309335306699646,0.03126790482641501,1
71.92218707545163,439.4803858001822,440.10040218579724,0.014288939248394318,1.5523947500228892,0.00044087673448462735,0
74.77359289908327,441.1687288978117,440.8032649098868,0.013725860466449455,1.9939112071168568,0.009623783418649497,0
77.26049022706748,443.0391339998176,441.6236614379911,0.01367704724671302,1.9098551965305315,0.002604193226607461,0
68.5656535946819,444.32159357700704,442.23288305202317,0.01448166935866638,1.9751189371918645,0.012048192771084338,0
70.16345278656209,445.66284055157894,442.893817029275,0.014306056429741143,2.03741931086643,0.007853416560752783,0
65.53748255598737,446.6428666575108,443.42668484691455,0.0146787274250533,2.0615021466198185,0.01326897166573966,0
65.98112038761059,447.5723704211245,443.9553251791872,0.01458887284848221,2.1338092109390216,0.012269952187566761,0
65.67761780171516,448.39901535042895,444.45554567160474,0.014456999308246923,2.111110748142873,0.012602739726027398,0
69.3247023290624,449.4898294732092,445.0809643494483,0.014334440981329038,2.0177732202670646,0.00467542430781309,0
61.765790583226504,450.10997100109637,445.52393862404966,0.014892839579729585,1.951799370197024,0.013157894736842105,0
63.06138961701084,450.7805719506411,445.9949585381887,0.006594264766773755,1.730369014654116,0.010609222723983772,0
63.46714739294331,451.42062333125176,446.46047122089874,0.006103554211462568,0.9742592010456392,0.009836065573770493,0
64.42892727000898,452.0758989479861,446.93892119062787,0.0055135780754817,0.7277147199450692,0.008073341273364126,0
66.11042083559082,452.80210328591596,447.4539973397552,0.0046384964353183905,0.6408259455067206,0.005003236310406978,0
67.58381594520426,453.57818967169595,447.99811295244,0.0045405344007777414,0.6076973105476816,0.0022778777853620234,0
64.67670716161717,454.16604627836165,448.471389866294,0.004215258789481646,0.552929778258321,0.004893964110929853,0
68.50628733851704,454.99793422397454,449.0518512545149,0.004626169570225246,0.5951071268201937,0.002052305507793322,0
62.169421986318525,455.48865109028367,449.49787612578336,0.005170866561035964,0.5933588456899503,0.008040882877559283,0
64.54539677300247,456.1088304607259,449.99983716462026,0.004710887822785572,0.5682373640627157,0.004004342215401786,0
63.0471440694556,456.60802711645107,450.45512173579687,0.0036533915746749493,0.5545853772528364,0.005418879304055025,0
61.39431118620888,456.99300219940324,450.86369792151794,0.003710539718376103,0.5690416943207052,0.006946732333508606,0
57.13154304679421,457.1651065275722,451.1814841277289,0.004007287386947428,0.6314049462016598,0.011007014919158347,0
59.73541694270311,457.47320798445077,451.5503083666794,0.004113865086471348,0.697656651729964,0.007493510540330166,0
58.073498118448505,457.6852951309213,451.87611215125276,0.004047705157090637,0.717800756954938,0.009027613196180157,0
59.4616140067211,457.95337433093374,452.22061016778014,0.003986204322707038,0.813845392669457,0.007383265790411238,0
55.73545623916101,458.0530570266314,452.49122822114253,0.004037051112261937,0.8642105960542008,0.012091476673134531,0
48.817145514288,457.84323491995735,452.6252090447458,0.0037080800301297076,0.8174706177384577,0.019085184979634528,0
54.07874777584474,457.9105469619216,452.86138781126124,0.00402357399488895,0.80936168889718,0.01308472393354189,0
50.84718519219951,457.82382558730444,453.0262581241974,0.003807015711547743,0.8397686817840871,0.01652076103494256,0
49.212620181034296,457.6691724725031,453.1526127683721,0.003811831349310633,0.7989255915989356,0.01830332170650653,0
50.91201833167627,457.60544018686795,453.3056949984986,0.003912518296368503,0.8175714808486362,0.01652076103494256,0
43.387677224744564,457.18110248711974,453.29950341382346,0.004518111951920146,1.0181959952822008,0.025157219574162767,0
40.305161811597095,456.6209850021803,453.22003472093354,0.00426726470358408,1.0866523209010919,0.02935962853621516,0
40.42839245519391,456.1189778295774,453.14575159859993,0.0043179240540759025,1.0043960898621405,0.029245555579821468,0
42.101089435034496,455.72668773472293,453.100261999724,0.004291366162806317,0.7501160755741276,0.02776545971895741,0
39.526723300736954,455.2384250305312,453.0010430612202,0.004285843420948236,0.6168420726320194,0.030958680649126352,0
35.66798448922536,454.57761253208696,452.81457590562314,0.0040882567010015495,0.6006496486514656,0.03624804916904097,0
31.944556768739986,453.7368772243184,452.5344856416986,0.0032598497073061815,0.5966224310041104,0.04217608029830342,0
30.025146831905545,452.83811588311454,452.2081521124691,0.003257678054148544,0.5883825166772932,0.045577313878828934,0
23.683742118017847,451.45351836335396,451.657199212273,0.004654198971025478,0.8016225776105362,0.05989048763651621,0
34.69943687041561,450.62460432786133,451.3044930602486,0.006279130745097578,0.8327573960240844,0.049237691232001696,0
31.45775869583356,449.59368000017986,450.8491131509487,0.006137676503799411,0.7821795378892589,0.056275581370981764,0
30.073192301603484,448.5323704189869,450.35850277153827,0.006125601200310001,0.7665681697299214,0.059527824972698096,0
29.151964789456613,447.486422184286,449.8518712124442,0.006046411597347604,0.7748121405868197,0.06170723518057856,0
34.66036818888446,446.75914003826153,449.4563885689094,0.006469351406664958,0.823682909073037,0.056155465151090975,0
39.17470737455143,317.95626237118523,320.2400069875919,0.004830198998294471,1.5182978174105821,0.018942383583267563,0
40.711117763514075,317.86498608334466,320.1008201980855,0.003254155658258401,1.2360515305874507,0.017034681061464906,0
34.99880274038996,317.63929365027263,319.9039115655816,0.0035874424681775854,1.1796265576340852,0.021870028198048733,0
29.00826764868461,317.23958432616104,319.62867988127175,0.004030181692406939,1.1962794611254906,0.028553138749095767,0
29.640768164983953,316.8876124741588,319.3703353605893,0.003649564693294501,1.1271351199804562,0.028225184015504157,0
29.220138695960543,316.55496090821833,319.11742638022565,0.0036262013799626385,1.1067596635407158,0.028717294751998905,0
28.35351254699765,316.2254718292354,318.86332230861376,0.003616198208784681,1.0752722074521384,0.02970293073036234,0
36.169027735690086,316.0371010801477,318.6690956765886,0.0033530032142707767,1.0678638970843062,0.025934745891756164,0
35.623196568460315,315.85241130549184,318.47728478038937,0.0032530864458047612,1.150899137219806,0.023718502211674233,0
37.32102760559963,315.7091815797904,318.3044988096407,0.0028766062945097984,0.903722181698069,0.021472880130236807,0
47.96237785611684,315.7512017994685,318.21454006647417,0.0035477709998554003,0.9723291978097114,0.015657163696330835,0
46.54410985185144,315.7606194578349,318.116061762749,0.0035373572734003957,0.9812926132659895,0.009498179332049118,0
49.994481771702866,315.831088948653,318.04891920763066,0.0032439404999864523,1.0534211615600626,0.007424979789938784,0
56.907102168374465,316.0377906928305,318.04689148748764,0.002474416528796779,1.0969062749006195,0.002672975168288129,0
54.99667599425338,316.19142718761583,318.03047661065074,0.0025844678653915367,1.5760895091756968,0.0037777813004533202,0
57.206804743594276,316.3780599299186,318.03540903579176,0.0025076394504849344,1.8053048544042465,0.007072135920681729,0
38.346003140216666,316.1038226095054,317.8486183688388,0.005694462701701133,1.9004740952659573,0.022009549909041068,0
40.39413560307439,315.8986054766423,317.6883699805049,0.00558319606428896,1.90906492032845,0.02054461359663763,0
40.630068069296094,315.71771227008975,317.537048889341,0.0055818089473078395,1.9460866530636953,0.020382146167147692,0
48.53031251202352,315.72555092120496,317.4659120863976,0.005872486332065079,1.9774458347809047,0.014566201017497454,0
44.786449207887124,315.63261033904257,317.35488182289544,0.005667302762926316,1.9349920408418857,0.017950735175486496,0
46.68482616183014,315.5913980916973,317.26693425058437,0.005692925022280575,1.9847752526796298,0.016497403198187845,0
50.16977542863513,315.6350852183326,317.21734574719994,0.005724459032099724,1.9211946114846443,0.013763664836352196,0
54.3302914375873,315.7793978518428,317.21460547334794,0.0056184023547051,1.830984464754573,0.01024751714502879,0
60.32938980761548,316.0861903716184,317.2871392973963,0.0059218820049224494,1.2009005525855403,0.0043886956002644984,0
60.926979032018615,316.38280475716095,317.3647426239783,0.005909291069585702,0.7248174787871353,0.00375934098860505,0
60.194523974587284,316.6368686292535,317.4330189237378,0.002810653771495419,0.47109619885733883,0.004231330998801488,0
67.60327590753278,317.1191525399349,317.6056684093572,0.0034820659014495954,0.42666504710403275,0.00015538635707784858,0
70.70534566777519,317.68884288404774,317.82770160534534,0.0034279878137379897,0.4556484226718438,0.0009284673082693756,0
57.38993789096968,317.9042215012523,317.91336446681726,0.005085143609157074,0.5615470072056419,0.010782877192768265,0
58.58966045153646,318.1419432279797,318.0136173124868,0.004818260440317735,0.5537986265129909,0.009363296058517552,0
57.619006835416904,318.3332073448607,318.09965436444384,0.004886877380674817,0.5708566702188297,0.010151491681898448,0
61.46871336677015,318.63959810828953,318.2384609549883,0.004958041729501855,0.5918211533267669,0.005753401255629215,0
62.13024039356178,318.94061490952276,318.38159567587593,0.004926058004947182,0.6215731377533138,0.00497205147361595,0
66.2489097793045,319.3701165712859,318.58509290985256,0.0048611913361177725,0.7445294030646141,0.00046373130568431737,0
69.39856494021062,319.8968106673151,318.83839988732575,0.004945523370820114,0.9796023294419236,0.00138507914892306,0
67.98500546200543,320.34476413940587,319.069305685293,0.004970479777752434,1.0460588271814102,0.0035428030648823818,0
66.76452599829071,320.7262389446517,319.28075634791054,0.004437862468819909,1.064269250680726,0.004316306058701198,0
68.35517372285813,321.13328619462953,319.50957811414696,0.004290470200118193,1.0855550809531065,0.002307692307692308,0
68.08529736691395,321.4968019993069,319.72707240006287,0.0023576360453348793,1.163948157783056,0.002461879559675363,0
66.66764646256001,321.80188337369606,319.92572617778563,0.0024705006567389697,1.3236665249143955,0.00415760867011223,0
59.705768625055015,321.9540905759869,320.06441116126683,0.0029426113191583572,1.3369736672774404,0.008194168047302436,0
59.44869779661997,322.08703981181793,320.19547273538865,0.002707353994397435,1.3422800355800064,0.008350028261909996,0
60.367761957059926,322.23113664453876,320.3311872532828,0.0027073160082115295,1.3407691072572043,0.007571018675041083,0
64.36829481844273,322.47103563030595,320.50721994422685,0.0024454707771935508,1.4341661317767518,0.004003041702752117,0
65.19089954649294,322.71189595437164,320.68608812698005,0.001998335000475802,1.2803663091857254,0.003230731670673077,0
56.9749976631096,322.7917161959996,320.8000387436802,0.0024488501793557575,1.304443201704034,0.007726781314545081,0
57.765682263334256,322.8829833595098,320.9173464227562,0.002459901692778355,1.2733044517932819,0.007104209399131274,0
56.37121612788165,322.94174803709393,321.019991334269,0.002339439745615358,1.1553250372478245,0.007882497041634467,0
61.3899392572308,323.11396565979817,321.16815841975694,0.0027130534235286223,0.9424931247541982,0.004003041702752117,0
62.3234219291449,323.29359095054474,321.3202934345842,0.0027118891105864305,0.627243199210242,0.003230731670673077,0
68.41000047725142,323.6323022271038,321.5397318616966,0.0028147457467992843,0.8548885378987512,0.002906475972811392,0
67.14702025824741,323.9197053271538,321.74243018613834,0.00284036861633368,0.8554543637108274,0.003520569165688731,0
65.83821976887701,324.1606898884574,321.92907237220766,0.0028871215042039116,0.9395935744545267,0.004288539880943589,0
67.70271071157117,324.431103374014,322.1300334677892,0.002752217778758396,0.9549299341174867,0.0025994070443902907,0
55.053259589203115,324.4709992723506,322.23778146225357,0.0035840767902231025,0.9476668075336552,0.009235031379510057,0
61.533170467545006,324.6785244537545,322.4124956942478,0.003608784060148232,0.912779506776402,0.0036736942582387888,0
58.02951361576954,324.7996195200764,322.55252031167487,0.0037410349480097404,0.9216755036234902,0.0058290959513066995,0
54.22900403721822,324.83298875627304,322.65529772325624,0.0038500141726376543,0.9880121570671415,0.008303897455679587,0
58.275370743381366,324.9679431153951,322.7974835755578,0.0038062960202054873,0.9426621629352737,0.004904233267480843,0
63.06980457546124,325.232902525673,322.9933104804757,0.004026209090176154,1.0058177272122097,0.0003051292250667429,0
31.65580728075531,429.03302375185615,437.0932995926616,0.007862993150317913,2.137495726270941,0.03377664092587824,0
31.254131212777295,428.60988737520404,436.55660278374256,0.0040809278440368316,1.7992305462594533,0.03438531769581795,0
34.30632994474719,428.3083380680301,436.08125633070125,0.0034640299900305736,1.2573564667649304,0.032318720426570385,0
26.716917648983497,427.55378410776797,435.4125163903803,0.00506521626333672,1.1140496974464986,0.044719359142464755,0
23.848014156293146,426.6280848653577,434.66610939424845,0.005178947627524291,1.2005111025211528,0.05109490437156175,0
23.580669012084186,425.76698022599567,433.94317406333147,0.004712435878829274,1.2042065478186839,0.047174284965335586,0
22.91666331319645,424.93089859731754,433.22769644708706,0.004497588981239914,1.4355898895439452,0.048681025882419064,0
24.067923690494098,424.2032545159575,432.55712001630275,0.004471816364325545,1.5329130156016242,0.04792715213287382,0
23.939600540936652,423.53553958225564,431.912426896412,0.004389298864284068,1.6443595712354162,0.046140938247258206,0
21.200065663034906,422.7170501831656,431.20230588985896,0.004211103975611527,1.6997493799426042,0.05060850556023712,0
20.310098355391503,421.90039970964807,430.4903072559087,0.004127559038964237,1.7900904789438965,0.05263797810412555,0
20.195964964926546,421.1521276765694,429.8055994873704,0.004147197054362087,1.865382690575364,0.030189591519201274,1
32.80198180604117,420.7706890078659,429.279796751653,0.005069677189581932,1.960288960583532,0.022533846419801173,1
38.06961778994462,420.57334919252645,428.84126057601236,0.0039570997515852415,1.9724421382684338,0.01874844842864725,0
49.82116264659345,420.8045992751979,428.59967792320543,0.0046657901273513555,2.1139575406280002,0.008392406129949764,0
46.40307128221111,420.8661009768455,428.3046144042977,0.004894795238199609,2.217261048391192,0.012101021326895134,0
57.049348776063134,421.4172219869918,428.236468914934,0.005974338672725732,2.0885384333465473,0.019102294651530596,0
60.981905958116016,422.14924506896256,428.27196376539933,0.006036916757877891,1.991455980813431,0.013283574011597818,0
49.04098990048473,422.2350650255722,428.05772411309863,0.00806486948799796,1.8984366440982494,0.027774495542002446,0
46.83714525401355,422.184088839387,427.7973606175503,0.007886174459893197,1.8277985956198284,0.03106467917175715,0
47.309375578397606,422.16178839559785,427.5583128817784,0.007799156170730769,1.7441339960859619,0.03045378650121383,0
45.067540895365106,422.01776454477096,427.276360842066,0.007936071907887183,1.701046661704994,0.033638402714363226,0
44.45673285856978,421.8541221204444,426.99208547695747,0.007683692351981309,1.6264725775621232,0.034499168263460445,0
43.81724433133569,421.6727335522353,426.7055720546781,0.007624943080525104,1.5259569251411103,0.0353612933784524,0
43.24298824457374,421.4800486544149,426.4189306109824,0.006777064783498957,0.8693889371560961,0.03610149914650408,0
46.035534912165254,421.4105061614621,426.18894780796455,0.006770706506419759,0.20175350526891656,0.033392722027257876,0
46.677660111676744,421.3714031889631,425.97872192362917,0.0052013857197542555,0.18182191876549197,0.03277906839184976,0
44.40174255401135,421.24077175753445,425.7368131142534,0.004572087518521339,0.1440396115152068,0.03523806617373512,0
48.7107763193893,421.2749896724196,425.5696394651425,0.002312753546396383,0.08774279833241037,0.031309254028360066,0
47.715161115308526,421.26784799459267,425.39326812053434,0.0021050898579781808,0.07375595221812842,0.03228864005647925,0
51.701911034534234,421.4042612950156,425.2846847641951,0.002404278826600219,0.08618924328702052,0.028625444136517172,0
51.28074541377765,421.51339019811314,425.1745519031806,0.0021326282465608964,0.0894947511517257,0.028990652831356774,0
50.54188817543228,421.588311766895,425.0589084583642,0.0021178381684190725,0.08658917818853198,0.02959981141682648,0
46.768402646261706,421.53227699148204,424.895784395083,0.002375510076397361,0.09545049630949351,0.03277906839184976,0
44.695122308978824,421.41014534897045,424.7092558672401,0.002446658295039283,0.065787724057231,0.034622219614440806,0
44.55335591373396,421.29488601430774,424.52837846557134,0.0022868076287858065,0.06563820085863725,0.03474530024226686,0
38.84613029668387,420.98582732335007,424.26874635749743,0.002752054988774639,0.0827188131511756,0.030259597616175946,0
36.6143449859966,420.61572661374515,423.98169449755727,0.002745278022929191,0.09412334681080972,0.030208597264773387,0
42.76495853532649,420.43802859144114,423.7723791320713,0.002772180694414534,0.10791372676935253,0.010865642490671642,0
39.16801951961446,420.13915269040433,423.513629902059,0.0029103508363087912,0.1373517813943564,0.014378145639862144,0
38.80442868643068,419.85445808281423,423.25942205285315,0.002469359691346389,0.14857677632999783,0.014742883822288857,0
31.72178192541493,419.27781837546627,422.8818226303869,0.003216616658675518,0.20865452462704417,0.022957951378077403,0
28.844631236200684,418.5941920114959,422.4517386210241,0.003227343802731341,0.2591158864739317,0.02717782461434809,0
32.343246538381905,418.0613940536617,422.07496506309013,0.0035263669915199785,0.3073913260468134,0.024939437755372277,0
32.73899885925654,417.588866659646,421.71742871400176,0.003592081566755835,0.5038066471786503,0.0246913133351472,0
30.52763983561617,417.05181824287433,421.3285647992079,0.003559740465475761,1.3107148555927874,0.02755182728392155,0
28.797177616433274,416.47544036614516,420.91760545504013,0.003391108753123012,1.3017198404785644,0.029926977598464112,0
29.02515554440241,415.95871905138847,420.5252113775019,0.0034300320153459194,1.3966451030540095,0.029801728168813105,0
29.02515554440241,415.49121138495167,420.1486283564696,0.0029280765658440877,1.832213051986727,0.029801728168813105,0
34.61128339502079,415.1777581107981,419.8328855810318,0.0032015348980533394,1.985979292493529,0.026928615374136464,0
41.70097980571388,415.0513034459685,419.5953482405753,0.0036043321925180592,1.9385286740198604,0.02283431569429388,0
42.3132970296629,414.9511778090789,419.37330516337215,0.002554823089241737,1.6980884988282865,0.0224637386303593,0
36.88881417370225,414.6748702548895,419.0828260939565,0.0026682877387426414,1.5824368649218983,0.02730251263992871,0
33.24101150936443,414.27725869050784,418.7425415449631,0.002785221534302899,1.441289253948085,0.024604156159599575,0
27.097293246231843,413.60322774124296,418.28511057536696,0.003613714710596914,1.6950498412934318,0.032539291755382733,0
21.516750900020142,412.5838619093436,417.6756502282382,0.0046306004926060405,1.7406050040610948,0.04355924193698533,0
35.62760956420536,412.0663459721293,417.25885661513604,0.006139203728990383,1.7633711507293357,0.03266613903948217,0
32.584391254893106,411.4028795830612,416.77757592426434,0.006257073224251407,1.74969209452698,0.03789189304428996,0
31.051681067539747,410.69783819312033,416.27198996278986,0.006246577700504523,1.3837003145553333,0.03712871287128713,0
29.948373439922236,409.9837547267817,415.75493732382876,0.00604279781687954,0.9916416351051325,0.0365823401622972,0
31.743962496191173,409.3900601889866,415.2802514230902,0.005794904861346832,0.9076258420259785,0.030340557275541795,0
55.85253934884333,976.4267661159394,978.5538359832394,0.0012724813304916336,0.8613984477604816,0.0026546615490365805,0
66.62096385942255,977.3119075843603,978.8608270883963,0.002148094057673027,0.855396153069319,0.00030433984909573295,0
56.293277584137776,977.6924931327936,978.9652197353844,0.0028389528261033707,0.9001284882230187,0.004789577362170356,0
55.24521694723734,977.9889866024083,979.0434648821944,0.0028665328484264022,0.9061878608541323,0.005301806965487941,0
50.76656395821842,978.0472723586289,979.0246165793021,0.003015409237507085,0.8938206884110192,0.007561848149067988,0
52.09725829290449,978.1667572568854,979.0362815491013,0.003016452086263186,0.8926913088585037,0.006841634116764313,0
47.91347530551494,978.0745615686367,978.9587394305622,0.003128702572083934,0.8902315542774086,0.009005308721899984,0
46.758005883488146,977.9339526963437,978.859432526202,0.002899642717039426,0.8716494238334226,0.009625255630815167,0
50.80375413854185,977.9879217325644,978.8443435081665,0.002968453221984213,0.8694388678729029,0.007664793050587634,0
48.30705467890072,977.9223385001984,978.7796900107114,0.0029227316272732178,0.8540982688958613,0.008902089753094585,0
45.30961072670523,977.7200264513417,978.6552761535502,0.002951441388801745,0.8612014995379287,0.010452974313005774,0
44.90945574271773,977.5179510968095,978.5280287458231,0.001758242957117448,0.7983207217626023,0.010660131892496542,0
53.34072968960766,977.6973292935373,978.564257569849,0.0019226015231705981,0.755197890382385,0.00673879458996952,0
39.728197060865504,977.1067108938472,978.2714413517723,0.0031527305725614126,1.13672642462878,0.014925373134328358,0
45.76575691997797,976.8773621681974,978.1237343087682,0.0033781265140981533,1.119397328478273,0.011593298093207138,0
43.28507798293507,976.5078865046548,977.9122800764852,0.003377911578190713,1.1185048013810168,0.013360739979445015,0
40.63406413561734,975.9925911197447,977.6317155476338,0.003368961612975348,1.1411651435580765,0.015343450508349768,0
44.667770944363056,975.7265115070253,977.4495547218334,0.0034821053692553985,1.159415396911252,0.013152473933843084,0
41.3536793172081,975.2666588744632,977.1808500967492,0.0034336768103091736,1.194746776126519,0.015552554543450881,0
36.87058886311485,974.5171795539015,976.780301911849,0.0035489331468541224,1.305602383410722,0.0192267677450217,0
36.029307035889175,973.7724392555875,976.3682056486049,0.0035449224150046767,1.3257641327337721,0.01996481591937273,0
39.229138859591906,973.2415718642485,976.0348338389765,0.0036274517869015316,1.3300615155926403,0.018281359206641323,0
37.47940696974335,972.6374501716934,975.6626058537198,0.0032386978001396173,1.2599982782580892,0.016547729440482675,0
39.4915058708721,972.1766257368952,975.3427077892844,0.002239151940666932,0.4982036054376698,0.01415583010935308,0
49.261488800822676,972.2360068113394,975.2394066969691,0.0026254189956323093,0.49735851676683274,0.008943269239516875,0
53.61679433734245,972.5469261205494,975.249978704706,0.0027159963144072737,0.5092806614888084,0.006150691952844695,0
55.44725335707604,972.9425304409501,975.3087256003435,0.0026124029990048764,0.5244702730979673,0.00491449547760556,0
57.1177991387502,973.4052219470692,975.4095261190093,0.002562653923209671,0.5321148074583109,0.0037840174403997433,0
63.08113137723502,974.24294636823,975.6839383252411,0.0026361488678476853,0.5727451763126783,0.0025453064232634545,0
66.39779777833361,975.277089152714,976.0639980086996,0.00207471657997666,0.6078104512708589,0.0019287630303029552,0
66.73082485542918,976.2412963274046,976.440396358698,0.001956973608352107,0.6627536877728911,0.001623681293177231,0
63.565199078634286,976.9803023840522,976.7448398805626,0.002226264204448372,0.7397523454740261,0.003048780487804878,0
63.1046246261516,977.6298613615731,977.0286678200341,0.002082148666417409,0.8567866869184253,0.0032527060853193078,0
63.24805724564394,978.2270739250811,977.3048217711197,0.0021336530247440164,0.9064881779998019,0.0031507018081269123,0
52.48501108317727,978.3006919746109,977.3728832807755,0.002631827642018663,0.9813865915883556,0.008171603677221655,0
55.16774961655455,978.5196876289384,977.5023302823322,0.002552417955436328,1.028628174659995,0.006526641416892037,0
58.915041755654,978.9464127161464,977.7226583931898,0.002618000024673888,1.134592313330295,0.004069175991861648,0
57.83055708645229,979.2848701749415,977.9139534806416,0.0026356836821579323,1.3417376684334779,0.004580152671755725,0
58.16232618893424,979.6101396868403,978.1054393619404,0.0022265061968290865,1.4059832796151193,0.00437568712684909,0
32.07483911307433,978.0757643157244,977.5215522032541,0.0064069419834302255,1.4529723718211531,0.024390243902439025,0
32.6676757206738,976.7208662928011,976.975414415974,0.006409511490905594,1.4703950253099396,0.024018286040822158,0
31.12143575831864,975.3188219149094,976.3776294238372,0.006404799804805507,1.445697043084593,0.02598752598752599,0
31.498948041412646,974.069365417522,975.8120877601837,0.006420627854772609,1.407368645102323,0.025774254290523407,0
30.33519391977312,972.8151006410811,975.2176499124678,0.006379093856339808,1.7274279846661909,0.027162009494018632,0
35.10219463042402,971.9088720770054,974.74288479955,0.00647333515676072,1.640577959929464,0.024602940420803604,0
35.10219463042402,971.0889559550762,974.2873160497802,0.006402959070945481,1.5526173287310594,0.024602940420803604,0
34.47521055041457,970.294750059487,973.8282621609343,0.0062519533128436305,1.3817996440840072,0.025188262788886005,0
31.103001766812667,969.2809440116889,973.2644526668569,0.006235894220989807,1.01796568046621,0.0284999477831897,0
36.197864670551354,968.5875067536352,972.8167585752384,0.006376198565125545,0.8312983399231416,0.02598752598752599,0
35.83357466870385,967.9315428937656,972.3751682045191,0.0017753213141521223,0.6838109852625448,0.025995632403733496,0
35.135432683019005,967.2856733023934,971.9294980531735,0.001767815041301708,0.5993361605612644,0.026582726051060098,0
31.153924821786873,966.3822611556841,971.3687894426178,0.001985267015226367,0.5762887661605408,0.029860134668612807,0
28.5535413984219,965.3267922513014,970.7314211143408,0.0020814400499583195,0.5415813173989863,0.032555257006696106,0
22.299527073088584,963.6289817033818,969.810361597367,0.003151932731456723,0.6015747177574705,0.04105543473779683,0
28.56431693169965,962.3690670373711,969.0411290402732,0.0032332585900436608,0.6200157002314882,0.03787878690575014,0
24.275916602566042,960.6672340539934,968.0689657908163,0.00352926143562638,0.6446591456740168,0.04436212219593701,0
22.15134890414511,958.7941471406234,966.9970922943525,0.0035310579349938863,0.6791158090114385,0.048246572172223695,0
20.780363104334242,956.8661161292998,965.8710777837999,0.0035181234350886693,0.6800050470834873,0.04789304010618836,0
29.335231920535065,955.545523827454,964.9661098994518,0.003908825591050092,0.7394291848981798,0.031813361611876985,0
55.09428448113334,96.73339184954538,97.2731431820968,0.006646083960243803,1.5099812986561127,0.0039010085117754736,0
57.07193552569996,96.81897381469354,97.28847320227877,0.00576880081695866,1.44555826683374,0.001229158557390311,0
59.09999297598637,96.91831979903563,97.31293377137663,0.005709474289975133,1.385845836244364,0.0,0
60.41349952475219,97.02247981192966,97.34266080761925,0.005678355928091198,1.408481969322789,0.002244681317293831,0
61.651366292908,97.13004059866101,97.37697280234713,0.005430982673506293,1.424598277713668,0.0008150976037793914,0
63.74436165611761,97.25021637347923,97.41988551057597,0.00525685606025037,1.3341288821697144,0.00040655468823544097,0
61.63124834921558,97.34556285553342,97.45493964706084,0.004126457959443632,1.3418325492093965,0.001832064174817112,0
57.11625083721765,97.40224553175341,97.4753613966296,0.0033721339681677433,1.2432322862654965,0.005003041163519249,0
53.828374977107934,97.43063424922889,97.48479162245114,0.002395817355454651,1.013321050522123,0.007471887203029518,0
60.29027220277953,97.51637421597036,97.52017582541242,0.002977183628570702,0.8404519004712616,0.0010169680896874765,0
59.57757510869892,97.589166356043,97.55190131257335,0.0028453976000823605,0.9041986252488451,0.0015262670710421778,0
59.42624791031839,97.65406056394693,97.58180860558235,0.002817320059971179,0.9132447366640806,0.001628204615601402,0
64.04744821496159,97.75755997218786,97.62992792125317,0.0030728469491425026,1.1032492301453536,0.0016204543809098543,0
53.6806718847077,97.7806650121922,97.645267552551,0.004040016467520445,1.1913929225997462,0.009183689039580676,0
55.26145977700983,97.81586129962696,97.66614232275712,0.004044166946819427,1.2502433923878211,0.007641365138463598,0
53.3024212791638,97.833407962939,97.67992048036228,0.003972597844746677,1.4046446511235242,0.009183689039580676,0
51.97949675408778,97.83975336251446,97.68898451074,0.003962996880395,1.3931051201321634,0.011133772430049402,0
45.00282094183456,97.79023073166638,97.6738177512326,0.004265987864309382,1.4513927986300914,0.01715986615476868,0
51.41947811355683,97.7959252157043,97.68104583826576,0.004607992916863064,1.4500281016044352,0.011650479380946942,0
46.462774562752394,97.75820430474317,97.66953640206322,0.004243523375215501,1.5391111115670812,0.0163243974638765,0
46.95230181181059,97.72788926348714,97.66015273450562,0.004263857038685781,1.4932632958029763,0.015907177581356718,0
42.36365842560733,97.65854556977453,97.63320965176555,0.004403971559791923,1.4382313617130604,0.02051544189453125,0
40.89629836645718,97.58152007343101,97.60129512513186,0.0038545946221410195,1.1900596244265964,0.022096018826683394,0
40.79483012428001,97.51088133155206,97.57032096275825,0.0033424125332810386,1.0032003288097024,0.022201586195616928,0
39.122677784548,97.43173213149903,97.53415060323283,0.00320374920322829,0.8546044204324308,0.0238932307747426,0
39.45669542046945,97.36202898429478,97.50030982992179,0.003248912298195765,0.5492527940064306,0.023681499356748133,0
36.34251105466178,97.27134332964067,97.45613698663882,0.003287986676406014,0.5632016259190628,0.026760648310960845,0
46.264915841761635,97.24930707440298,97.4392994446379,0.0037630051772501805,0.6851216030158157,0.02009477462742036,0
48.9835280014673,97.24842035023346,97.43124541348276,0.003316259880980707,0.7407445848566623,0.01799670956854298,0
48.325331275385125,97.24285598656759,97.4215081190068,0.0030090881336566526,0.7213973634359009,0.01852037634682085,0
48.47438562232127,97.23877367336625,97.41257750596418,0.0030035823707642417,0.6828661256716004,0.0184156478572782,0
58.42436692820325,97.30842211066617,97.43502630711016,0.0035609353945735486,0.9255301986771403,0.010411316018753499,0
56.738725089149945,97.36095866401067,97.45212298351083,0.0035296436199199017,0.9352324409931965,0.011547079975170554,0
56.26198735585912,97.40563349460777,97.46730961155916,0.0035375586987583777,0.9666498205102823,0.01185726271086116,0
49.80246168469808,97.40509707260536,97.46460718779899,0.0038597652249650824,0.931977859794315,0.0163243974638765,0
48.00783841182422,97.39222940946843,97.45680085655565,0.003914223349291169,0.9808431446532836,0.017682751928271297,0
56.34738608942638,97.44154455645223,97.47496370065342,0.004104472493757779,1.0443299990500714,0.004902417624204606,0
47.82758648849342,97.42330110873463,97.46595566766524,0.004446718298388077,1.0239790594080649,0.0117223587624518,0
50.04597531404872,97.42393916253621,97.46451712612881,0.004437568306475917,1.1858144792426801,0.009853218530901084,0
42.6653580412637,97.35975128628392,97.43595260545474,0.00499037146989127,1.3103441772748705,0.016950898084221577,0
40.490236203736536,97.27977105267806,97.39936295844129,0.005021790963862407,1.5181120854969727,0.019374252088894622,0
32.62475972884313,97.11121476596782,97.32394390739692,0.004882088191811732,1.3908586122851196,0.03015388115383027,0
30.071021841737533,96.91966329754531,97.23523127106486,0.004883547807044972,1.5741451537222642,0.03459517316840577,0
35.872336822662774,96.78826249862219,97.16765450046387,0.005391362578898403,1.6380440545621051,0.02983042125612861,0
34.271784929374135,96.64747111387354,97.09365083272047,0.005344118835036714,1.7383614489835653,0.03231562176004877,0
32.187278988025,96.49056482008324,97.01029764936416,0.005345865702569689,1.8551864269844474,0.0356842041015625,0
31.85076033774854,96.34384044679685,96.92832112683834,0.004419680719585192,1.7364717460838184,0.036229621400424225,0
29.89844658126495,96.18347145536542,96.83811958380963,0.004227773606938109,1.5390055574041364,0.039404136733961585,0
25.439535057642075,95.96504112845719,96.72094957729965,0.0042159104404399265,1.3232289908969366,0.04792842719409086,0
20.045843250610517,95.64455501362572,96.55725309047749,0.005224082336225917,1.3740285780634913,0.06252700875740808,0
39.36432798707798,95.5260241484548,96.47160406457344,0.009192739007533094,1.2198156434744256,0.042266925839780936,0
37.72813522783117,95.39021014593148,96.37749042220935,0.00874088640228531,1.163485297751421,0.045589808555705325,0
34.81881976568398,95.21399735588577,96.26494152262065,0.00881617610357862,1.0826421274043971,0.0518494593398706,0
34.511758740818095,95.04885304613282,96.15452667588937,0.00855510374104077,1.0718976863771972,0.05252455986728053,0
32.55359124621144,94.86324579051171,96.03347558248629,0.008576793689632515,1.1039141921002762,0.056820633751114395,0
27.661006920573342,94.59055297920717,95.87369496593682,0.009093188631866391,1.2749226889548446,0.06945651510487431,0
33.975672781163965,94.40573687736126,95.74604355931032,0.009638650101221564,1.3471047361538413,0.056233124648329386,0
29.87145582915123,94.14804524382241,95.58588992419385,0.009955976055112621,1.3761269284224968,0.06543075463117576,0
29.87145582915123,93.91489605456538,95.43213204804597,0.009832981926629607,1.328656712074994,0.06237733272697533,0
29.871455829151216,93.70395186429369,95.28451013968838,0.008982229280879503,1.0439287274845852,0.06183212635808635,0
29.871455829151216,93.51309785418384,95.14277529950613,0.005517010339679544,0.8807084151605661,0.06183212635808635,0
57.579969316393004,311.0692042958944,311.2383724338464,0.006791557412725387,1.0111430531529728,0.007643292663962978,0
56.109321486657,311.3012264009726,311.3355292243094,0.00487017937608289,0.9822090428898318,0.009250379255133572,0
57.73681682704538,311.5778597503743,311.45812506650145,0.0048086213097673905,0.9416358644779046,0.007001851062957703,0
54.917205484605546,311.742172090155,311.5366727711231,0.004360251254683845,0.8211158179676926,0.00989468951260903,0
53.51019232488029,311.84785475379744,311.59248946085245,0.003986469419544385,0.7758715130785755,0.01134725179386486,0
53.65225244138427,311.9482085412335,311.6478765129373,0.003447666246499771,0.7627747579299656,0.011185682544813001,0
60.647091156147006,312.29646994650307,311.8147673356359,0.0039222471297799604,0.8262439898073912,0.0025348155180528005,0
55.93335729885556,312.47798186493657,311.91518912430246,0.0044653679812290785,0.8395214415076684,0.007001851062957703,0
54.309821012653515,312.59449474180985,311.9901161988499,0.004160244112707965,0.7980023300601535,0.0073318065140872135,0
56.871281045436085,312.79045291588716,312.1014703345989,0.003855692669516132,0.6436985397526804,0.004290500968386349,0
55.290118437088616,312.9248184697068,312.189092408781,0.003736484854100315,0.5830701864320171,0.005728796063135447,0
56.3075781760155,313.07972355832135,312.28741917268013,0.0037005409321304757,0.5493401619688917,0.004609798961383595,0
51.942814402329326,313.1054838701644,312.33156649626403,0.003848167782855266,0.520656055238661,0.008456977325249982,0
52.10935442283161,313.1335512895638,312.37585322668525,0.003738377308185791,0.517538864750101,0.008296126847961598,0
42.835119933095406,312.88258442133724,312.29827175383673,0.004758931279581161,0.5749805850439832,0.017713365539452495,0
44.127597294391684,312.68889907802856,312.2385024756549,0.004789073320229418,0.7141740159743442,0.01656745631450747,0
50.19140043454056,312.6804288683291,312.25339099027866,0.004201481387349546,0.7175931216609176,0.010876499776389919,0
49.693585069481294,312.6584745465647,312.26147291284,0.004018703963272282,0.7424680520951882,0.011361778378221048,0
57.42475677384894,312.8815677866861,312.37382522814494,0.004838060235976422,0.8764992508137068,0.0031746031746031746,0
51.120733412969464,312.9023791008645,312.40356407034244,0.005135390780662341,0.9735898860181663,0.00926219686985759,0
51.272295661890645,312.92596932332924,312.4340791598026,0.005127374156151818,1.0564468582063808,0.009101089442964288,0
48.67127862669534,312.87109914031106,312.43064785187437,0.005144367458382059,1.1282289193624546,0.011685589323391062,0
46.14993093084993,312.7452446813672,312.3947624486684,0.005074548357166066,1.1749578737928992,0.01380201726537805,0
43.42459477022454,312.54564772678395,312.3237748872202,0.0051176069750476045,1.2360943680889789,0.016739135069044977,0
44.213061143119624,312.3841219802597,312.26390123797944,0.004188725214632735,1.1482754887537931,0.016084928106242208,0
49.17134697494743,312.3618195617599,312.25928013190514,0.0043774409462231465,0.9414512278141683,0.011853315006817695,0
46.92558654617226,312.2797265025411,312.2285185318476,0.004023868703321844,0.8158808794854335,0.01316213837404695,0
44.08971803572147,312.1244881999846,312.1646488586986,0.0040944571427554526,0.7293263913857757,0.015129606629245262,0
42.93900608127385,311.9507002525525,312.0892955260669,0.00271473831289194,0.556489098248854,0.016274632643286574,0
42.93900608127385,311.79346825610986,312.0170736654452,0.0022208557648231765,0.5059817247865469,0.016274632643286574,0
46.84632108719413,311.732177476483,311.98211581719335,0.002490510387077997,0.4736467368646665,0.013498352207676855,0
44.16431411805197,311.6100529644856,311.92041429935307,0.002466176069139299,0.46127735565120936,0.01578351974171189,0
52.527217809527755,311.69005710456423,311.9417199735574,0.0032060489981750044,0.4718024134946505,0.0091213809396464,0
49.34353278399041,311.68624121477006,311.9299957517511,0.0031713396788709603,0.46428880072278744,0.01171183689384808,0
50.553881242638674,311.71136432369724,311.93079941365585,0.0031764891329245566,0.46281147399441835,0.010738821781850831,0
48.27655192886682,311.68170779498115,311.90950743434126,0.0029278420968404805,0.47766263399532555,0.012524065423651908,0
52.27553123457651,311.74535952958615,311.9271611393834,0.003016924346169554,0.5609170612478142,0.009284436817085545,0
49.663889599176436,311.74580150601685,311.92006722430665,0.002937274646456701,0.6523543416970897,0.011226944667201283,0
51.406792043423444,311.78429813670607,311.9292663825228,0.0029006096742654423,0.7089860598728673,0.009931142604935156,0
42.168670997023284,311.5953067946528,311.8441434091636,0.003883604793498432,0.8613539652459065,0.0135571735717369,0
41.48544431710553,311.4052696014321,311.7544969684665,0.0037485261947464064,0.9806241703960372,0.013081355662553267,0
31.361154784733216,310.88093627095145,311.5207983224299,0.005220166857358298,1.1382007091801003,0.02533507732799294,1
42.747966189393566,310.67322156186947,311.4082778580868,0.005722576929692142,1.2802787928167434,0.01603492547364525,0
47.28831082601096,310.6138639855401,311.3541324991152,0.005953715903047043,1.3271276358475044,0.01161105062168064,1
45.979386076936905,310.5173031788245,311.2842531882295,0.005936798532210735,1.405669203492615,0.013081355662553267,1
52.576645304948215,310.62994520859087,311.30080553649344,0.006372290260062475,1.5621887193506214,0.006255956410287038,0
60.286773610270124,311.02710192979345,311.44003317103903,0.007061036875934861,1.7893261023767293,0.006670921807330928,0
56.91171245668826,311.2864313501153,311.53189093590544,0.007135464886441852,1.8746208235357893,0.010039821184013944,0
62.7876810514994,311.78297173601135,311.7293433235439,0.007585794256784809,2.0229853992868185,0.0033174969762045812,0
64.49419989856497,312.31793601256004,311.95459850215315,0.006906381627882499,1.9970048007317733,0.00047257057142002795,0
65.06927535134031,312.8305231805905,312.1827077756908,0.006845260352295471,1.9674476725567336,0.0018884972076945407,0
58.5964627981413,313.1133335686621,312.3262541559352,0.005577386499722165,1.8382385579141227,0.007916403092576884,0
50.60713164397542,313.10253974923256,312.35297825594455,0.006305171134901515,1.6958371851047336,0.01693286834814297,0
48.5695500533623,313.0165836916684,312.34691358885283,0.006323106599457251,1.7023887023296271,0.01953867824288355,0
44.58243503402767,312.78166719145395,312.2757013367511,0.0065796837146527174,1.6948256881831725,0.024955724696941912,0
37.97062841342301,312.2595972487349,312.0785952525464,0.006949304377701684,1.7065555107670798,0.03579564086221447,0
45.824509874655035,312.06820529715617,312.0061867681547,0.006887200158613783,1.457049311609549,0.025946777737207896,0
40.16254515296405,311.60456405201063,311.8159451815,0.007375478051850683,1.3123030333620835,0.03613273159135454,0
38.564204040770996,311.0946017813295,311.5957106266218,0.006314528944327443,1.1452136042278842,0.039346898915816324,0
37.88064741298091,310.59511312046885,311.3684434340155,0.005996559911651004,1.0211266799749865,0.040706167863339526,1
39.749568172123155,310.20509997464677,311.1759408499259,0.006108334794095809,1.0351737924541546,0.03849914451213295,0
52.03068590610183,4665.04354264222,4664.628320085366,0.007070039695499863,0.8269267384543783,0.007634772308062447,0
53.009926867176844,4666.623883902783,4665.357407164917,0.006694633329032375,0.7569839378349257,0.006429446562793566,0
54.161570788885165,4668.6638230320605,4666.326478286922,0.006369379064922212,0.7066023482855674,0.005055502413075939,0
44.933316568208696,4665.757215727026,4665.127010522342,0.006890726629061687,0.6662020735524257,0.01584666398709595,0
44.80121009804092,4663.0520483680675,4663.948607937007,0.006588671168687195,0.6938797713597067,0.016021972340836618,0
41.91574829394504,4658.945713059998,4662.086905773307,0.005414665239636194,0.7208903396647486,0.01984852712391775,0
41.93891543860495,4655.241118712052,4660.3138837130355,0.005078102473021856,0.7092397986786235,0.019826431401933953,0
42.112725226150154,4651.95697361499,4658.650291626183,0.004051600384012099,0.7238118915104176,0.019672003650274456,0
36.96878994977895,4646.106982917006,4655.793536799395,0.004310537678501194,0.6100955948843818,0.026380014612485667,1
35.79929111709579,4640.100308498329,4652.750270901265,0.004082417379817017,0.6666192710555002,0.028059631017444887,1
41.1215420787333,4636.56373963629,4650.673008596064,0.004346947011476027,0.7769449409096993,0.02361507610525744,1
45.29383201192827,4634.984945648844,4649.395536627378,0.004588043362395102,0.8935659927742333,0.01984852712391775,1
50.210946972815606,4635.653542237469,4649.088274097517,0.004921928298899194,0.9953699521185292,0.015015121782098233,0
63.05317297533263,4643.787237562565,4652.069043046827,0.006431617510653047,1.2406366520117982,0.0006354585892819318,0
63.977756255023884,4651.840946021247,4655.221792249332,0.006396227509219186,1.8961496254180024,0.011526341867317777,0
66.55815578171519,4661.1183546494485,4659.100239076072,0.0061003612114732845,2.1597633331571435,0.018971533241308517,0
65.02207595793396,4668.901410781476,4662.547402840321,0.006183918396440873,2.1592254546912373,0.020346631520188806,0
58.237612256793,4673.084092100288,4664.612978605529,0.006783798604409223,2.158888306240168,0.02684179367733361,0
57.869195279591814,4676.706138507475,4666.52018466593,0.006174831509470833,2.198731704964676,0.02721226557997117,0
54.919514557587114,4678.70630916613,4667.797080612635,0.006278304563324056,2.2306158239168257,0.030142325709991487,0
51.660396528443435,4679.048660916812,4668.389972143843,0.006487565469488392,2.232851844483602,0.03353053126645706,0
50.425803012450714,4678.796322116911,4668.7168846912555,0.006509933465808505,2.2018910798324303,0.034834467912401315,0
51.854018647723784,4679.215853051532,4669.307055025591,0.0063937046203197305,2.181031682004519,0.03333182500531216,0
51.0848182470329,4679.28101668564,4669.738035053841,0.002969343661337543,2.037072553055996,0.03406053669308624,0
50.329573186271496,4679.044658003012,4670.0249280337575,0.0028493642344222287,1.0551776575958733,0.03474598160843408,0
50.1236845943949,4678.754631980174,4670.2673306830975,0.0021456666866930194,0.2238013454629998,0.03492296935147562,0
48.46839574362148,4677.901635367136,4670.24838925807,0.0021459052237308633,0.23180046235438104,0.03629705920794667,0
49.51100393117527,4677.472827972281,4670.37590460132,0.0014514584065706121,0.21871511561681284,0.03549876017683609,0
53.08843827743247,4678.285061128492,4671.007294229861,0.0018345399328924055,0.20738095144955032,0.03271442694995732,0
52.51603381974636,4678.848483517157,4671.5397995365565,0.0016452727763268833,0.16771417955687662,0.03311122558984752,0
54.76316672113655,4680.091628054546,4672.360652945671,0.001362802493552672,0.15789843942360682,0.031415824167544404,0
53.04285721825797,4680.749641161465,4672.950214857445,0.0013385153075071202,0.1555390085299484,0.032494091036377216,0
56.188657292055424,4682.335539334257,4673.9338234941615,0.0014347820754529916,0.15134042029896427,0.030208180119591175,0
50.10575880095681,4682.103552861386,4674.173595106107,0.0019099823075841645,0.14193411714860715,0.03406053669308624,0
50.13900893229109,4681.903198048987,4674.407525619246,0.0018957534846953397,0.14445050902964002,0.03403841980502137,0
48.005003156567795,4681.131388985186,4674.3831483641325,0.0019464873027883417,0.1586411517553117,0.018614404475079352,0
47.099840375812484,4680.1854974635535,4674.255586311694,0.0019049959502378715,0.16942122315107397,0.015991544765349676,0
44.2971033119395,4678.558217608193,4673.808896425656,0.001960855620978084,0.18654649391163122,0.01351032546602738,0
43.50536203184324,4676.866847161947,4673.288414430179,0.0016721696653881695,0.26884528319776235,0.01117835990377691,0
43.21613468203562,4675.260400825867,4672.757178473985,0.0016756865515382942,0.41488213575688726,0.008583690987124463,0
36.765581199303064,4671.9402038674625,4671.4646039829195,0.0018497550335429646,0.52637729178839,0.012843741684018974,0
19.21265128795497,4658.326296559232,4665.777736173714,0.007473677920664631,0.6151397447504454,0.03775667917862663,0
23.95108538484898,4647.294814128524,4660.86021759912,0.007540880872062534,0.6610973256134547,0.03467253714914695,0
22.50826839490817,4636.009198812856,4655.595908710567,0.007539996196773525,0.710761482753909,0.037802553147812036,0
24.994464210852257,4626.465159052662,4650.823579181223,0.007628381851871511,1.0876929520162737,0.0362009353108592,0
24.810768891077686,4617.687266652894,4646.18449257282,0.00766047048552225,1.9268776621556047,0.03654372283482475,0
22.388982159128403,4607.792978301307,4640.917088478557,0.007622513396829612,1.9114436841442426,0.04125131892627015,0
20.19378249332081,4596.821982622199,4635.019139166975,0.007608332626301164,1.983840239172276,0.0461647816042983,0
23.763083432391653,4587.7911350388085,4629.732430221723,0.007771287292144303,2.1383887267810118,0.043980453131941356,0
23.285818764300217,4579.239441948733,4624.499624617402,0.007741106591202785,1.895923865809143,0.04490884837705647,0
23.27322192458034,4571.492690927659,4619.473255384254,0.0078117257386507,1.6665231604448205,0.044932102101903244,0
24.15606138942165,4564.674228017495,4614.728164619739,0.002671513898045152,1.532025499242771,0.04446767750367711,0
20.628547495530185,4555.876544708842,4609.078749831474,0.0028474690549317653,1.464621846378603,0.05073461094606885,0
16.93322104989413,4544.269112466759,4602.137377284419,0.0036041643241009704,1.5273194728424804,0.057555298897722144,0
15.376444186875773,4531.852859527246,4594.677517477654,0.003427899968596925,1.552290073804898,0.061215750535943414,0
14.351415440167557,4519.238165609016,4586.941861935351,0.0033253267385393095,1.619982570035618,0.06425880838018236,0
23.81860634549919,4510.215401263417,4580.509509555497,0.004252456024562836,1.6036847441391793,0.05797265227709346,0
21.44854133168917,4499.83291542295,4573.411954522962,0.004296342817592014,1.4969179877442562,0.06334631289538609,0
19.10276313966314,4487.896358586699,4565.541362137338,0.004196902994559953,0.8398895668841332,0.06768775806520745,1
18.349981720113604,4476.210931138816,4557.617011978947,0.0041502699955103155,0.882242233793194,0.06753408583736115,1
21.36422274786912,4466.438411361051,4550.340819494958,0.0043456950730230886,0.9382528612899996,0.06061370306771151,1
43.90357466769675,2326.0450294997972,2341.9287611739664,0.00303118923328759,0.7569504942345024,0.015766390624595755,0
42.20510874882362,2325.277122646578,2340.900810475889,0.0030430978434713585,0.7163264033696112,0.01725625539257981,0
43.45241624788548,2324.754441297666,2339.997727559808,0.002494541395754055,0.685646180951394,0.016466915409874296,0
46.426854862208586,2324.692008811763,2339.3197604562315,0.002441285944310638,0.7386917784748399,0.012348844699424781,0
44.43645958861072,2324.3111834537135,2338.5284182341074,0.002453933531267967,0.797399826128191,0.012625522232346092,0
46.04813156646858,2324.17657444738,2337.8663803854865,0.0016704542715478103,0.7605354551109267,0.011666493949613005,0
43.51495608581436,2323.6638306997615,2337.061245916455,0.0017565124622001133,0.7340284323721216,0.013455214125790116,0
45.33189643818298,2323.4193664119293,2336.3892616364824,0.0014071380837956957,0.7548940584413308,0.012450950466518835,0
40.402908940130025,2322.4259456153804,2335.4073777919693,0.0016563266944675404,0.830157330106049,0.007393038329550367,0
45.013298031102124,2322.0802757511005,2334.7121222298383,0.0018882023158023568,0.9028247517519413,0.004571266729523295,0
42.10996980988167,2321.3100273953673,2333.847312652135,0.0019738774324495672,0.9433560591770191,0.006655100407843561,0
39.64315831369983,2320.203398159583,2332.8416213678197,0.0020030094322611206,1.0805619033979463,0.00852922526230293,0
39.90768724884341,2319.2309242683773,2331.892620001021,0.001972560357539989,1.3181889512389138,0.008398226122835499,0
29.92739597202882,2316.330798407318,2330.106416200652,0.0032376444026571355,1.4061986196390255,0.017738488574575263,0
44.62895670823626,2315.698905278461,2329.262446326014,0.004674558027508364,1.3390153701249834,0.00852922526230293,0
39.61788161200013,2314.012368275193,2327.9722590936585,0.004855853342883759,1.322360352324674,0.013664013204416884,0
41.374921500521864,2312.762940671665,2326.857285001268,0.004901603903197297,1.3157810627247304,0.012386457998876544,0
38.934723591809124,2311.0800079503488,2325.551936915608,0.004887642247993436,1.428785988483685,0.014944796840245385,0
40.68842068037416,2309.8147348759476,2324.413372723444,0.004858395255391855,1.5396975282147094,0.012490186509706071,0
40.6418206616832,2308.66052084643,2323.3193942739663,0.004739788415001281,1.5469532001143362,0.012534294921073734,0
43.09589478170358,2307.949753552028,2322.4151206752563,0.004777588730072905,1.6187620676339165,0.010994285314164496,0
40.42202025483474,2306.8113385597762,2321.337029583995,0.004791521013700585,1.4643417601490543,0.01328397212543554,0
39.35987541197163,2305.581342448983,2320.21901320086,0.004785600849809219,1.0761003148165815,0.014211647867869671,0
42.239693532344305,2304.821036252748,2319.2987411939484,0.003767060568373045,0.5947472170686456,0.012534733401551593,0
44.46561752113276,2304.4094170775015,2318.5350194698485,0.0022577296312338816,0.5960633190454191,0.010649858726363834,0
42.63511292466916,2303.751244385155,2317.6816499243055,0.0016154259988931275,0.6280090625885018,0.011969532100108813,0
45.22531225242495,2303.4605919033993,2316.993650589977,0.0016274559578954278,0.6468728186097571,0.010562024316012015,0
44.21742243647195,2303.054749477159,2316.273688582108,0.001397920798828942,0.5786519202403063,0.01122131583857029,0
45.524841075671176,2302.830449409854,2315.644333984128,0.0013658485492015358,0.46347166443551985,0.009562307326861188,0
48.30823230193482,2302.932315860865,2315.1702932759126,0.0014201899565385353,0.46128570671471725,0.008160097931772022,0
48.397053267684306,2303.034012521041,2314.719943225956,0.001350528875832226,0.49331490498606306,0.008116298251681857,0
40.84604577322088,2302.173535017246,2313.885501000165,0.0018325402265196341,0.5664673988600027,0.012510876709622929,0
44.30828632921943,2301.747436689506,2313.2343578471064,0.0018792018272869467,0.5992985822759682,0.010880445894273305,0
45.87572545953327,2301.52384170596,2312.678362899662,0.0018240260210653822,0.6660716856196919,0.010133099859826708,0
39.83810345445167,2300.511954903912,2311.803956375227,0.002117339908159222,0.7579839719938908,0.00794456156459736,0
38.99299313550227,2299.472653224855,2310.9133022933574,0.0020957163601289888,0.8703543364971492,0.00764325613801025,0
40.661537816765836,2298.6847238992564,2310.1232574863166,0.0020426875546979005,0.9434553753931858,0.006939659053432934,0
37.93766447319883,2297.600403215397,2309.209366863554,0.0020830027910731476,1.3785969006261196,0.011061097489630722,0
56.29144199756875,2298.7813821486225,2309.240999380322,0.00391725588740569,1.4617622476533367,0.001125583400974026,0
40.13192811352703,2297.1164104089207,2308.1239934604982,0.005605392912192689,1.4893084439587285,0.013720268337434807,0
40.3248028036451,2295.6385998023543,2307.06444472153,0.0056072331718998135,1.4767186978397882,0.013586955940194967,0
44.19636681348508,2294.8729969827614,2306.2874715951666,0.005573785986521722,1.461357338973145,0.01092848353416912,0
45.27957497447634,2294.3422204537574,2305.609847479214,0.00554794709337887,1.6310175291506996,0.010177804713738645,0
43.56529521666658,2293.5572302021346,2304.8321325899287,0.005542369585371149,1.8518931543454704,0.01159179338961066,0
43.50980304597562,2292.837472277684,2304.081915016558,0.005432401308481478,1.7726180441759292,0.011636088213582677,0
40.204032593635446,2291.6148224965955,2303.1231571154913,0.00548651333616991,1.6331338165540752,0.014298288445723685,0
37.5418722931404,2290.01337593033,2301.996219711036,0.0055007036390633075,1.5378288886281193,0.016616866545082893,0
37.5418722931404,2288.5644552594645,2300.914741207142,0.005492731150397417,0.7239794951685229,0.016616866545082893,0
39.15925754487878,2287.4249695942226,2299.9483806941653,0.0041575186288158195,0.5860896749229391,0.0158130538767269,0
34.98560712171896,2285.6606452037295,2298.7150423943694,0.001845265257617986,0.5633597976914686,0.019260521483278375,0
29.2700951642464,2282.8167318181117,2297.0111950286077,0.0024508162383120725,0.5643359692518046,0.0251795582935785,0
25.989071570880952,2279.3484104132863,2295.0027611142577,0.0022229737355050202,0.6015625833858108,0.0294694614451465,0
24.599125390014933,2275.7913707582306,2292.9004088678353,0.0020338530504337453,0.5319645208891991,0.03148978486005798,0
20.58428663132011,2271.15404981463,2290.2916144009373,0.0024679464126905956,0.5463029508196722,0.0383907306591106,0
28.96398339923384,2267.910780309587,2288.1836321410306,0.003275744320026814,0.5392105139442439,0.0337490486362677,0
26.522718864441416,2264.204954526891,2285.8391535295345,0.0033066091642617967,0.4774940232105255,0.03750565170760431,0
24.670467205369206,2260.2139748977847,2283.3231400680384,0.00331518064534432,0.49629335727859336,0.040633598903866516,0
25.34095965704597,2256.6792908912385,2280.939346679787,0.003345081444700272,0.6361978516112915,0.03908951397886494,0
33.75405777898065,2254.4907660835765,2279.0701677886655,0.003936389212844186,0.7283477858265893,0.027443278044557824,0
52.01814133387792,19190.559595381405,19272.63904517965,0.005197479972256482,0.8951223686462434,0.007792207792207792,0
50.260260094672205,19193.36971415956,19270.377735333932,0.005133815185605766,0.8602689036557724,0.009365244536940686,0
56.5808891240278,19207.36275462877,19273.357470323994,0.005037811511556727,0.882417913445125,0.0031023784901758012,0
57.7844624688859,19222.403299804795,19277.265639075296,0.005025939987796449,0.8636551301946156,0.0018073844564936742,0
53.921258985080485,19230.282674493992,19278.444349902467,0.0049277249606554255,0.9246394804698692,0.004921004921004921,0
52.967862285597484,19235.978555910187,19278.933857529657,0.004984765298580519,1.0247439162685208,0.005702436495593572,0
50.1056224607569,19236.83890502393,19277.500896066562,0.00414729416501189,0.9676973347651155,0.00805404001039231,0
49.46592899616689,19236.66355657718,19275.711555251237,0.004135542354575782,0.9227932608606249,0.00857811281518066,0
47.50643545884776,19233.644636390203,19272.74307617735,0.00381941672578417,0.8968803453612447,0.010153605831814632,0
48.95807287322481,19232.820511914775,19270.744341803038,0.0035080841752760674,0.8976000664724808,0.009102730819245773,1
45.25205292632887,19226.832177172353,19266.537883830075,0.0027687367623765685,0.9115343164927243,0.011997913406364111,1
47.582827527439306,19224.27463395325,19263.766708606672,0.0028011369390075935,0.9286393064287353,0.010416666666666666,1
40.73495330705419,19211.477076342697,19256.547219179174,0.0023025703204993912,1.0464768828692315,0.016238868517548456,1
25.1459521653223,19157.96714059699,19231.40560152879,0.007109115799192484,1.240951781765302,0.040214477211796246,1
63.13205281960187,19214.385495994276,19252.853610718448,0.021087158868799985,1.4126995739982642,0.003291139240506329,0
60.14396420718662,19255.895406839445,19269.24366527412,0.021203867235271286,1.4975272950945717,0.008396946564885497,0
58.64924144432176,19288.68357799226,19282.865853675383,0.02120883174968537,1.569343642913628,0.01096938775510204,0
57.41980805068499,19314.53486841186,19294.257181359586,0.021234560034130757,1.6683287086446104,0.01303680981595092,0
58.24460666234757,19341.25671115556,19306.59562129834,0.021200770598155987,1.7944687528289929,0.011227353916815515,0
51.902948395260914,19345.900639532934,19310.011229917232,0.0215798460219273,1.8527000755537375,0.021918514698298093,0
54.50514568236008,19359.628962842282,19317.36942117453,0.02156698962230483,1.8703377004844761,0.016675218060543867,0
55.02918897198723,19373.954333014608,19325.231331536,0.021568482781548527,1.886876742988081,0.015633008713480268,0
52.42776633310022,19379.293471996938,19329.50047701746,0.02151132898365003,1.7304104917878043,0.019814719505918683,0
52.578654913404186,19384.600165315005,19333.792825054745,0.019684572168723085,1.4792264526316727,0.019552354000514537,0
52.900416779555066,19390.353815292427,19338.310751787456,0.004343624520008031,1.1675062076649105,0.019028027770635125,0
54.07494410457102,19398.89327239651,19344.05894182497,0.004267784667888906,0.9042030947718324,0.017197125256673513,0
54.424641816225545,19407.571689917117,19349.971621842407,0.004243178803570589,0.7627925533510521,0.016675218060543867,0
55.34019713631008,19417.804649877417,19356.648938329658,0.004243986663185481,0.6209688130108786,0.015372790161414296,0
55.34019713631009,19427.06273517726,19363.04810675867,0.004187093091558733,0.5822655501954638,0.015372790161414296,0
51.95115399609877,19428.77127741454,19366.35593251825,0.0026244669098269315,0.4964282751564646,0.019028027770635125,0
52.39962402199882,19431.26955699916,19369.92977424583,0.0020044631476814627,0.4685987064983061,0.018504240555127217,0
52.87332247467674,19434.482336185338,19373.758482168418,0.001976629145101563,0.40356349514563106,0.017980991523246854,0
55.49653103380636,19442.627692303206,19379.641764728425,0.0016569925639868433,0.390619122846611,0.015112704918032786,0
57.13180757901894,19453.330787802493,19386.68926238962,0.0017061982209036085,0.43186872577278596,0.013295832267962158,0
53.22063155080659,19456.82338038977,19390.837194828593,0.0021147000196701763,0.45673321820372975,0.014109799897383273,0
53.4844280900302,19460.459518946307,19395.015433790526,0.0020427439505565858,0.523926967187749,0.009489612721210567,0
55.38120100295179,19467.08286691503,19400.42516118326,0.002112091838174591,0.5795162120432322,0.0056323604710701485,0
63.22513039898004,19489.266799565838,19412.42078546688,0.003426863422889314,0.7596918742149751,0.0,0
52.61867958702289,19492.09868869418,19416.68492345384,0.0047035185482885876,0.8321555209095047,0.009273016035657564,0
54.870911081778594,19499.422987574748,19422.77408072365,0.004578307602644969,0.8678712822694107,0.006694261331698094,0
52.92040977308367,19502.620942262165,19427.177270007487,0.004645808942448665,0.8669089972772046,0.00854963395279783,0
53.46473830973332,19506.56196544041,19431.840571655786,0.004645957261833955,0.8841486956042137,0.007981989357347523,0
45.397072072455536,19495.174691908254,19430.05189228142,0.0052496556476946754,0.9362187383027063,0.01614483932532109,0
45.25654236775192,19484.58627293911,19428.2161310527,0.0051837942142032465,0.985940229361282,0.016302104828724722,0
42.87437887560246,19470.244290445207,19424.462833497408,0.005149801903500199,1.0694727903292562,0.018930381710975483,0
45.41177182104622,19461.17315803348,19422.493601300044,0.0052251334482355805,1.1221523210370794,0.016774193548387096,0
41.668461669177645,19445.632473466943,19417.54017265454,0.005249125097660302,1.0955834986729882,0.020831174214944553,0
43.80633808989965,19434.714851092634,19414.098830237177,0.004132641801446409,0.784451306391109,0.01908851068232373,0
42.73300953042372,19422.837006098714,19409.96152924086,0.0032385337986025192,0.6277779383290466,0.02019678922837908,0
39.052784369276885,19404.947440203145,19403.011534701087,0.0030723265303045848,0.5590264001220815,0.024174681570054587,0
37.2121033244759,19384.952114993976,19394.7528848448,0.0030743371774002866,0.5593937973595813,0.026308934618390206,0
34.66104233882733,19361.33727426736,19384.524344770405,0.0029836338040083138,0.5506472606277423,0.029419449234467262,0
26.09217675242786,19315.399768689607,19364.472743315942,0.004365403231093149,0.7778937013741914,0.04348747285343503,0
32.75387819413544,19282.98034574219,19349.031261063632,0.004969876182969789,0.8714175716721857,0.03820816864295125,0
30.79236259868219,19247.6484924313,19331.71169204723,0.004983001621174503,1.0179094280694905,0.041666666666666664,0
29.727248987161246,19212.348281830513,19313.698910508887,0.004753992368139693,1.0213621678644424,0.04359802934788367,1
27.693503710322844,19173.83857207361,19293.674308772937,0.004744737109518038,1.04729694092827,0.04742662696724798,1
39.00260105580958,4183.571491648767,4203.173143272232,0.00487640568208883,1.1810835453900752,0.016222062004325882,0
36.62926975067253,4180.567512716454,4200.97910687761,0.004378004786299828,1.201895822148329,0.018400303592602623,0
35.555850183777935,4177.45957003728,4198.711675628962,0.003701281628620544,1.175032440888101,0.019406943105110895,0
30.44694286279885,4172.568790961389,4195.619365732177,0.0031480813755638223,1.2237173586995185,0.02479273904443996,0
28.714461244398635,4167.334559778233,4192.307799618674,0.0019369281998839036,1.2154845829781364,0.026908176756926618,0
38.12623839798316,4164.612894334246,4190.0411533103,0.0028590859619543234,1.2584639450668889,0.021672996894149803,0
36.22235278724204,4161.407329508603,4187.54795909103,0.0028670240263941648,1.2400759175157514,0.023602033405954976,0
33.41184323071768,4157.344496898922,4184.65357591238,0.002789154379741551,1.229895033113116,0.02663401974226886,0
32.34842757264407,4153.211872809033,4181.687530817685,0.002640576793906082,1.101410751837232,0.02783179387457462,0
41.7494311912165,4151.628212159152,4179.799973296789,0.003394965492296234,1.0891000392017771,0.02221628878165415,0
49.185636544432846,4152.302345513437,4178.918977622578,0.003887299850634658,1.1217181676066932,0.016784043429284756,0
52.93328563720054,4154.132194457093,4178.609991436254,0.003925453753095475,1.1851936595100994,0.013664149586479683,0
55.052982803311046,4156.511855977653,4178.630353890616,0.00390980222869017,1.2260928798489446,0.01182070330678482,0
56.38880005979605,4159.121993885324,4178.848778719235,0.003291705172795512,1.2981718050502662,0.00965603940981443,0
45.992227630484,4158.252704478866,4177.655651927074,0.004373223427268373,1.5136810509831216,0.009397590361445784,0
41.23435016231085,4155.589059518623,4175.701297208678,0.0044002690167608115,1.5793109010363557,0.014212090668546827,0
60.90908242041403,4161.659768420482,4177.496900257014,0.00809214570452623,1.616761427124419,0.0018724411610246165,0
56.598479062246334,4165.360503153369,4178.442420144765,0.008210426030461557,1.6136003924706377,0.008451374836329009,0
54.456963416583456,4167.784280438107,4178.949400985304,0.008267143262866811,1.6499279136140288,0.01078557731675529,0
55.04242572476863,4170.272398916271,4179.561659743077,0.00817252350615508,1.683001890515398,0.010038412607969607,0
56.70517083184052,4173.342717380753,4180.499410996435,0.008061907965851902,1.641835235504944,0.007971445568114218,0
55.421792562232184,4175.6441048182505,4181.193262967669,0.008057189974819762,1.5043528906872663,0.009172126265634305,0
54.33579972285165,4177.335594559206,4181.690662811537,0.008060584494372733,1.3943518319853478,0.010158844529099218,0
57.74985198918913,4180.361532135635,4182.80584163446,0.008129906419971727,1.215674373455334,0.006390891572934712,0
59.09246423332138,4183.708800317559,4184.134081580812,0.0075287047428988325,0.761625726607913,0.004863005574664927,0
60.81086166968238,4187.518274231098,4185.739238949101,0.007192507201969828,0.5253366546331718,0.0029120922695106137,0
61.964920122507586,4191.48870675261,4187.50002327835,0.002439375775650419,0.4812193703623179,0.0016078228443847774,0
63.52141624446643,4195.785740341934,4189.486692115728,0.0018248443780538876,0.482499968811208,0.0005192151679519883,0
62.92180459204939,4199.520990643792,4191.325942953966,0.0015309416297682246,0.4759134198028903,0.0008972384149940968,0
62.24941317344825,4202.738456131935,4193.020134699634,0.0015977783999941196,0.5060036233746209,0.0012992228884686817,0
66.80996021640503,4207.583015383591,4195.462522618195,0.001996428503767623,0.49079128001899996,0.0003291100036699152,0
66.87360871402637,4211.994636375061,4197.815937233082,0.0018633743421080508,0.5080298770074693,0.000493687605364884,0
60.27217907749082,4214.471586027928,4199.432538313078,0.002377843284874426,0.5398357725975345,0.004742826252064653,0
61.00220990366795,4216.979262913945,4201.095053407235,0.0021832337636094904,0.5541784780605655,0.0040794882488033035,0
62.63948489161701,4219.838615420529,4202.938139822894,0.0021810267575533156,0.5539503174466822,0.0026136326009536144,0
61.34229271760536,4222.149404377138,4204.589252191516,0.002178918382180021,0.5513394863718656,0.0032986969387765667,0
60.64272872685953,4224.097220321704,4206.1125990281635,0.002172740046424407,0.6100429432597899,0.0036534199885024997,1
58.48777245515914,4225.430908760991,4207.3934476362465,0.0021486734159948317,0.6610845453282803,0.004719095712501076,0
60.50310228112309,4227.209024547231,4208.862047507338,0.0021847137423174528,0.7661502055390116,0.0032986969387765667,0
47.602849273360256,4225.855716771094,4209.027471995013,0.0032437788952143437,0.9247389759682131,0.010704984015250416,0
43.728577265736035,4223.488399067227,4208.706798972762,0.002722324977541578,0.9907524466859626,0.013592025150261842,1
71.38232990047152,4233.947054204497,4213.680272619144,0.010737648011118595,1.1827204407552758,0.0,0
65.48798176548945,4241.266633539155,4217.554346865843,0.010831976707741563,1.2995243740975333,0.005358657024882319,0
59.19465311334443,4245.327080250353,4220.19907203153,0.011125391501797472,1.4268010497305128,0.011671607913304573,0
59.58338727470243,4249.238895610023,4222.836321213734,0.011125389192181912,1.675148925148925,0.011081560536157066,0
61.41994585778237,4253.882937078503,4225.8287647490615,0.011120773082368633,1.8315584052869562,0.008352699475046533,0
62.966597261034664,4259.027537014827,4229.09426208937,0.011108146500905818,1.7936951632258575,0.0060354234289089394,0
65.09751999435373,4265.015515130283,4232.784756071311,0.011077744397829709,1.7360960622736736,0.0027765566697859996,0
62.657048720628815,4269.595091763194,4235.976806760084,0.011151997467970739,1.5926328669824532,0.004822472054103884,0
60.358504828010744,4272.947982893514,4238.7106618074295,0.010792757483759248,1.3534008287350923,0.006759918922260422,0
62.381811482482604,4277.057776122282,4241.783242634111,0.0106455452856445,1.26571230274181,0.004124048164954686,0
61.959906013875795,4280.642822104903,4244.676843506988,0.0033742581621515975,0.9873249984928654,0.004449835715609767,0
55.83073262229088,4281.8768650654365,4246.617382284605,0.003327870935205658,0.8518240550106999,0.009386017274757023,0
55.74621409575423,4282.96477741137,4248.4682070455165,0.0026204788467237092,0.7630631688304784,0.009456618336302092,0
52.20356386652815,4282.758587246366,4249.74950975006,0.002794257592560614,0.7189854364121983,0.012404246888187831,0
45.26446616870993,4279.905341232241,4249.870343010555,0.0032459557848799067,0.8024606058384954,0.019069813153880476,0
50.18027235579128,4279.161977953108,4250.750594033876,0.0035639966509736537,0.7930890654310635,0.014465907463498916,0
45.65062379213305,4276.603654725247,4250.811916045604,0.003431196293466025,0.7670727677531541,0.019189638878777684,0
44.05025890206636,4273.584227299123,4250.577988174667,0.0034284543614639573,0.7625538836925579,0.020966336556218945,0
40.08299823148527,4269.004746290938,4249.586046464864,0.003557035474213722,0.7572687366167024,0.025653745673588923,0
55.88010679010471,751.4174637876424,754.1600323526394,0.003920736781640064,1.5131569611721092,0.0034418526633676117,0
59.53448427879897,752.0123685071659,754.3099581991862,0.0024941819939478427,1.50517662057899,0.0007918901426836199,0
53.87451153037378,752.2974804684958,754.3394910175792,0.002945676451853712,1.5104055863544783,0.004304635761589404,0
49.39030495946079,752.3311175263328,754.2674423671374,0.003156401990118484,1.6101030782264896,0.00744034465460501,0
49.67815439114514,752.3758457600603,754.2050755219213,0.0028348894562364472,1.5755597014925375,0.007239655015151361,0
52.02936871986844,752.5307587584895,754.1963883402152,0.002820149647078631,1.5685356622998543,0.005636604774535809,0
50.6488758824727,752.6088851054957,754.1606459593883,0.002738435627401509,1.187312469908522,0.006504313496859648,0
48.01078682526221,752.5603581328513,754.0738891625346,0.0028107566657607583,1.1196662111298583,0.008177136835127816,0
45.55766378602298,752.4020557965819,753.9406499620147,0.002758021027393316,1.1250518393364566,0.009788221263773145,0
49.17048026472344,752.4066276547632,753.8782453337611,0.0028111198373613417,1.0445623666684507,0.0077081370175762914,0
45.20990451016805,752.229644363006,753.7392779712476,0.0022592165543282344,0.8917661618288969,0.01025915972588786,0
44.8008117801113,752.0504813340771,753.5981200285215,0.001883218453246657,0.8972205573327748,0.010528452950096367,0
46.11351400485921,751.9360625416269,753.4839428083419,0.0017140205568476638,0.7737667637244692,0.009855529938970532,0
51.792840165229336,752.0517556385115,753.4701017612974,0.0017985235917707856,0.6616618942505484,0.00677152681486692,0
45.50515513195833,751.8895828295379,753.3410596908869,0.0021574615441629762,0.7780786722484563,0.010528452950096367,0
39.35015312591182,751.4236521833867,753.0793669824063,0.0023964848457826687,0.91750109429007,0.015060240963855422,0
62.30000770739285,752.3361390768222,753.4055779839654,0.006668452218894495,0.9703838099364529,0.002628120893561104,0
57.37347004082695,752.8805600944728,753.5964819008436,0.006803326558326424,0.9825288479586698,0.006529928483269298,0
59.19909937369623,753.5207650392935,753.8427845277563,0.006757613266195483,1.0230612733011875,0.004476072305610333,0
60.492334643453596,754.2047547831295,754.1236043879081,0.006751391496662906,1.09461674191381,0.0030235148627062044,0
56.056745495201014,754.5806199976623,754.2882100386997,0.006805734847278412,1.086929009294048,0.006397118551418384,0
48.3464438211141,754.4300393606176,754.2356337971042,0.007242636555672588,1.085119001322237,0.013280212483399735,0
49.437159639775544,754.3652560356062,754.2158450438353,0.007244854779989854,1.067348698468924,0.012271973466003316,0
46.811414521296726,754.1304141123612,754.1216236876255,0.007230341396941652,0.9855519469693432,0.014762568460597461,0
46.38113463438202,753.8893661418434,754.0191786666571,0.007123389441278188,0.7981332732265072,0.015167675338434106,0
46.81974856869297,753.6950992220917,753.931176283306,0.006934189950648314,0.6484205561847572,0.014830118741937815,0
47.09940958921896,753.5336316864318,753.8529362899603,0.002827634402271357,0.6265079735394387,0.014627659574468085,0
48.83764701302433,753.4732781553774,753.8143799261951,0.0027450712559891613,0.5996972101731218,0.013414763259966305,0
42.489464497367734,753.0567108177545,753.62386483209,0.0028764436972742477,0.7021187141101471,0.018555633249340394,0
44.434054608315,752.7703174721464,753.479612368065,0.0028572306037779847,0.7520902541561084,0.01726553218824364,0
43.76314362956997,752.4731103008994,753.3252157838574,0.0027818693773301556,0.923555234435723,0.017808277397672385,0
42.89127240676072,752.1565908537389,753.1570707295143,0.0019425419112092796,0.8307488062831898,0.018487586110365637,0
43.73621117096595,751.9035568301474,753.0099471167216,0.0019037743344203861,0.8864422330439693,0.01801200800533689,0
42.19926747618635,751.5984296618956,752.836734514822,0.0017983252140863228,0.9317338181203231,0.019099756324051594,0
56.110226141852834,751.960516024148,752.9396507611821,0.003467869052083307,1.138979263846968,0.0100608622455798,0
58.441259871697135,752.4262134225754,753.0965039825379,0.0034950571567868723,1.1019905321393944,0.008125817021135899,0
51.98210248904218,752.5475357439593,753.1206905622741,0.0038173581530620585,1.1322460516013215,0.011874767231094064,0
48.41471576364318,752.4715753412347,753.0658051484688,0.0038978369540619237,1.16246252611816,0.014499533640256069,0
48.609440448040026,752.412372108367,753.0171609072256,0.0034977928442348634,1.0159642634835782,0.012037040795368846,0
43.96181820126067,752.111178824404,752.8665596946278,0.0036779161129895724,1.1206311589139044,0.01528196490761595,0
41.26531378731807,751.6815210764294,752.6561757226723,0.003737120014215457,1.1091211076256315,0.015181964943482064,0
15.718053386768872,747.4259647677978,750.8336834772314,0.01750581269042514,1.6229648925463265,0.07347950807217998,0
14.602952885878139,743.1328551935642,748.8996802944938,0.017374370920478194,1.7971365580609389,0.0805866570634889,1
13.691863520605665,738.86291591622,746.882630634259,0.01727932934024141,2.0280278055121226,0.08685382425073729,1
24.90449871693393,735.8568320696336,745.3057728823194,0.01771778602547327,2.0807653801038346,0.0730242122232028,0
32.274206515621216,733.8037432398615,744.0713593644259,0.018304456094323254,2.231169518713187,0.06250878507225142,0
34.64249243534651,732.1747762449494,742.9822912222912,0.01852399793582622,2.3263249803544923,0.058950745472842764,0
35.45272616629734,730.7771472780058,741.9689665779683,0.018611344839400162,2.343452070186589,0.05777005185648955,0
36.09260953668418,729.5697731842191,741.020318067822,0.018632077102424007,2.3481538766935204,0.056886280476143934,0
35.77432504591687,728.4297716087119,740.089992109453,0.01866837513235798,2.256367249306987,0.05762268398536449,0
36.617057814515604,727.4650143270877,739.2248669312966,0.018732058930925548,2.1933523315781196,0.05659198817330178,0
36.80843111694282,726.6064298410454,738.400447704273,0.006045211074333089,1.8235605847230363,0.05637135404255428,0
33.40553196572904,725.3819913639858,737.4226887532877,0.006039906462490442,1.6683798357656079,0.06332751272438704,0
32.98629974977108,724.2170278519513,736.4603469153985,0.005550957432867824,1.367650834726222,0.06422209384427756,0
32.875198821206695,723.1487276382124,735.5306122859783,0.0040775798504687644,1.1766308976324307,0.06444601992571003,0
31.32274761941305,721.9869335595286,734.556885445329,0.002673938123494679,1.012529373952812,0.0644911383341897,0
40.28506717343715,721.5119831947464,733.8616701077824,0.0037657944031952873,0.813122582372437,0.05209201615890865,0
38.157732045390865,720.8536913491118,733.0992393469163,0.0038876959371361625,0.8535828787941875,0.055625526669528524,1
42.198150891797596,720.5390505770932,732.4839831086668,0.004135322080193014,0.8028333520049427,0.04703505062247695,1
42.404239651498145,720.2686641525318,731.8992138172987,0.004129968429005325,0.818703513260102,0.04389020407444741,1
51.47111710418615,720.7192703076068,731.6264127657886,0.005240452357614043,0.8464043991837246,0.022137914197198277,0
50.64950453023169,1362.6576488640214,1369.692446180653,0.00459563199616081,1.8838111742273773,0.006882935308005657,0
49.848177243029674,1362.8907716173449,1369.4951591870047,0.0035956978329394554,1.852837851215325,0.007325470792502016,0
49.01309066604837,1363.0443415142706,1369.2813734004917,0.003601017041674218,1.7444698183305498,0.007768395445905093,0
44.34590680814406,1362.8492860194337,1368.928207628485,0.003298430945112738,1.6761705639614854,0.010286554004408524,0
44.830912898476555,1362.7014953657647,1368.6040107452836,0.003218270937545255,1.6584147836785335,0.010063873268548401,0
45.51245706265081,1362.6059673608995,1368.3115486344348,0.0031865232089025855,1.6486812762035028,0.009767238969700349,0
50.45706566314174,1362.8056645599322,1368.1590378278001,0.0032104877391126306,1.7224656640075335,0.007547482374627693,0
62.99428627326787,1363.9779863026229,1368.451259977842,0.0037377661967994335,1.8590230652045274,0.0023271567878720466,0
62.99428627326786,1365.0383977533984,1368.7303738098137,0.0027197893818483544,1.888154377164228,0.0035633950265867567,0
67.72978638618709,1366.4933461882868,1369.2147311032738,0.0028317358846040768,1.6948439787101384,0.0005071007368791001,0
63.05103354374423,1367.5425501092593,1369.5606724711465,0.002999409236591222,1.6148517396085962,0.004863848400635209,0
59.41992972405548,1368.2724250663998,1369.795537611331,0.0030829212282132363,1.570648143030306,0.006544502850171469,0
59.10127899452454,1368.913622329481,1370.0117675295476,0.0030717833043382215,1.5094576786619363,0.006690873579545454,0
59.56842290572101,1369.5317899687152,1370.2351128687212,0.0028520513256324567,1.5139476894810264,0.006398085358157077,0
59.023846781419955,1370.0624157103123,1370.4363136926654,0.0028696589704611157,1.664620868577835,0.006617682893972819,0
58.83085697261091,1370.532920438164,1370.6246549934326,0.0028821747874523494,1.6184365819001916,0.006690873579545454,0
64.02568729302574,1371.3492363957068,1370.973710783907,0.0029291420157123373,1.4506015765034865,0.0036980463173242216,0
54.459357781261026,1371.5827521684919,1371.089884641351,0.0022345033158445767,1.2861302193899438,0.0075701717674426456,0
56.44296408359652,1371.9369245970142,1371.2626131480054,0.002265970701817659,1.058239199116744,0.006471244112390957,0
55.74562019005734,1372.219228554166,1371.4115738316555,0.0018401256210226243,0.9951518586098881,0.006764074909210817,0
59.017166111463034,1372.7032774990848,1371.6523028794618,0.001853791289729833,0.9507924989967392,0.005009730704373951,0
50.192738451727145,1372.6362784898429,1371.666493583821,0.0021709713352547387,0.9471168383000197,0.008892092690870991,0
47.31755662685656,1372.3851358411691,1371.5985867977793,0.002204637884091948,0.922622973766869,0.010364927862682482,0
58.2607221411867,1372.9676476209515,1371.87937733195,0.003035685977019657,0.8577264316249805,0.0041348938497461005,0
49.30702773404246,1372.8373640495738,1371.8680262962089,0.003461681870727013,0.40644593106226506,0.009186334069855084,0
48.152045767523454,1372.6242363757892,1371.8165827565488,0.0034641805106721624,0.36456120883217313,0.00992264397212137,0
50.995362865071996,1372.6505067051742,1371.8604774899331,0.0033489381102605473,0.35736364476969207,0.008230698926992281,0
49.718743455264466,1372.5790203788051,1371.8620776227797,0.003135898753718961,0.28088959196839675,0.00896561450464715,0
49.18827020623048,1372.4762411543395,1371.8474456040985,0.003106186313958064,0.26042330951699183,0.009259898776430915,0
48.35494220232293,1372.3261049489324,1371.8092048253484,0.0031066294898035936,0.2825252392046537,0.009701602247397313,0
54.571455507251486,1372.618895046486,1371.9539750423173,0.0032529303469693532,0.2636340992511092,0.006325396988109904,0
52.45591968268017,1372.7504434298992,1372.0363734157634,0.0030076813504605763,0.22308685636416728,0.007350782813637191,0
57.747664380184986,1373.269496210874,1372.2843335713842,0.0030775877950117853,0.23917597297709964,0.004280964027785479,0
54.482435468847314,1373.5390901320188,1372.4376809641194,0.002412721791108907,0.21422222222222223,0.005813531096527804,0
54.324949113119764,1373.7734817387045,1372.5807082914685,0.0017192238165740815,0.20984415856082,0.005886610164198764,0
51.14023908596727,1373.7950565086046,1372.6376397451209,0.0017825140112488886,0.22275232199474299,0.007350782813637191,0
45.4069061990754,1373.4335982696539,1372.5319320158446,0.001956087788266233,0.2712418249971697,0.0072992700729927005,0
45.4069061990754,1373.106569030735,1372.430547983415,0.0019481735253357305,0.3388501560874089,0.0072992700729927005,0
44.96832258457626,1372.7821113895109,1372.3212992744413,0.0019476682933273345,0.4394961763382816,0.007519930784338994,0
40.60460348979257,1372.1933072511058,1372.092575759207,0.00206195641474499,0.6566263755520421,0.009805374398837644,0
47.349402179232854,1372.022510719778,1372.0249634952838,0.001968744561200324,0.7383163042633457,0.007005236000373052,0
30.104409386016798,1370.1726701161635,1371.2495614982438,0.00446658379124831,0.7945389300091686,0.020257300686548504,0
33.33617158566291,1368.7085569856345,1370.5933944837525,0.0043229381286228495,0.8294957774465972,0.018600494732541866,0
32.59838085994909,1367.2886517188233,1369.923963298022,0.004333673183840589,0.8768710938362669,0.019352895720866736,0
36.38870538302722,1366.2420865358563,1369.3812260374061,0.004450926061019181,1.25824712275269,0.01747397354468306,0
35.112831203711195,1365.152338912963,1368.8007149423936,0.00445209644420227,1.308060981190241,0.018600494732541866,0
35.599061568337376,1364.1949473327772,1368.2555814248137,0.004443936249549275,1.2675348546854408,0.01837504602071583,0
33.867662700269335,1363.1477814428576,1367.6568816831764,0.004428025260660832,1.3027629939984147,0.019804943685459108,0
32.69601306085819,1362.076544831124,1367.0306415887408,0.00441551198684225,1.2750170341028513,0.02078554262776682,0
31.007500564911865,1360.926376666531,1366.3541336354544,0.00440299915996429,0.9067259588660367,0.022222222222222223,0
30.560238843177572,1359.8381323079018,1365.6849765691102,0.004193221573344981,0.8071875745628487,0.022600963319748056,0
28.85683535228712,1358.6725761206374,1364.9673001892195,0.0012243026767305492,0.8064951113736339,0.024042761205880066,0
23.210582722010045,1356.8846898328957,1363.9730077706797,0.0019054966984433297,0.8222488703771926,0.029554425602204573,0
22.3541332213464,1355.133745530718,1362.9630757429463,0.0019014233336729182,0.8508826309997984,0.028763541277549497,0
20.817854452882955,1353.301942253494,1361.8905657715902,0.0015940823078784208,0.8671351887554699,0.030765757043805964,0
15.550252907889245,1350.5112530865815,1360.389582850885,0.0028146008889532352,0.9262582336517721,0.03844412720095355,0
30.769161245752528,1348.900640608596,1359.3287713581271,0.004097740292069225,0.967571592986257,0.028269401568955035,0
27.589934471997182,1346.9005654963312,1358.0847352522458,0.004182833071467911,1.0081880223457098,0.032683201759268594,0
24.525697203837197,1344.4814460439775,1356.637142324023,0.004266014136548193,1.0070165286267134,0.03745743473325766,0
23.856921578680044,1342.1498640781517,1355.1879866203817,0.0042729083911928435,0.928960848228678,0.03818183667732008,0
39.7519241154151,163.71675471513387,164.80129655510146,0.00468689367542856,2.0419553256663536,0.023055641811991823,0
42.380253229542205,163.64643026501727,164.72305566985503,0.004736642068881857,2.0467254443274276,0.020984159152038977,0
42.54388360487926,163.58474092978162,164.6493113110078,0.004699029761060448,1.9672442505401946,0.020858858260640337,0
37.04960843044878,163.43639927678987,164.53760863952414,0.004849212894907808,1.9493379542057434,0.026970284207308588,0
35.817079751862835,163.2793391320109,164.42083493867202,0.004580453671092362,1.9768529210550398,0.028493731390411586,0
35.03270400025917,163.12297772944922,164.3030362687817,0.004577743449259124,1.8052745522534934,0.02944812252418736,0
38.32953398178472,163.0139748311795,164.2049387397901,0.004625313921939377,1.8083741703368277,0.027287308837691527,0
38.52719362400589,162.91728744962404,164.11210806449745,0.004473032704572359,1.6268111766061844,0.02716045615113812,0
36.33297796416937,162.79645901138238,164.00874823371308,0.0027081210363763815,1.5877864471339929,0.02938447373553105,0
38.48889014139961,162.7062302300891,163.91837382874442,0.0026934387156367146,1.273438555548732,0.02811237331717294,0
37.935551449776405,162.61698494605787,163.8286712599732,0.002370358003149449,0.8476483919431642,0.028620816602226103,0
37.428460511223534,162.52958106448875,163.7400160582774,0.0021953104199155977,0.6889449012396589,0.01434760277058849,0
40.83491272266716,162.47720073170024,163.66689245323343,0.0023244612161904587,0.5215787190491633,0.012594200510742714,0
39.997485768027,162.42028672247704,163.5928252699059,0.0013912011029525886,0.4620988618153429,0.013219664721394202,0
37.589691867465476,162.3411633811683,163.50999234022942,0.0014285898352609987,0.5249175372684924,0.015038108729757482,0
35.98105588428136,162.2505265173264,163.42250117562253,0.0014512168498504458,0.757745044681262,0.016295959432175253,0
56.65622089691845,162.3657724177832,163.42404583994008,0.00435686479841773,0.6719111911611657,0.0034258995203273928,0
45.31242396573519,162.32806295633696,163.36427875982798,0.005399084954756734,0.7142154042382105,0.012656683560583807,0
43.85285280267004,162.27203467586523,163.29764043331545,0.005371248198070037,0.7804095508217166,0.01397300871818912,0
47.86320678143066,162.2699353621143,163.25473705402968,0.00545114039727457,0.9248684068477511,0.00973806983700886,0
45.463213921285785,162.23469109712076,163.19935326951273,0.005501842217720567,0.9545259530991728,0.011920988309637127,0
39.28159989592731,162.1056344526091,163.10469275805897,0.005865113002006512,0.9782107899846086,0.018336628907930547,0
36.99767488182698,161.94791166660895,162.99651840796665,0.005844849977337038,1.0463582245726164,0.021065783403553563,0
39.295981607091015,161.82998685282848,162.90348951357043,0.00590086261933116,1.0275260357386753,0.019413819842235655,0
36.484511551281436,161.67471504742312,162.79365684010676,0.005945036230969407,0.9172745088328723,0.022659206941091834,0
39.238400251009885,161.5628148166468,162.7006054931337,0.006003443456909391,0.6762440988254952,0.02074767495984229,0
42.035120110417914,161.4911048271218,162.6240090925378,0.0039444809907229214,0.6341473505263594,0.018779953474973157,0
36.64446523652208,161.33859337254108,162.51338661494205,0.003325941131093476,0.9433675720603778,0.024641956698020558,0
38.49113004322649,161.21966157346483,162.41545432204487,0.0034199561032555613,0.8645770592912038,0.023361893801723235,0
37.037845834797835,161.0882470935217,162.3115010645207,0.0030898342199991206,0.7741213518528932,0.024962497401022635,0
40.152709066845205,160.99983212757357,162.224759656867,0.0032651694875432853,0.8845005411184854,0.02291457345797726,0
38.9214969374334,160.9017421231585,162.13395508141159,0.002709018907233386,0.9335577717080608,0.024129527917088032,0
39.238291047347026,160.81585330917588,162.0481062684311,0.0026108142288463,1.0834653361392488,0.023937511444091796,0
32.82148883740014,160.6381365813775,161.9235959016705,0.0031718567889115366,1.2618682603611797,0.030701509760969314,0
36.64686409582699,160.51163676783185,161.8186597682109,0.003241544513167623,1.3171583999999998,0.02837238303765897,0
33.98399787578363,160.35337447570316,161.6995794075591,0.003195060442904487,1.3199029167123149,0.03135030239969784,0
31.818783261194852,160.1720882451623,161.5693470725688,0.0030433188455527027,1.4546967130513089,0.032060599109472204,0
29.775829807971718,159.96997260692547,161.42842492848888,0.0026955757789624843,0.962752824189948,0.029800641342194147,0
35.669651536166995,159.83758715660656,161.31446209637463,0.002971795397228133,0.9883327029307486,0.025350007731389124,0
31.015094241716838,159.6339970057445,161.1699652597363,0.003312048554166703,1.1035002771844264,0.0295498018534446,0
29.91632345536307,159.42789288972966,161.02216298134107,0.003097672793359435,1.244589821312901,0.02724324158809235,0
23.987464396122917,159.09950835476778,160.8208909611857,0.003939765523411704,1.2737802360240256,0.03494035836340238,0
25.89811220652112,158.81954520878682,160.63496931321677,0.0040243960131006356,1.2065631872381348,0.033747367380157045,0
23.179280478605634,158.4919590162139,160.4254912769901,0.0038727322642099224,1.0524356762634839,0.03893672031695228,0
31.33983170187112,158.27367032884578,160.25715983144264,0.004351570504285505,1.0172611796244777,0.03348268777029524,0
33.294228527255655,158.0961734203564,160.1039954601104,0.004455988935229996,1.1163026435180088,0.032095063590155626,0
33.24565292828326,157.93462852371778,159.9566183479001,0.00446357223705941,1.0336363847565648,0.03216111876977472,0
30.8262888361444,157.74084946741723,159.79530328036859,0.004489190057619939,1.0254969393477145,0.029249602282926345,0
28.96495016118139,157.52647904082045,159.62419364557374,0.00417926764060083,1.0105295278393718,0.03177044831241175,0
31.254566657008866,157.3525251835327,159.468312831444,0.004089067464493142,0.8751319546595138,0.0303789070022359,0
30.351523623134412,157.17799649419013,159.3115537461361,0.0040886206805988675,0.595753032146642,0.03157142662315217,0
28.16083846912501,156.97723261482773,159.14323428162223,0.003004389803950351,0.4894709854982273,0.03456493904947008,0
26.25596659730755,156.75558782951222,158.96501009445117,0.0030048528346325724,0.4100831939526902,0.03459428590147035,0
22.541865212359227,156.46457560727865,158.75626735583694,0.003191937830482729,0.3827340495031086,0.03662983080415011,0
23.279991104191566,156.2069935984068,158.55826483257934,0.0023812992294686983,0.3888555317704798,0.03616033439137267,0
15.81426866095208,155.7110844705563,158.25885451254726,0.005513557467436229,0.5185919176235034,0.052980132450331126,0
21.419104600657178,155.31669259070347,157.9939903844357,0.0058995159138510575,1.0420133595183336,0.04631515916374954,0
19.939316667774918,154.90367044958606,157.716357215822,0.0059046740139300025,1.418355866777879,0.05040403249238854,0
17.988501792068305,154.44807893718362,157.41578267350582,0.005952022480466776,1.4977148348778926,0.056354962623487236,0
22.722363299510434,154.08349707456247,157.14698020493782,0.006160334543083868,1.5050427830636173,0.04700572341372209,0
21.096256214807028,153.69459022555628,156.86438225006071,0.006117135393987526,1.6706023778941472,0.050066630045572914,0
69.22782161222312,64.0677561646009,63.86432989286841,0.005448567116814567,1.0467618471829612,0.0007673894273574507,0
69.62255820569331,64.17487579753458,63.92127918547007,0.004596589825435978,1.0596863893599344,0.00015331349074454648,0
69.38289075571444,64.27079559903676,63.97515067875037,0.004609521731233226,1.0456213465439446,0.0010739443770554915,0
65.0435058005346,64.3403707283751,64.01885619524214,0.003089323293041105,0.9219193001307562,0.0038461538461538464,0
66.66502302665339,64.41569774798528,64.06607970976056,0.0030769415685073186,0.7797426335019928,0.0018425111568039197,0
68.59592460272142,64.49908941232935,64.11792610180646,0.0027687458005395426,0.6829290290747505,0.0001531955290276314,0
66.27052909437772,64.56593294329126,64.1636198701005,0.002779753261723412,0.6535526503443176,0.001533836015284065,0
65.47383262618274,64.62353347060342,64.20598965362134,0.0027537051633914197,0.6440732853810777,0.00199485785584155,0
63.288690977902476,64.66800775962068,64.24310035404514,0.00253449345124303,0.6198622348319015,0.0032264053722943133,0
64.56237336234189,64.71586432224288,64.28190435815317,0.0024818994901417966,0.587882858629532,0.00199485785584155,0
64.26241261714347,64.75820168878658,64.31856833105799,0.001605977243974696,0.5144200610821472,0.00214854790945703,0
67.21646919939187,64.81365618844085,64.36110884816031,0.0018237145650203822,0.5281583363582538,0.0009183530968991542,1
65.2794518658392,64.85810275289629,64.39928598920228,0.0018573699058714202,0.5387283635107594,0.001838277402359409,1
65.2794518658392,64.89831032363296,64.4357918761773,0.0015564937170355951,0.6103594361406172,0.001838277402359409,1
63.16826758134485,64.92896617502822,64.46822517911616,0.0015023390688773226,0.6783514094847432,0.002759894231934525,1
64.00410847621713,64.96051074737302,64.50090146139712,0.001283536103158989,0.7935574020926545,0.002145255670635565,1
82.90667468992858,65.16151441320238,64.60670968480154,0.008819415458536714,1.128347309143349,0.0104368115614619,0
84.05270408104516,65.36527167361892,64.71741487107893,0.008741848230582177,1.464905051963121,0.007429420168309197,0
70.91772377064072,65.49339310604975,64.79916372463765,0.009466468165719768,1.625368122744878,0.01633943909825153,0
74.42001351988856,65.65503448119215,64.89707428346561,0.009564888492230089,1.687967119145934,0.009078740708240336,0
67.65641223067337,65.76602053307361,64.97568614877136,0.009910640954098769,1.737735996753898,0.014666317889993995,0
70.61060661828236,65.90263090268974,65.06646785242461,0.009960220819970651,1.748830854484532,0.008928662660174717,0
65.20912344054548,65.99573881029214,65.14036609854394,0.010193439172483441,1.7702016932725755,0.01375606812383393,0
66.2517310543579,66.09140634399168,65.21602706554471,0.010160859386021742,1.842028970532012,0.011940344056086754,0
66.9625443435445,66.18557932362792,65.29175330736625,0.010100179111535174,1.8972946738951972,0.010733470498651662,0
72.23650152985411,66.33460187603437,65.39148189881979,0.01030140916604871,1.9595602720676655,0.0007380524244695572,0
63.445534862963505,66.41798828087008,65.46515760296664,0.006609299043588429,1.7771414667442378,0.011754217025571357,0
61.94221897197737,66.48390511837927,65.53171062526961,0.006527083853597095,1.3603766449960368,0.013261799754940804,0
62.61008766966393,66.55020981925277,65.59832011414994,0.005804250265059447,1.177276424896059,0.012206009096445971,0
60.96418441498688,66.60067303301926,65.65812526027692,0.005359995462278127,1.1143610066596148,0.013714939532386825,0
60.96418441498688,66.64632898696635,65.71545071887188,0.005020742429490358,1.0856129179183742,0.013714939532386825,0
60.411648824153986,66.68477839699422,65.76919636898991,0.004665138950835339,1.0406532195842944,0.014168484787522794,0
60.411648824153986,66.71956518539996,65.8207231018302,0.0043838490751516995,1.0109760649129285,0.014168484787522794,0
59.37142862315457,66.74627568608744,65.86811723287218,0.004358750826120832,0.9718522589353555,0.014925373134328358,0
68.39595260143653,66.84378092308377,65.9444778076104,0.005684856461668703,0.9395582983465717,0.0033938817814169915,0
64.77384362001817,66.91485433578929,66.01048380297972,0.00481228987849399,0.7448465029919542,0.006066040602513377,0
64.88512600688858,66.98011054293859,66.0741862046623,0.003972061587984064,0.5411095138712116,0.005917182469050446,0
69.45631895941774,67.08105861975599,66.15290167614812,0.00429965924626128,0.7176054908396103,0.003821312944326165,0
62.309311640968254,67.1381038225153,66.213999511241,0.004793862304126855,0.7694729476194019,0.009160797041760902,0
59.038165080481505,67.17257184032444,66.26541043787202,0.004868402209471061,0.8846631924608671,0.011851897063078704,0
50.88671453095777,67.1551830596691,66.29435549553051,0.005520522562782739,0.9247565742256912,0.019555235554004645,0
48.21588237340578,67.12135501427241,66.31453981310779,0.005587511192206752,0.9248949796765633,0.022455088794498614,0
49.85682007336889,67.101225572191,66.33829271958425,0.00562343262100802,0.9362099838578566,0.020774164004949584,0
52.228016794555266,67.09825157994004,66.36746066968107,0.005676528987702887,0.8804754485944981,0.01833909888967113,0
52.228016794555266,67.09556084303658,66.39544778798135,0.004047695678146144,0.8306189674540708,0.01833909888967113,0
51.004195750053775,67.08645956193607,66.41951643906172,0.004007657947590373,0.8080624384820203,0.01940303062325093,0
51.70068405749336,67.08203481966885,66.44420466036563,0.004022807622509902,0.8312407268455013,0.01879478101168456,0
46.69674056402294,67.05136435497737,66.4567626113802,0.0031918732461506958,0.7030011498487946,0.02306771818827713,0
43.31095235886277,67.00361469410362,66.46046835683376,0.0030046938379734017,0.6498021131809687,0.026296016825708868,0
45.343206534340155,66.96993663350264,66.46799718043107,0.0031389295106741062,0.4347387761892247,0.024756211374402485,0
46.58058590875282,66.94518026675723,66.47760534467497,0.0022752726443134833,0.3750669885003676,0.02383456736780624,0
40.92619949730129,66.89040063509813,66.47333529552552,0.0026274195265467712,0.36094872535778055,0.029079406739593267,0
37.077033850831604,66.81512321903341,66.45852690651613,0.0026948304485714517,0.3630639363325704,0.03328297471138438,0
36.12834574796615,66.74034854637087,66.44153698980274,0.0023850305726028065,0.37272650238129396,0.034378378228482984,0
28.76755683559506,66.6107898436376,66.39946812112908,0.003459551588494606,0.45313291332200856,0.04466206670247589,0
37.612578780963815,66.53357127917522,66.37572113260138,0.004475934794813983,0.5399939225494963,0.03799391921051307,0
34.13483310134758,66.43323056618634,66.34025261298858,0.004484529761805022,0.6343657278977598,0.04306657834838997,0
30.696186884743227,66.30816022280241,66.29195177252846,0.004563339406246329,0.6252810562021334,0.04622227241834574,0
35.91071429031766,66.22071568412893,66.25626312036114,0.0050053975269935755,0.6577677431184605,0.036091155105977296,0
36.29318028634053,66.14350449625125,66.22278993869648,0.004932891354179528,0.6982708277239457,0.03286949665361081,0
41.82382700593882,591.3275057623367,595.2835717390112,0.0020000479042477067,0.8185900684294762,0.007874057252021612,0
42.263650290929604,591.2628394276413,595.0845201386118,0.0016019745080949946,0.6391390252931392,0.00770335664928218,0
37.25994910959898,591.0468949281484,594.8241112357741,0.0018756077763578613,0.6233198586482578,0.00874367472676146,0
33.97803681681822,590.7323303276909,594.5224301214199,0.0016849663569334606,0.7108091752103103,0.010803871690238196,0
33.97803681681822,590.4478286703209,594.2346017221265,0.0013141566679985086,0.7444288826641768,0.010803871690238196,0
44.61462855218665,590.4146501931851,594.0594552775596,0.001855725562794961,0.7063964180885935,0.006778512397036139,0
40.70757064163391,590.2606644951982,593.8373580929043,0.001980404283470345,0.6817534906407693,0.009001338150218013,0
37.69918835937143,590.016493972219,593.5789681645091,0.002042787723711847,0.633157481447073,0.010719733983516458,0
44.16308289572654,589.9481796322503,593.3993360853481,0.002233123914977209,0.6334335287423276,0.006278656513957248,0
43.256869343654216,589.8577862360718,593.2151605993514,0.002203967208213552,0.7232882091557301,0.006451592178215195,0
35.86041303980575,589.5091107058923,592.9222515748021,0.002614463373788562,0.8452216285429742,0.010405962911824608,0
37.70407415426879,589.236593246294,592.6610253454288,0.002644160165555785,0.9419940717805426,0.009630892599977903,0
36.20950613816907,588.9328816242967,592.3863564166248,0.002543998869145564,0.972068986875789,0.010664619281944102,0
34.259658318488974,588.5818953287228,592.090551673366,0.0025012280854321456,1.1338175404186928,0.012046113272906877,0
26.19072836598201,587.8593711335755,591.6318690209696,0.003293389175362871,1.173676730566387,0.01944920446294105,0
49.22194681639802,587.9299436799586,591.5067441296239,0.005430086693255346,1.2068874912527845,0.0062861236162097605,0
45.969839807852104,587.8413335505182,591.321134025857,0.0054531661707710325,1.2510397355688772,0.00902894002209327,0
44.872328447424444,587.7087671107454,591.1209113338365,0.005431181932294294,1.3778362568137439,0.009975233121612272,0
46.97911758191179,587.6698198926557,590.9641520275538,0.005369648402929987,1.4177252858271734,0.008513536700025555,0
41.726122964820036,587.3868768554998,590.7076205325172,0.005525094199280628,1.4158986665046627,0.011458888433645016,0
37.47391207091754,586.8974874089123,590.3618612419166,0.0054820681161265716,1.3129647666148476,0.01562898340221125,0
36.255868635837594,586.383285960318,590.0001784855,0.005460985826807651,1.2442501268395458,0.01625109579884996,0
37.992217320060064,585.9752403321121,589.6782586214246,0.005493069816008253,1.2345428150195183,0.015203636818890722,0
37.89958846491959,585.6013144715728,589.3678951961434,0.005489785964658299,0.7487908400711871,0.015290824844460229,0
39.64320741259662,585.3154088312405,589.0929402308111,0.0049602656005470185,0.5946422096390962,0.014332366925858311,0
43.669384693030096,585.1805830764612,588.882268868375,0.0023509999956374595,0.5219941986159244,0.012073963860582706,0
43.97886826193933,585.0681260370658,588.6844678250033,0.002264876060521616,0.49749945946962215,0.01190070583395762,0
49.23631647142184,585.1330771561451,588.5657344858773,0.0025107110693695354,0.49642542551984004,0.008877528309058899,0
46.803537095826435,585.1061110669011,588.4155759281039,0.002481163156821613,0.4484611936741081,0.010430087844292668,0
51.531732635922936,585.2388803681189,588.3382575020272,0.002224403212479303,0.40556052880168947,0.007587403592551151,0
50.079172458088195,585.3113768319321,588.2439865319784,0.0016505773832444584,0.3942454419342053,0.008447119807220562,0
49.927649252706026,585.3722059897532,588.1516026378364,0.001533884789734754,0.3505419505534957,0.008533151115002231,0
44.815441927583834,585.2605572920045,587.9926305250564,0.001930843052663244,0.34177189655867996,0.01155426199752955,0
44.98871446318684,585.1643050086304,587.842217401708,0.0019271834900988335,0.344052841853028,0.011467714517811296,0
45.35824596987668,585.0867434594489,587.7020036790358,0.0019174466304170456,0.33719188417227375,0.011294663980221413,0
38.76637176793796,584.792746059427,587.4732815944718,0.0022147179050405193,0.33327161993098486,0.011168384879725086,0
37.039558386332544,584.4600800637529,587.2258767427975,0.002223208125081542,0.40619815787269753,0.011525911487576831,0
36.91310981807903,584.1543395671446,586.9865897170414,0.0018773217594302422,0.41871788949303634,0.011096795194892473,0
29.880607355622715,583.5729407546241,586.6290443560091,0.002403367922642889,0.5709510896960328,0.0166941001952217,0
30.98680931100482,583.0707297673398,586.2960705199872,0.0020567158654790606,0.749642839762797,0.014784693019965347,0
26.48682622221837,582.3782469733536,585.8767840283047,0.0022379359240887985,0.8593178650487825,0.019190670418947314,0
32.01558139760124,581.8755339823844,585.5264334990992,0.0025347976015409426,0.9570661756293046,0.016894819636928057,0
33.86967870192012,581.4635620191148,585.2082550417672,0.0025718571399506594,0.9638046317498274,0.01610248115233701,0
31.697512952785488,580.9908260633354,584.861118883327,0.002541232827006096,1.253391386388556,0.017953123306049437,0
28.509474374326587,580.4012046299656,584.4603125850531,0.0025277337832762567,1.4296022503177177,0.020963792708549797,0
26.328751108734522,579.7439291050368,584.0239566606235,0.0024019097163175407,1.5394573278498604,0.023278074256211857,0
25.59878874848785,579.1063951399443,583.5873175789657,0.0024106540215169895,1.49051126804215,0.02408164747741763,0
24.540503007924414,578.4676788942515,583.1424455002201,0.0023683426166450985,1.468583906141392,0.025244497825915885,0
25.5600548691948,577.9088387099763,582.7234458709192,0.001966059900090798,1.2312883837831932,0.024886483771533654,0
23.907372917894676,577.3127502548822,582.2835764950875,0.0019137794511064241,1.0097934213947912,0.026589609940898453,0
21.189275270655415,576.6067646818732,581.7919142381782,0.0017126852695712445,1.0127258638005265,0.0293911199902498,0
19.999831783714896,575.8870608687301,581.286269828618,0.0012654492675439081,1.0326193596335778,0.030401525637608513,0
18.247913354159877,575.1073313855933,580.7473715027431,0.0010324533710640673,1.082169282440875,0.031178460148731393,0
13.24858612764352,573.8875694264106,580.0159854095064,0.0026751603535685514,1.2578664122137404,0.04108133936079485,0
22.557361405795476,572.9935052806236,579.4010861926781,0.0033408225807459177,1.2390753412709883,0.035163818575620016,0
20.960904311468497,572.0464941134545,578.7533598013468,0.0033469264917389547,1.190726626742439,0.03445524346800237,0
22.984983027838652,571.23729568959,578.1513385923139,0.0034454441624121547,1.1300397729975376,0.033537440907559384,0
22.130512288427298,570.4384967380488,577.5456686277108,0.003443765589212352,1.1815925830815346,0.03357915116614728,0
21.220295646797354,569.644345965073,576.9345100156665,0.0033742459690121957,1.3210862673174382,0.0327344337542128,0
42.11652639819527,168.04792350615344,169.5339897419976,0.004214417589541869,0.9989375769408004,0.013110827820209274,0
41.612878828725634,168.0185323954794,169.45692234400232,0.0022012733199044095,1.0660186292568377,0.013473199194142386,0
43.434063031917475,168.00626639230063,169.38986024574663,0.0021261354326865085,0.9490554712849207,0.012567756376331599,0
38.0637088764853,167.9350628136001,169.29903042301356,0.0025250720565104844,0.9518350260906469,0.016381714594951025,0
36.81870625543998,167.8554019471256,169.20557185075214,0.0021329901377520628,0.8793790606186083,0.017354840158939778,0
39.3554209809303,167.80147286277003,169.1244262371391,0.002071613934982433,0.7689600119936403,0.01578097612289925,0
42.98858591613727,167.77939866168072,169.05878611951388,0.0020267955341750515,0.6494218569980983,0.009906238173687755,0
51.38888672007501,167.8309483002119,169.02768260937026,0.002353049738946516,0.739439168084512,0.005406299689421286,0
44.27038045409019,167.80511485785829,168.96606902521407,0.0027816761358168724,0.6918010245521582,0.009787535292097084,0
46.77764655868825,167.80462753088108,168.9172523939772,0.0028054545537813144,0.6685069042694628,0.007151352362443338,0
45.58138798712851,167.79179405243818,168.86517480445409,0.002646474248043522,0.6139121304841808,0.003936325337371038,0
39.91596931408271,167.71632319158581,168.78749385177125,0.0029251641080859586,0.6305805971461002,0.007964082820686752,0
43.84275283543023,167.68140994028667,168.72777051532836,0.0030094466873425724,0.6247040731422232,0.005855964695530866,0
27.977520764461303,167.38107388768896,168.55377124761475,0.006017531756836834,1.2770918942388816,0.023096110617828403,0
35.147255150079715,167.1856149525999,168.42044270362055,0.006361189357502414,1.9447677578853764,0.021895572957693756,0
37.168083960431495,167.03166294228302,168.30280650539063,0.006373954756375162,2.011407148713211,0.020414262695566298,0
49.06194848999899,167.05151496214117,168.25903508183316,0.0072615483540229685,2.091876622244134,0.010224775166896422,0
46.99665599583003,167.03517331633216,168.20235139600163,0.007090540300030186,2.0667623495232923,0.012404074813416323,0
41.55447559001118,166.9213005825347,168.10543212082067,0.007209310369907693,2.123492152356897,0.018753019048644293,0
42.178452190311184,166.82685552090626,168.01634267690864,0.0071812865933227835,2.212255873637363,0.01820047252314337,0
41.07647728684255,166.7214056865678,167.92246504432606,0.007180518622881971,2.300835413644286,0.01949068129222017,0
39.74513979180877,166.60218836554867,167.82237163826542,0.007113589276466057,2.3287312504116415,0.021030976623354587,0
39.912959600220994,166.4962372858519,167.72733167512135,0.00704838030328256,2.367332488830246,0.020907555382376538,0
41.06169340413003,166.41276504968587,167.64159269088123,0.004362515267067284,1.8767094128228319,0.020106279007546662,0
43.82007297714082,166.36677645927492,167.57205685861382,0.004139944093778652,0.7357861754140929,0.01820047252314337,0
49.189810667471285,166.38708774102946,167.53181018571505,0.004282497495697904,0.6051448800839717,0.014227368778583322,0
52.70954276817367,166.45023407499002,167.5122901723012,0.0028860776146207787,0.6437339724964642,0.011373803422773311,0
52.21231993668414,166.50164937981637,167.4911576850407,0.0027994626623898005,0.6251365617489103,0.011737178217880588,0
63.42234861765242,166.72057296327182,167.54404979615637,0.003615779054367368,0.6599198635124977,0.0008885894180842139,0
61.616312812984496,166.89863739095657,167.5862673554714,0.0037259951419829056,0.6086134401870821,0.003914844750257813,0
62.546085946417286,167.0759312132973,167.63358823310602,0.003599055031521718,0.5944545573791877,0.0029035642872352304,0
60.8649876325539,167.21919191032254,167.6717025976378,0.003556019342672461,0.5095338488327874,0.00397436327955888,0
61.60587329989704,167.36023510347061,167.71307078301473,0.0035285385494454595,0.511497280064676,0.0032602434007545098,0
58.61799136664197,167.45926873449542,167.74067763608383,0.0037093301547653115,0.522243676205026,0.0050475423653407285,0
54.71264457735371,167.50981924152947,167.7506881648076,0.003927161588978957,0.593627695290847,0.007500413510535958,0
52.06999190353953,167.52793274919546,167.748654809276,0.0039053561575930575,0.5833940316930453,0.009242713655124246,0
47.78465719791616,167.49669866958882,167.7266664476179,0.003981714576586067,0.5200112678252372,0.012260784026164808,0
46.547064324404445,167.4541536435097,167.6995713821736,0.0039921798168108145,0.5314317622920007,0.013169691158643996,0
48.73938462460836,167.4375665536771,167.68278466177927,0.0014799269693584977,0.4768347267929106,0.011776669267568998,0
46.59190520869546,167.399700548677,167.65708754848788,0.0014860223082433103,0.5455906817689502,0.013230404709616663,0
38.6459366391116,167.26638973251704,167.5908919550759,0.0020828350439841404,0.5959696631914847,0.01957831325301205,0
33.24462835031224,167.05815383089524,167.49066284679537,0.0024011120574717396,0.8139249841125635,0.0252604683952751,0
32.81512472362854,166.8621319559007,167.39131091843979,0.0022721589016551974,0.8490225111329507,0.025757575757575757,0
31.81909396144995,166.66763741027782,167.28881134216414,0.002297030674360569,1.037940100142443,0.026877760459426362,0
31.251515210835834,166.4821426530853,167.18647739317728,0.002343599467963588,1.4005094740013202,0.027501206567059653,0
29.60246037185317,166.28669446311156,167.0767352277325,0.0023432426877058247,1.4609595073466133,0.0293134314840159,0
30.555085070972098,166.11652888316794,166.97421048786117,0.002425258350740054,1.4491300396732074,0.028875379939209727,0
29.62993983222856,165.94828485910946,166.86985680352404,0.002424772392544644,1.4366341648973127,0.029814382199646043,0
32.841835471007784,165.81701767821954,166.77845165016703,0.0024195423043500896,1.4260434254549763,0.028437701084628467,0
30.02430136608092,165.65825060450902,166.67404145716415,0.0024353101195557767,1.2815269243167298,0.0295461850980885,0
32.973254715850246,165.5336538281675,166.58177064022604,0.0020132534046975975,1.1694005006536596,0.027319684013561798,0
33.4264176193596,165.4237808549136,166.49439683916194,0.0012440953777731422,0.6661484749531023,0.02640221565259494,0
29.301572780648613,165.26913325484412,166.38752382514133,0.001585921878061941,0.5885178957482585,0.02997560177430463,0
25.503278666217994,165.06730798508073,166.2591650072455,0.0018907158225635065,0.44917817549503947,0.03260807553320655,0
23.863319855953264,164.85422884557144,166.12326711254113,0.001906573758334091,0.46003394457021024,0.03168951424236407,0
18.943737758926247,164.54715681578142,165.94527267704686,0.0027459189378907325,0.5674082573465202,0.038235429617551296,0
27.764188019675913,164.33218690912787,165.80053138432186,0.003258208582527432,0.6189867923574518,0.033951629758899086,0
26.36007279311778,164.10912018027173,165.64970030602808,0.003257775235903573,0.628031616384691,0.035866395219295986,0
23.090268374515958,163.83301208408886,165.47402952412475,0.0032556796245154446,0.7279744172252479,0.040878333003156915,0
21.168733870937686,163.53272250245618,165.28440485905668,0.0032763804278734005,0.9327186719767948,0.0443117419748908,0
22.220888145872692,163.2686515632004,165.10550564905483,0.003201639032941186,1.059457448693437,0.04379204270638685,0
60.361469247222026,950.396698174619,952.8263030943102,0.004626531965559733,0.8248420585953375,0.0010427528675703858,0
64.72010912029035,951.6521940358296,953.2869796455033,0.0023261045544751696,0.8474183583406885,0.0005189144375843545,0
68.38198556408881,953.212277678362,953.9166762198688,0.002170155370887518,0.8217052847014107,0.0,0
58.84766582099484,954.0077984662825,954.2422048784995,0.003577886880171651,0.8650984911986589,0.007695933137129631,0
62.47314163245861,955.1231860397787,954.729161891515,0.0036486101884661663,0.8659666035462213,0.0033654343573760355,0
63.022593813585,956.194005293616,955.2214299066901,0.0036829259014932608,0.8475904846295412,0.0026905745193580013,0
64.36268349291166,957.3103745883178,955.7568225398271,0.003650827390683807,0.8547877524955467,0.0010848101730386679,0
63.720875743721,958.2820044254613,956.2512249801475,0.003721700603387589,0.8728135040032637,0.0014987206274224806,0
62.21760711787988,959.0750704535883,956.6856666991143,0.0038472934140278,0.8082989768156098,0.0024312400997829483,0
63.65401348332558,959.9259162900879,957.1593342694002,0.0035588191764729287,0.741112304768201,0.000981417569247159,0
64.22934332235752,960.7480017113575,957.6349372112027,0.00338980755840911,0.7285982192637145,0.00041301369996817007,0
64.03092771848456,961.4821286735549,958.0853643384651,0.0031310198527919803,0.7106847190139777,0.0026330608300138307,0
65.79513351213379,962.2939569825222,958.580381979535,0.002821352320270419,0.6980623169460394,0.0010309278350515464,0
63.6268462897828,962.9330568604915,959.012279190585,0.001590471547945979,0.6942617955544151,0.002992801252902477,0
66.86112998072213,963.7732761551842,959.5390854071215,0.0012587528749945754,0.9414743543369746,0.0012863390789812194,0
65.7169443002881,964.4857366847541,960.02238963512,0.0013087896254701395,0.9892621375449151,0.004118404118404118,0
75.24995793779303,966.126007181907,960.9151817837899,0.003511050633290653,0.9888895115868523,0.0052459644645702335,0
63.05355118895837,966.9667668929503,961.4920697438758,0.004374919245701351,1.0645336074911778,0.012205716426391802,0
63.33794941545266,967.7559675013916,962.0565101415358,0.00433863911656694,1.0642134163832315,0.01189436102121251,0
60.81707020626351,968.3270380687475,962.5353864951188,0.004399042490756556,1.17830584952429,0.013453119985558409,0
62.37597080222842,968.981825229227,963.0531340087413,0.0044079071279129285,1.4530233869688585,0.011946229730391972,0
55.12723966911099,969.1502736126356,963.3672693389494,0.0047125475036539095,1.4343104549648662,0.01658508945242081,0
55.12723966911099,969.302670077434,963.668103087288,0.004688597685598509,1.4467474603457495,0.01658508945242081,0
52.731634032441136,969.2976526412734,963.8952078511793,0.004705015692532208,1.32335729509085,0.018158344685001288,0
54.57404228438513,969.4169492942339,964.1655663798813,0.004629162081848031,0.8863036787336948,0.016794588633229426,0
56.67257077828056,969.6677655379668,964.4854294124685,0.004655119325579948,0.7328940699442473,0.01522554187421163,0
57.65568709945872,969.9613653440573,964.8202615835976,0.002819697486518737,0.7164078071527961,0.01449496333686713,0
50.66913386058339,969.8507396628946,964.9812877763607,0.0022387940838124684,0.6252528439141165,0.01863128408381649,0
52.84997774367384,969.8840086927653,965.1921830887393,0.002319195615967089,0.5639028152718858,0.017161372056706706,0
51.1118700501341,969.8188573501512,965.3539511684401,0.0022998356094785593,0.5006136450516065,0.01821085756975417,0
53.811033042529836,969.9170711167349,965.5755330741113,0.0023208742056221015,0.45879710203586027,0.016480404184326742,0
50.19349197324367,969.8154317071688,965.7074027934437,0.0019292547853783284,0.47407985540584946,0.018578727825341614,0
49.56555714746901,969.6901399343857,965.8197487174061,0.0019285957909768899,0.4334130864454384,0.018946799778975218,0
46.10460400364945,969.3910506930883,965.8490964019854,0.001969319833062808,0.41376555947547095,0.021002522424444878,0
46.2082953111272,969.1252121968242,965.8792442471843,0.0018922839776254255,0.3918800864407559,0.020949721199532177,0
53.36090713062761,969.2371038960902,966.0565716808427,0.002256434571931287,0.5416415410385259,0.017056568072945283,0
46.756133038106604,968.9906988184637,966.0803552703103,0.0024911389736956015,0.5277859921293875,0.017793359269091,0
35.83000685937536,967.9724739663986,965.7688125338932,0.003434354616914895,0.7520479276195134,0.025879148605735498,0
38.957581622672976,967.213148968694,965.5380075615242,0.0034627200625888554,0.7859371448643512,0.024062474568684895,0
34.67518288466364,966.1451768750521,965.1567030354078,0.0035999672858793835,0.9367579547253443,0.028347254797005752,0
36.46160957938501,965.2694074772494,964.828870767385,0.0035393510201061373,0.9954423234615458,0.019123243178359083,0
25.760612084356325,963.2008070529453,963.9794654328672,0.005333654498738185,1.1925799662567615,0.03126490422516206,0
31.6454027387974,961.6768656643005,963.3101371707605,0.0056893747391543415,1.2550035923226932,0.027290936711144617,0
29.73309260438711,960.0361582443404,962.5583182017238,0.0056929738578063655,1.3947432762836185,0.03028214856930739,0
37.890460115390404,959.0803048120389,962.0580312075705,0.006232263393011691,1.6925920744989111,0.024263145045230264,0
38.51375577838166,958.2583497467427,961.5958885613211,0.005986317018836891,1.6604727942265773,0.023778184329187713,0
38.01168339276425,957.4622991029656,961.1305262624079,0.005969711093099094,1.69239137390414,0.024370947240669988,0
34.05624263015095,956.3087187061117,960.5029994532226,0.005586695909100018,1.4339522193385241,0.028137766232666138,0
40.76699845802398,955.7031153678066,960.0835818233767,0.005857528124381072,1.4972863109463292,0.02315911333996103,0
40.051350282691,955.0837608809744,959.6512539297247,0.005753425114949801,1.3329794109500508,0.02396755131418811,0
39.850439213065606,954.5043454939986,959.2283688389415,0.005726604864145187,1.244607521335459,0.023287645506783455,0
37.80809171283444,953.7896352218052,958.7431041995608,0.003477608027704595,0.8393294983025275,0.02544875985843453,0
32.47564150529655,952.5763190299149,958.0413074961131,0.003808939962811414,0.7144971490962029,0.03193240336089325,0
28.318899295700845,950.9309339830734,957.1396791007587,0.004140778663253138,0.602146873402624,0.038276476275217464,0
26.27203405524351,949.1327286904858,956.1453734779803,0.0034165835213831493,0.6387245004525517,0.0418968813952098,0
19.92507816179922,946.2391064491933,954.6640069224584,0.005062713015909325,0.7923481998925309,0.05523809523809524,1
31.16803618077529,944.4163155343742,953.5725298828984,0.006401802464897961,0.8283989834815757,0.04379251180050358,0
30.052421329072786,942.5718882198258,952.4435293454432,0.006346896203835957,0.8643083976529475,0.038430342426992205,0
27.189403397491674,940.3697884261995,951.1380345329904,0.005931407539906957,0.8246242391619395,0.04437434036792625,0
41.62684083877622,939.663138320973,950.4186204460916,0.008219089840384705,0.9110678222151546,0.028350942559569547,0
47.78053417693606,939.7333183757904,950.0224762469745,0.008773510386164543,0.978243336661802,0.0187154137909594,0
45.69030229550654,1724.495352656123,1730.909135901613,0.00918065978552919,1.036298593202413,0.021227100901424833,0
45.2018083606551,1723.9230896964632,1730.3760544010763,0.004944176118472169,0.9014910814029505,0.021821355833575792,0
42.88131024200911,1722.9570401540357,1729.6666246800223,0.004650719397328939,0.8267185967106441,0.02462361417291988,0
41.79956340757867,1721.873435563628,1728.8961580235487,0.004648977216812272,0.7944760506374757,0.025940654970424908,0
37.24628357681323,1719.9489707613586,1727.7403187539473,0.004994238184789656,0.8505587575172241,0.03190929681271442,0
36.5108235221144,1718.0462235959585,1726.5652141517728,0.003859639737192473,0.7098250400332128,0.03294117647058824,0
36.059750249287845,1716.2298401624632,1725.4011882355626,0.0028298474114858436,0.6950193708596261,0.033549146556798116,0
31.862829618097365,1713.6428769685078,1723.872861836559,0.0032681599394581975,0.6898180664923653,0.039606906270219636,0
31.74229549776534,1711.274270169971,1722.4005011861962,0.003071189701683451,0.6703882019016911,0.0374229922694105,0
34.41482240020423,1709.4177221645648,1721.1194321622738,0.0032226718824175733,0.6729219515519579,0.03363275842388312,0
34.27029717965941,1707.7097240143953,1719.8827086466522,0.0024634463283999364,0.6304693454966476,0.02926396689328998,0
36.56504594952463,1706.393434868575,1718.8005796903608,0.0026340536607416224,0.6498309358119503,0.021370771975988922,0
36.05667299006487,1705.1169223264262,1717.728642414277,0.0026054879438561288,0.7056848262250921,0.02191374813109126,1
42.98120620221503,1704.6578642415118,1717.006220445679,0.0031364098518535857,0.7551059594496349,0.01752627530555628,1
38.49217699614797,1703.546916567739,1716.013372011053,0.0028915582666469712,0.8446393120746503,0.02191374813109126,1
40.24158457880804,1702.7229501499858,1715.1420335617886,0.0029291560015759373,0.9592181745791283,0.018349150473750776,1
55.93911039599543,1704.0833456905968,1715.2185538463827,0.005125138404295911,1.0671770569812296,0.0029120559114735,0
68.6000208234183,1708.3154073605929,1716.5865550976466,0.0069044640021347714,1.3819535927477165,0.004861309694023448,0
68.69230533730948,1712.1726576957933,1717.9081635716507,0.006884747058312532,1.504940067668049,0.005260722160912512,0
68.40366429642707,1715.6241543085346,1719.156878139407,0.0069697933809881405,1.5834674059899718,0.005490720345393909,0
67.79014079230724,1718.6704857506402,1720.3196715229344,0.00698595281976079,1.6542340954560653,0.005951032592899624,0
69.02427358943584,1721.740891332485,1721.567759935055,0.00697354904340145,1.7637935863957133,0.0040550433987877185,0
70.14419469587654,1724.8045016044184,1722.8852448552093,0.006870569277699614,1.7916233662658059,0.002337633575954369,0
74.48265245593004,1728.8241125443801,1724.68009546029,0.00698055213627405,1.8460473401852173,0.0011884411918152236,0
72.65989127883763,1732.260681048203,1726.3140789896568,0.006637371804818296,1.7591156394691323,0.0025497194955810465,0
73.52380411893193,1735.6174848379867,1727.984950307164,0.006620272984846095,1.7295821075569429,0.00107497845208628,0
73.69594255529418,1738.702097734703,1729.606126607201,0.005925183822793908,1.6236709520548982,0.0011312217194570137,0
74.55124392177547,1741.7214472365638,1731.2567140361384,0.0024153894333735653,1.2225494174250768,0.0003388926670039275,0
76.44172212720133,1744.9770369590917,1733.0608071651866,0.0024481457885193953,1.0879340026808948,5.6295728680157984e-05,0
75.45393515399138,1747.836753919874,1734.7535995694643,0.0024719507792842093,1.1120452272982957,0.0032676331426056337,1
78.910429324736,1751.4336917970602,1736.8035607847626,0.0027253647712619953,1.1325375219520664,0.0,0
79.58228795526321,1754.90706077787,1738.8613389541285,0.002738511013443296,1.142350031434977,0.000615233274186004,0
82.46018630594904,1759.0972869780815,1741.2766896447504,0.0030152671912496566,1.2134010739912982,0.0005558952617868355,0
83.54978497375784,1763.3455451492753,1743.7854271952579,0.0024776500807325297,1.3425389046466116,0.006264927168614319,0
85.5266978441266,1768.1225519823417,1746.5844715607761,0.002396372651753171,1.3999986767863108,0.0008271298593879239,0
85.71534152204394,1772.5397798200179,1749.308738697957,0.0024664778532965965,1.4511308124510245,0.0018738078887090108,0
77.35479756304625,1775.802881824842,1751.6127970358018,0.0032394232015341673,1.576749459362993,0.007084307290181015,0
76.31373838822356,1778.6599285508685,1753.7825717606415,0.0033477506186424745,1.6038465297812214,0.00764200154206883,0
56.74113109877583,1778.9780480901902,1754.9115255456443,0.0058033887557173485,1.7039425174590834,0.02109987406618266,0
58.19654403465582,1779.5515958604808,1756.1143838385715,0.005808446453517115,1.7369743933896775,0.01938373982405462,0
56.75705423337236,1779.870508176228,1757.184388482824,0.0055025870800910525,1.742490168155054,0.020584413410357195,0
54.877513236784445,1779.9018849777488,1758.1031181806427,0.005493265057586826,1.715567320874168,0.0221323590016538,1
58.24199102450365,1780.5112563744085,1759.2278868088576,0.005190284482978243,1.6489564236441088,0.01864184394982154,0
48.531486232053076,1779.614914029634,1759.7011425037094,0.005575844291009713,1.4098532914909063,0.027384111946562827,0
48.65283909930287,1778.8229982139915,1760.1632093097337,0.005035773950615401,1.2870600829063934,0.02726806606806524,0
57.498825740765334,1779.6684453827113,1761.2595120253532,0.006207726798454374,1.216729433332965,0.017844171441158994,0
68.61282774940359,1783.4144002394128,1763.55692638362,0.008511295184241183,1.1231789041330846,0.0016492578339747114,0
50.18904434972714,1782.9177749456571,1764.1392185235197,0.01124373009334971,1.174233997793104,0.024631678118796345,0
50.118018678155444,1782.449405958261,1764.6901010347042,0.010465573107999277,0.9845111902263153,0.024746906636670417,0
48.815765866724504,1781.6923058283417,1765.0797795231144,0.010457221386669031,0.7867554940686642,0.026768103691180614,0
46.510316375322866,1780.4168316727864,1765.2076333782925,0.010498480570702094,0.704333205702376,0.03036812174916957,0
45.870590551548254,1779.100920913802,1765.2628864090268,0.010495592339381712,0.627610299579987,0.031359688203147225,0
39.53280337357072,1776.1579315459705,1764.586085814638,0.010796870273038604,0.5974286604964477,0.04221487866914447,0
40.96499285291505,1773.780951900021,1764.0553637960613,0.010605039470074528,0.5827568233880698,0.04042944883635175,0
39.912990725333046,1771.3351175089986,1763.423051025995,0.010598248359637682,0.5927312866549647,0.04227448398040981,0
34.8458103288839,1767.5698350943935,1762.1703490609054,0.010168082741346021,0.5906673316255739,0.052084506657054046,0
41.473161157158124,1765.4488838155114,1761.5023210380898,0.008263586467012314,0.4528065126622205,0.04394657023207837,0
39.18391114323239,1762.8442044960627,1760.5759919433726,0.0052170850258678675,0.33216576281570304,0.04827111535156581,0
36.167999157874746,1759.525684169797,1759.2870178605501,0.005266696645807365,0.3250205215659707,0.05439814814814815,0
32.999413113836724,1755.4089293162247,1757.586699347587,0.005396170400279871,0.37239358505663533,0.06158593961705357,0
34.16728832704074,1751.8937718082195,1756.0411764859325,0.005586654075570729,0.39726877332070754,0.06022694210066919,0
37.13514198913455,141.57552018051146,142.9088536193676,0.007000560533702364,1.3205991208895271,0.031038660016107163,0
34.86649654975035,141.43086189086702,142.78647020155907,0.00438094790446018,1.2256778246122924,0.0340568638841038,0
37.85799918722503,141.32866877878735,142.68262071637037,0.003908445099240878,0.9953100721271129,0.03184668852426225,0
34.142743384722024,141.1732733188721,142.55542434751516,0.0039004170646547666,0.9672766625308548,0.03650684477398478,0
33.289818564560164,141.01746533477686,142.4272684743623,0.0031298201125284607,0.9632300551823207,0.03755199760128412,0
34.3929921062343,140.88608164316278,142.3091972741718,0.003124741460289337,0.9031902061923006,0.03630770084774572,0
34.27090824189561,140.76533862134713,142.19563744519957,0.003124740945818534,0.9453848920932505,0.02829116419690374,0
32.828077304786035,140.63419340454845,142.07751657833668,0.002938687757171889,0.9659069397556179,0.02962913337324548,0
33.48373791434511,140.52033483667262,141.96679343705176,0.0025952901741786213,0.9818783547560727,0.02925990934896272,0
37.92084130200752,140.4497559207548,141.87524463035612,0.0024016184284378268,0.948127589657316,0.02675637091018492,0
36.16343723448873,140.36398741615685,141.77815698451607,0.002217939697651934,0.9117718143178599,0.028448592861948473,0
35.09719202654516,140.27305723685652,141.6795279414128,0.002079037017792112,0.7797215314935281,0.012911577393832608,0
34.54863683935103,140.18412829877556,141.58232736822845,0.001868378886832489,0.7695232011308343,0.01342048532455754,0
29.941397389365974,140.04268748747384,141.462853653619,0.001842723118826052,0.9110731326414423,0.016726801552018004,1
28.594012368310302,139.89472312505268,141.3399027022534,0.001855894151297338,1.0397048661116304,0.017185280739561493,1
29.084970638391127,139.76372551940935,141.22352675032954,0.0018182344066257211,1.143091010860532,0.0169649925804526,1
58.06608045214675,139.91201657739674,141.2275002994852,0.006908927258752319,1.1670726372009548,0.004174896032499102,0
54.874627877155525,140.010916348439,141.2160937959944,0.006960520892498034,1.1857594236668239,0.00681097364067137,0
59.41882750308694,140.16708254362905,141.23389521966104,0.007055271259603669,1.278337687030673,0.004235835717395796,0
61.56261724048309,140.34266263610598,141.26567834011175,0.007056715470398478,1.3025976635275036,0.0016900605763526689,0
57.47537458616852,140.45863794187767,141.27771051911543,0.0071505273850071905,1.304805457697508,0.0048742755955519705,0
57.202722550709304,140.56070307938194,141.28800726275236,0.007124646777973871,1.3436140199875675,0.00508726932037851,0
57.56408095297832,140.6578056386416,141.2999055459906,0.007102596790834723,1.3978431631088035,0.004732293828790957,0
57.870477463734794,140.74946535357185,141.3129286934309,0.006789253896153072,1.1986810177159208,0.004448558851390896,0
59.89772360203753,140.85715983271763,141.3359668533046,0.006672425828703708,0.8859723638515898,0.0026078031044127884,0
59.977446143535076,140.9555453816463,141.35844339507503,0.006677998122301217,0.6722205154416191,0.0025371809986618854,0
60.062947460132605,141.04550930367577,141.3803838610971,0.0023558658135971362,0.6030025505358337,0.002466568841228798,0
61.39598256693636,141.14119119885376,141.40747774223377,0.0021037754657565583,0.539024451719686,0.001407933431506622,0
59.54113067605483,141.21537439128144,141.42818934655926,0.0015534458041033864,0.3357572362893527,0.002325266596056777,0
57.52563502192518,141.26915542337605,141.44238943710076,0.0013474075692567044,0.32653150584788365,0.0033150037011550316,0
55.36331963049289,141.30352624851608,141.44995348428037,0.0009221293862719107,0.3159088589331069,0.00437756898829804,0
54.77192217257892,141.33081213801896,141.45559334869498,0.0009246217359662585,0.3168563968003531,0.0046613721250076245,0
45.594901929096494,141.2888257616774,141.43283955671686,0.001815308495279433,0.3442052045359129,0.009652925092222589,0
40.48171054998521,141.20416742786762,141.39133037202652,0.0020165431222479097,0.3671058047041277,0.013176682221792812,0
43.410758933203525,141.14757546697993,141.35995993426806,0.0019682434624261275,0.39001020223389177,0.011663461933928065,0
39.611985460586396,141.06018043034913,141.31463415347352,0.0020116580715369083,0.42693740611579106,0.014404937131893808,0
36.365356825236674,140.94682183177622,141.25673787994637,0.002003219953633721,0.5096596368231016,0.017015835889737874,0
33.873884671466485,140.8156886690768,141.18919754146492,0.0018062883992352918,0.6046280058747451,0.01920178072037836,0
35.92251423281985,140.7094264702998,141.12961597251095,0.0019873607113772207,0.6513748662610859,0.017895490727363662,0
27.95747979242762,140.50756593655,141.0280886404085,0.0028079471000723786,0.9496320136103367,0.02604806050755761,0
28.87546444457861,140.33064634830583,140.93309100862515,0.0029168864834169836,1.1963123960286934,0.025604062084620308,0
40.904751765596394,140.2553429892077,140.87748166867945,0.003966911565463001,1.2657434230360864,0.01906266153141431,0
42.43627635138134,140.19959380881903,140.82931544886753,0.0038245423718717988,1.3062159152259016,0.01811411765207142,0
40.27470862828847,140.1253441291499,140.77313599796386,0.003732434784611099,1.3848164480221972,0.01993974190078635,0
38.90870166114036,140.04292739293552,140.71285682712542,0.003652881717276643,1.5910076188095537,0.021111608196005868,0
39.04798118430361,139.969313657801,140.65541345993853,0.003610799870574062,1.7286376495449742,0.020392017310020303,0
57.20682611242059,140.06747668610905,140.66912408297915,0.005405719249534699,1.7718542802780362,0.007872344754266401,0
61.49180430897975,140.21343513008858,140.70614138586365,0.005394817716901085,1.8265630480704025,0.003531073294124569,0
56.42167417879498,140.297872167909,140.7217951341819,0.005622964045240092,1.9428339645459334,0.006803624475918474,0
56.32155550268204,140.37331394496178,140.73642118578545,0.004705729197025852,1.5390557859628928,0.006166350546164949,0
59.05733818486851,140.4749050068135,140.76435536378173,0.004684168396084618,1.1556053670817443,0.0017675339061420509,0
64.99410236725151,140.6506316681928,140.8260890992886,0.004663879496763543,1.3072847027636645,0.004777913440041926,0
61.50172974717384,140.77914467885114,140.87265222481878,0.004848409172767883,1.3031117434967088,0.007042253521126761,0
55.75482159565981,140.8411309621209,140.89474918238443,0.005070513561340385,1.3054783296931827,0.011100950332493378,0
56.89634043238293,140.91150039666502,140.9219057764309,0.0049925942718709775,1.3067538031894355,0.010029652144232737,0
51.37705768267823,140.91992901488308,140.92499937224812,0.005304639013774735,1.546910223780089,0.014184397163120567,0
52.2373937924674,140.93707936948758,140.9319292667405,0.003574083623695633,1.4818119433499273,0.0134655833755987,0
33.85358350860284,140.68116494670073,140.82577114191346,0.007061530215029472,1.4365436333401942,0.034358047016274866,0
31.742961928626215,140.4020043059014,140.70406834638504,0.00706314673560879,1.4598997605203516,0.038112522686025406,0
29.972069336500965,140.1075254929553,140.5698183277239,0.007018744644130552,1.455969942084936,0.0414390979722957,0
44.87541991017417,140.02966480915634,140.51921290711505,0.008788335764875737,1.555434447467639,0.026635127379509623,0
49.20994653374928,567.4892207736785,567.4411310138407,0.002900272543509563,1.7203656374979823,0.022659208559860842,0
47.921525631158524,567.3900271808802,567.3985537461782,0.002866143954803925,1.2727311970957862,0.023832641378893463,0
50.39609993325143,567.4100627179562,567.4071743175798,0.002545971472068717,1.0718704722803163,0.02175834593429064,0
49.84163358214544,567.4043296615234,567.4047350320602,0.0021806819375657376,0.9422964161410435,0.022208578766714338,0
49.96032827651733,567.4039189591855,567.4045348307125,0.002154730344496986,0.8630197843857363,0.0221184125008256,0
44.519727602050324,567.1746314415407,567.302676594305,0.0022547557131421614,0.7855706998128927,0.026460198596515487,0
48.54273341420662,567.1198281693423,567.2730028837877,0.002242253994536857,0.7522537026320906,0.023561661130126397,0
50.937341685792134,567.1656125370048,567.2867688429934,0.0022572750532377636,0.7040879211175021,0.02175834593429064,0
52.71464032829083,567.278534075317,567.3314023821148,0.002238769835111202,0.6862090303463582,0.020410023963025162,0
56.03092455809055,567.5189133843562,567.4347481845149,0.0021213157242030117,0.6710194678627449,0.017813311041611345,0
53.389007917330055,567.6457962412942,567.4938392905733,0.0022294460837272005,0.6330156408787028,0.019513117864970078,0
54.602260030950994,567.8082322709549,567.5711438066909,0.002173721923121182,0.615523742330224,0.016071001679847086,0
58.339348419590706,568.1076716255661,567.7115257296078,0.0022469917158107933,0.5988492565921426,0.003590485592678133,0
56.920146463838414,568.3356655063358,567.8271090703888,0.0022673246815024806,0.699693407596067,0.0023663025169807185,0
51.93169361256746,568.3846771927557,567.8694127483498,0.0025177367686274187,0.6719788474937831,0.0052737982398784215,0
53.26821690741788,568.4766609303757,567.9305149170616,0.0019631208881432864,0.6510471495516258,0.004742271577780565,0
40.80535795291565,568.0739215169981,567.7789330353255,0.0035140319308382896,0.6985543892209106,0.013823638091216216,0
39.347405142996294,567.6381138625355,567.6030516833139,0.00343662342953384,0.7087443702392628,0.015173004069154835,0
34.56010674755065,566.9865985441861,567.3239454503205,0.0035742065137183737,0.7764240423092968,0.020060628111413542,0
36.26128457555972,566.4495795221028,567.0792971084056,0.003415667808920181,0.7873582047340227,0.019061214344692132,0
31.597074036526067,565.6874620076306,566.7265199396477,0.0036097855174691725,0.9828206617445054,0.02435307599365877,0
30.364178439001336,564.916992913686,566.3540345634611,0.003486773823190823,1.1299666894174398,0.025914657173086997,0
30.53604046579308,564.2247118349396,565.9993609177551,0.0031531945214907527,1.1457835410259416,0.02582258181381175,0
41.027361911807915,563.9175206068985,565.7959571826829,0.004113226055616862,1.0554150156260018,0.019696947937555703,0
39.67877911806242,563.5729167234317,565.5726767420083,0.004091756602934648,1.1213812145926079,0.0209709088987909,0
41.166354075521035,563.3087748892689,565.3790535601853,0.00409262727110171,1.1145518933835699,0.020060628111413542,0
43.707959017123365,563.150769771919,565.2279750604646,0.00322058571456102,1.0078978880002276,0.01851680392920118,0
40.70066180824546,562.8792218175331,565.0285806835849,0.0032704541562747448,0.9915210811078103,0.0209709088987909,0
41.50331187346317,562.6573568079878,564.8475950310119,0.002918783957701441,0.8257412302023645,0.020515565516785565,0
46.49497814640236,562.6090328950653,564.7387129390661,0.0030488827550764473,0.7907101461373646,0.0176108920198396,0
45.07111398120839,562.512920426496,564.6121692137701,0.002470919954573097,0.6468574918492398,0.018607572402631205,0
47.28368201823808,562.4926388804446,564.5190520758434,0.00236381760450378,0.5925979601438317,0.01733949886477646,0
43.01844672909962,562.3218954107331,564.3654124597529,0.002634381037027029,0.5868138351349029,0.020242509967605758,0
42.24892257829935,562.1388434717253,564.2060469019594,0.0018122323170769454,0.46722259894701307,0.02078865608738526,0
39.81965524108458,561.8827432835639,564.015091817829,0.001848725415457491,0.4254477397127809,0.02252207580840078,0
35.32923731963791,561.4653081622916,563.7537546694195,0.0020784791210411396,0.5298745908314066,0.021524663677130046,0
30.73525701504002,560.8590452784142,563.4069403107623,0.002233133839213193,0.794845098844994,0.020536885093589075,0
40.46231374182119,560.5772166353355,563.1864314912659,0.0029141688852005183,0.8771365017298559,0.009858397130877355,0
32.69277593425929,559.9031589302831,562.7988861273698,0.0037178369543602245,1.1116397255792307,0.01788622297030262,0
32.1637481633674,559.2599712558779,562.4131499430124,0.0034425487318948795,1.1255487467868137,0.018530235103681972,0
26.655525296665402,558.2827871408957,561.8773355131641,0.0038981782319322433,1.2451440361431507,0.02622955266678051,0
30.661363936228895,557.5224895658087,561.4151937303965,0.004024344072274511,1.3305748977832146,0.023805264240751144,0
35.34218867437076,556.9869969585056,561.0356359667177,0.004314264152476395,1.4053908330751246,0.02083710725001189,0
40.10466564618589,556.6691794518175,560.7412241919335,0.00456513303670347,1.5350200159985437,0.017610402908080056,0
38.7012072909938,556.3054347763169,560.4268597219626,0.0045628125204935565,1.5402582687995559,0.019083023051495195,0
36.8772462661348,555.8763328745763,560.0834035799685,0.0045007731347673635,1.5040599366917058,0.02102217629161311,0
29.076649007971525,554.9595166252666,559.5329915359574,0.00526961402073968,1.3583376929492197,0.031395925700800915,0
26.568493347678682,553.9109689656785,558.9133213168147,0.004762667949459604,1.2959558167583731,0.03575698459517349,0
26.094210154981837,552.9194280663593,558.3007347056554,0.004386970296594285,1.1478842211078024,0.036614580338661454,0
20.94843672227617,551.4746942057235,557.4843981394837,0.005150798055407589,1.26929834604667,0.04769879017026964,0
19.64259154615621,549.9961285940999,556.6294217385745,0.004891018509400409,1.1958068130573796,0.05121748592558597,0
17.875854634389455,548.4059961373656,555.7036278326432,0.004640512332996659,1.1418074161997611,0.054659713259507456,0
22.41343522381179,547.11969569062,554.8784537952671,0.004653969176570499,1.1242577904294613,0.048700666674121575,0
19.930446070330575,545.6368481920897,553.9535467255678,0.004169343814998786,1.1493988676187923,0.055309989820775604,0
16.44569595957087,543.7285534485684,552.8298933946386,0.004607354696081141,1.2850772319336992,0.06402211943893174,0
23.135026041088167,542.2639122902286,551.8601549443704,0.005592709284811633,1.331321142354132,0.05744305483772515,0
21.484760837996703,540.7054326306816,550.8321889668294,0.005225298734818843,1.2718599358932663,0.06227419372434673,0
20.276756033841608,539.1144259795083,549.7700972476154,0.005223207416973835,1.2750572791333692,0.06612600079019561,0
20.180272631843437,537.6606579961966,548.744484118057,0.005259144599519741,1.1969084283111222,0.06051353189732252,0
42.277732583761576,405.98494695086197,409.79004078393785,0.011984748635957875,2.259028100325128,0.031246140368296652,0
42.38338652462087,405.72866466650083,409.511235940924,0.008041165077792178,1.8963812835185139,0.031118320581227838,0
41.56388608780635,405.4491787896391,409.22400396090484,0.006379047043288708,1.3084581036592289,0.03239825895241667,0
43.90019138285599,405.2918255471938,408.9926924664597,0.004968539765715147,0.9892821263873927,0.029470096022300354,0
47.19678186071653,405.2878355674834,408.83362797079786,0.0045238453319999565,0.7345035506075079,0.025416379501465147,0
47.09404020556711,405.27945891225863,408.6797047717024,0.004433128429004357,0.6379423656435029,0.025542880735771857,0
46.983827338006535,405.2671122069559,408.530651877977,0.0035926706756179453,0.519430106681028,0.02554610948892189,0
51.61591485577035,405.4371179770698,408.46831407039423,0.0037596668988518203,0.5490603330861432,0.02051346604575395,0
48.04683010152166,405.4478794013238,408.3458024037433,0.0033393693565855103,0.58935607718991,0.023301719865555598,0
48.68371633564425,405.48144716871843,408.23922344862365,0.0024171520740373697,0.6120258890667409,0.022671297397191932,0
57.4474204080293,405.8835798290885,408.3002169139602,0.0037049792346442144,0.6294087980737945,0.003173023564158048,0
51.936718846487494,406.03288633078085,408.26480751884503,0.00432613485748038,0.6373030855357374,0.008467251407763216,0
56.97411845154902,406.41098727386077,408.336899600653,0.004533343220078886,0.6737370377258166,0.0021951070645960364,0
57.25789017199889,406.7673223987648,408.4120530629202,0.0045464211152730465,0.7136664041534689,0.0018285993201533207,0
56.8540722437341,407.07538359992054,408.47772731740423,0.0045231920914515,0.8899465327284511,0.0021951070645960364,0
57.179300816143865,407.36836466028564,408.5467410141228,0.004510214797565034,0.9667268215655312,0.007923930387331057,0
57.409814132462714,407.64294266533557,408.616889677552,0.004499505258369955,0.9660851699414348,0.007678230095025899,0
47.72642489661154,407.5578622267878,408.5401530056215,0.005258441441427723,0.9419877725670689,0.016349093783612476,0
44.067154245489725,407.3284480443347,408.4010664773379,0.005278026682205373,0.9669238983788249,0.020362828888769207,0
37.08229828915015,406.77315323533014,408.1184513136441,0.0059682187871590705,1.0444573487843827,0.029638839094606163,0
30.635151725111,405.84206647039565,407.6639135599102,0.005444907361348771,1.3857531116381323,0.04130980830348709,0
30.07208367447356,404.9568397057169,407.2103163757223,0.005409212630055852,1.495240922601702,0.04249150579299146,0
28.62421123219724,404.0464155685308,406.72906577297977,0.004407469212850662,1.6424716741057905,0.04552352118829925,0
27.80921803298787,403.160824092128,406.24168613366487,0.004248975875782768,1.658982804373902,0.04724507636854813,0
29.146160187407034,402.39771748406025,405.7910726467741,0.004393165934352042,1.509888031383904,0.046184993753994256,0
30.018499507750164,401.731132948452,405.3695170516606,0.004421148317798444,1.4490065654316377,0.04552352118829925,0
32.35056210241554,401.189972586848,404.9919441115375,0.004577454606555773,1.4998588249280502,0.043807616811707036,0
30.184105740323744,400.5765404144921,404.5775384011928,0.0042246390458204,1.490711267151008,0.04724507636854813,0
29.211746566195245,399.96439677004736,404.1561480241232,0.004233173241766014,1.3645530639817043,0.0488392751442123,0
29.618715364307576,399.42009481884827,403.75630599099355,0.003687409034392871,1.225695626063457,0.04857322484840679,0
33.52824427601682,399.0181329543249,403.4113439351306,0.001927373392941221,0.4152102847016065,0.046052583824108796,0
32.80523884578102,398.6211244954888,403.0665581546845,0.001919220118219309,0.3475917157533817,0.04697983412999012,0
31.854130776915227,398.21907174503684,402.7179030866063,0.0017396060228695445,0.28306268623380054,0.048174442936190325,0
29.98195523894512,397.7695955654481,402.34744343671673,0.0018067413990597114,0.2589781166555407,0.050571776102882784,0
30.470966237778015,397.37245921115976,401.9962332923356,0.0017600447914366936,0.27816956589876196,0.050304846254909386,0
29.689438446172602,396.9798148901466,401.6453993007581,0.0017271318038677916,0.3079831704879164,0.045518102724690084,0
26.086760319999442,396.45789269070696,401.2388058208608,0.0019323858038839048,0.48026177058716596,0.04891441608297414,0
23.380597083882137,395.83805686997016,400.7867781160586,0.002024872380331041,0.568390409574253,0.04680087044159588,0
24.46928666472016,395.2963067905733,400.3612099989686,0.0020924150723504818,0.5776878088230942,0.039087531048497645,0
19.536259541392212,394.491857170447,399.8210675042825,0.0030833273030630793,0.7031271993618918,0.042781407604631665,0
22.591929570609324,393.821175073314,399.3268815771229,0.0029598041742427412,0.7638574902757498,0.027874532075631606,0
19.19093622677329,392.96674322351373,398.7489971426243,0.003277778730692903,0.8191805920850733,0.0328699329501422,0
18.22499176389431,392.11273620378415,398.1606632742663,0.003243671571952677,0.8468469727026348,0.03281251589457194,0
27.26926993488911,391.525790537025,397.67391151019837,0.004069812599302771,0.9096404546734098,0.027594231272550153,0
28.363168482208238,391.018558250281,397.21682462154064,0.004095086533248153,1.0112285668260812,0.02692903564930294,0
26.800384033798622,390.47391762582356,396.7423872083506,0.00408134471028735,1.0264104268604992,0.029327844974183222,0
25.86260598442763,389.9287691505485,396.26522666591706,0.003993404391246995,0.8406344958772276,0.030799236136492852,0
27.111115879994415,389.4593520758891,395.8172554962574,0.003973525094413106,0.7495797373056535,0.027142888849431817,0
26.070934681992114,388.98226244331624,395.3654760970195,0.0039238792007876095,0.8029035607091431,0.028612302381918926,0
23.83283720103752,388.43156187171354,394.88222753388635,0.0031646068269220013,0.667732044639534,0.03196763990023492,0
26.021387896566964,387.97140608816187,394.43429123781294,0.003123998212317988,0.8029297636344308,0.030761177281588697,0
22.91863651979436,387.38840688420333,393.9349025893357,0.002737060648881529,0.7649700196284047,0.034961387691837764,0
21.647835482041486,386.7847397452704,393.4238229965442,0.0027306978065020256,0.8516678495386799,0.03582213581247719,0
19.40306401001334,386.0909465039503,392.8717831699445,0.0019850652576506125,0.8063566967383762,0.038998650310853096,0
17.567782590575717,385.3251324199536,392.28439473609706,0.001903601196702706,0.7548819479167144,0.04298373369846258,0
14.426157722765069,384.33701581890597,391.59771688932267,0.0027076782841466414,1.0679879402622292,0.048939791941666706,0
23.460594407203118,383.62396080162847,391.01373889596385,0.003661882023227316,1.049805373225462,0.0392728872316998,0
22.582241875965096,382.9169122711834,390.4273709158312,0.0035411762250976645,1.0259055522774427,0.03920786688300995,0
20.718698997340752,382.1391053226042,389.80704522222135,0.0035575974419718224,1.046290116404032,0.04162776812145597,0
20.162594919495405,381.3925176812021,389.19367476549877,0.0035715224934291445,1.0127415258081098,0.04114353437430646,0
26.96491673785019,380.8551317759867,388.6620999064922,0.003960525255785952,1.0869729493141,0.029807085048652694,0
74.05403428465445,6724.827917501881,6687.851685299438,0.003966887521373069,1.2355573163058424,0.001243326263438894,0
69.95676267058175,6734.007647823636,6693.571576189283,0.004165538108327368,1.0646300099217794,0.0035185456677906467,0
70.96141764136352,6743.168271504073,6699.410520814507,0.0038784332422211656,0.9322764566819635,0.0021961932650073207,0
71.01939918481267,6751.50079980124,6705.000936181571,0.0037730827297022284,0.959111617312073,0.002415635751409121,0
74.08435208661702,6761.660371557527,6711.5033990852435,0.003724613606905372,0.9999781668922755,0.000510352872557597,0
71.13809499446064,6769.895507357056,6717.285516635471,0.0034542649375931193,0.9765643460142204,0.001971378504672897,0
71.26117791734619,6777.439474759714,6722.8475656488545,0.003486008059431172,0.9330509018550612,0.0018250839538618776,0
77.14033840329179,6789.602984933805,6730.516410674738,0.003912759120934017,1.1126864799594907,0.0013034033309196234,0
79.40857071206479,6803.274984871024,6739.016694618175,0.0037462338018918943,1.1827551487414187,0.0005769508149430262,0
80.20190651971765,6816.643143092906,6747.577261807464,0.003082633023780378,1.2266342241396937,0.0003600489666594657,0
81.16924196930985,6829.974929951295,6756.300577698707,0.0030525464582159202,1.2978822978822977,0.0005031265722705384,0
82.96224409318424,6844.513051704921,6765.721349724317,0.0027511541847849695,1.5142540633167743,0.003938417472252059,0
85.15740095664214,6861.238506577421,6776.28587063873,0.002878481024195421,1.6594555733472762,0.0,0
80.11792696255534,6874.748672395175,6785.683259293903,0.0032237984468043894,1.691670444065836,0.0036412965871769243,1
81.82162864427178,6889.352908846905,6795.704986672357,0.0032029950349992562,1.7381776726904237,0.0001422879908935686,0
74.15706993682359,6899.8965221720055,6804.136150858312,0.003618618638590581,1.814241851676901,0.004857142857142857,0
79.93915934235176,6917.057768414032,6815.497594106922,0.0045458834575328195,1.8542053184910328,0.002754237288135593,0
80.26605884888977,6933.107106730644,6826.595778584879,0.004263144146832261,1.6889222051405848,0.001975866205631219,0
84.01484957638915,6954.629476861584,6840.233176611076,0.004921453629049397,1.661070478723404,0.0,0
74.38709003004496,6969.6703044243895,6851.383153663628,0.005803349326392874,1.6627628807083943,0.006537785588752197,0
74.7555827822533,6983.801651091292,6862.282821164318,0.0058252970436363065,1.575820013815774,0.00576004495644844,0
58.582698778361845,6987.250152594946,6868.719796695567,0.007683500079905529,1.4049204984959174,0.019800569800569802,0
49.76797529074521,6983.2728626592925,6871.848459709124,0.00821610022601811,1.3118503613568444,0.030739327622201426,0
51.35504780049299,6981.103483190862,6875.455331609697,0.008257870231144111,1.225719647346245,0.028518066230874217,0
50.495979733155,6978.426363190949,6878.605678073153,0.00812826345453987,1.0243885362210605,0.02962749892132892,1
53.14099845901137,6978.242862957341,6882.577152077905,0.00816564997740491,0.8608303837555886,0.02615924890704508,0
60.080775895029355,6984.839986653342,6889.25886344496,0.007973129005833648,0.8720439380872407,0.015821213196168853,0
58.63198362811347,6989.760801731948,6895.216479218056,0.007968038321561864,0.848054256632058,0.017409223335465074,0
63.27099588254926,6999.3088207141645,6903.087929800903,0.007580370367176436,0.682921302485781,0.009732016925246827,0
64.08178236973635,7008.899755253587,6911.035895276932,0.007345477380022364,0.748917846514564,0.008309859154929577,0
63.254721131311804,7017.053158195409,6918.432573831956,0.007340131040272363,0.7743917451932761,0.009091549792092465,0
63.7584473581468,7024.95373296409,6925.744733212441,0.005614493777936481,0.7265061442485623,0.008309859154929577,0
62.41810550365809,7031.339732031656,6932.433167017723,0.003966098007105076,0.7025909771499251,0.009447264523406655,0
63.09691601912986,7037.736528329214,6939.107251158863,0.003983345546337127,0.7035970288238733,0.008522927379023737,0
59.44983244794333,7041.571459440853,6944.683803526816,0.004173940080714038,0.7742628701450557,0.011443910709239898,0
55.9660809991141,7043.088575965777,6949.209152348458,0.0043755126810632395,0.8534231609613984,0.014381863266029048,0
54.29466517712292,7043.508739818161,6953.1483189208075,0.003060161622014987,0.8392271628380429,0.015821213196168853,0
48.03747327300806,7040.03150559943,6955.304656668726,0.003545778038570211,1.0044264782132775,0.02169259312116455,0
50.10176434304361,7038.171259895654,6957.913063395024,0.0023834866158868387,1.0906697697487648,0.019727939605441207,0
48.86296381815164,7035.726256332986,6960.0953059504045,0.0022305874213991886,1.1037860809095423,0.015187165775401069,0
49.36853787567246,7033.79985947463,6962.308554492263,0.00228990541588493,1.1608389693600942,0.014681776067279596,0
41.42876003175602,7026.913878073635,6962.276278808441,0.0029765223020038895,1.2199147150530847,0.022193492781728077,0
43.859610258210445,7021.969516983868,6962.783824917247,0.0032202774951013177,1.2265027017711048,0.02021505376344086,0
42.72792289594092,7016.734150315732,6962.951893814463,0.0031009169722616067,1.2368679379268572,0.021386536529352664,0
50.61802590683613,7016.378506222731,6964.945665289627,0.004057426372284016,1.1969749477379181,0.014687009838870668,0
52.96917869292155,7017.532965713873,6967.475913424326,0.004101427183389516,1.1190694026924586,0.012449313509283631,0
49.07316312181242,7016.291700228993,6968.949050751084,0.004203622359415588,1.0212369778989387,0.015918338211149977,0
48.354997249702,7014.740075060696,6970.183817743936,0.003800309616615823,0.7946607368821947,0.01657142857142857,0
44.75023952834823,7011.145709532432,6970.454719900808,0.0038495913159971727,0.708827542773171,0.019922602837895945,0
41.158604372349835,7005.51268178089,6969.72164330334,0.003962514714885812,0.5029800570563733,0.022727272727272728,0
44.87502242917236,7002.273325145788,6969.792249124783,0.004116598919506124,0.3375813449023861,0.01914939396112745,0
40.559942555073526,6996.437682993097,6968.649671519174,0.003581354445260398,0.3347926717046374,0.023627719348797004,0
35.288231748381705,6986.967299174901,6965.807690371266,0.003947140429272558,0.37586888951681263,0.030158039727417717,0
37.572058260908,6979.494131465989,6963.535604072609,0.004043909066663107,0.3871422669838602,0.02844322211768112,0
34.86426754918959,6970.494590573825,6960.423234463922,0.0031345851617989645,0.3648595403137541,0.03122730573710966,0
27.292605630780244,6954.352086651301,6954.107901155457,0.004199421127557764,0.4532798927384501,0.039479488310542564,0
39.08097679404545,6946.366101141894,6950.797206020812,0.005983804286694123,0.5030759720954876,0.026926715668437524,0
36.902282999108266,6936.902585211899,6946.688627584347,0.005982717115940332,0.4726423122284758,0.02782240397254272,1
34.85427567468477,6926.149878145335,6941.834056724672,0.005984254145798576,0.44515424184028035,0.031286635404454866,0
33.842927077763676,6915.32600745461,6936.718341521777,0.005965534680459435,0.47243033385205263,0.03302752293577982,0
35.16424549962021,6906.2472848522475,6932.103194471571,0.005835673084232681,0.48324479968227174,0.03189149560117302,0
44.74303593915807,168.23628472239253,169.39572222503472,0.005162385492206723,1.3723612270567456,0.021023159444391433,0
43.07456582140979,168.17936863606866,169.3202984911797,0.004221723396682012,1.3407786671892894,0.022667639379581495,0
39.54549991277739,168.07063717387518,169.2227046361092,0.004250617957438065,1.27141341138855,0.026341052036181527,0
35.42966181247675,167.89692584316566,169.09593127654819,0.004088012353866296,1.2164925667410955,0.03121805979793233,0
32.65018054500149,167.682578070589,168.94947887727838,0.0040781766835846864,1.285183403345397,0.034953267481193415,0
36.07087061409854,167.5249538703372,168.82580710084622,0.003812868092793221,1.181035415619028,0.03258449498214401,0
35.50865600459251,167.3718938722324,168.70310038485033,0.0036117554738548975,1.154671048953089,0.033269071440323206,0
34.15366450437992,167.20865689944216,168.57498221147205,0.0034951042871493787,0.3624026123975819,0.034890731929996366,0
33.414262089943875,167.04765453409019,168.4467338926376,0.002242370382009098,0.39657021786261165,0.03576605857984669,0
32.38940285217875,166.8839044850472,168.31625383132223,0.0019621175333018673,0.41033480268485495,0.036956393532222735,0
31.89046829894103,166.72720061323727,168.18780880783737,0.0019910438759728065,0.46336785402332137,0.03310337108969303,0
31.89046829894103,166.58544671192703,168.0650384544857,0.0020542411663105413,0.5533570870259944,0.020878702696393418,0
28.64877675000045,166.4028875616456,167.9239846378834,0.0020396001205267777,0.5883781191355725,0.024412487503258258,0
29.19283450537972,166.24155248812878,167.79076400551162,0.0017269551793734454,0.6551495330146881,0.023313679687727983,0
27.931598417011458,166.07463708928316,167.6542513491575,0.00146464076395197,0.8343057291449022,0.024682335844182807,0
23.760794888404803,165.84454553502115,167.48941052656303,0.0016268445703978434,1.2272488173370806,0.029879013077283537,0
43.956803951797006,165.81362146520493,167.40830059693994,0.004379366351316216,1.2130213455451972,0.018305937053440514,0
38.52122458086228,165.69798702280534,167.2928684019809,0.004685642004400467,1.1963532891501842,0.02399755043604352,0
48.818948967363156,165.72580963162304,167.2394164332139,0.005490457159758177,1.1759426042759324,0.015422600601692118,0
45.90016896300266,165.70429602880634,167.16818317359835,0.005572245931364834,1.185600280381703,0.01842902146077228,0
45.971124121254576,165.68578495350064,167.1003941146192,0.005567554337816548,1.1971396571703647,0.01383607407966709,0
41.72545901927289,165.60044573209944,167.0060987835073,0.005749900249228953,1.103323444751219,0.017901646502946338,0
40.768095814762006,165.50704400490275,166.9088691075487,0.005650753518579417,1.0687271914723913,0.017494866773397243,0
39.84160445794969,165.40730155109551,166.80923482113744,0.005657620606785591,0.9452958104144172,0.014349997044920274,0
41.190985527230616,165.33135116872052,166.71988825660787,0.005649374206692318,0.5196213297145565,0.013425713539109303,0
41.47373633010039,165.2654948371825,166.63550926091827,0.00535584162996618,0.1693625755420098,0.013241058932531666,0
41.77521219038835,165.2087705001875,166.55587822149118,0.003803116860836938,0.14063108426768187,0.013056471604910129,0
35.70147535602155,165.06981699614215,166.44234782678728,0.0038073583636688744,0.19195152245947109,0.01874813633110687,0
36.2440410369755,164.9488642365995,166.33556730328104,0.002218581677219641,0.14011349711151308,0.01843714417701611,0
39.85133728541701,164.87086707225134,166.2465441471313,0.0023649917815922864,0.13154461538461537,0.01638946177651606,0
35.69868561846262,164.74029230984436,166.13581238178583,0.002518581653442085,0.13420596613583516,0.02030585519399847,0
35.69868561846262,164.62215614075393,166.0296618423447,0.0022821022706649933,0.12814009760898987,0.02030585519399847,0
35.09285448469511,164.50670147130563,165.92427323920737,0.002281356078444898,0.12719329338158317,0.020867777894188175,0
34.05541412619887,164.38795670247566,165.81719815313528,0.0022807984349778156,0.13617840191570268,0.021805787928246865,0
33.00475588044159,164.2662366079675,165.70850400607802,0.0022066446098041787,0.2007592378601485,0.022745427625433634,0
29.304731495818714,164.10182027240484,165.58140686310466,0.002307914359102641,0.2370804598519616,0.02633206727498425,0
23.605142344448694,163.84448618486843,165.413829895596,0.002857540225208588,0.36721720080284403,0.03358124927322215,0
23.745383641059846,163.61261661130314,165.25350803617846,0.0026180058041308657,0.399624350900453,0.03351715221712346,0
23.062118091341347,163.3885450393415,165.09373117146322,0.002555157762824264,0.41904454707797767,0.028711428999932346,0
21.8866246415257,163.16105323899663,164.93007453622639,0.0022280600983131124,0.5664875658491086,0.03000001137301048,0
23.024352422247986,162.96189704248698,164.77587662438873,0.0022293120028671833,0.6589330966828281,0.02632389670064582,0
15.681204494334821,162.58265289741436,164.5445180442446,0.004183172091191324,0.7929851262919027,0.03874703627912048,0
33.495568794180514,162.39477432671777,164.38757111153998,0.005877974104549332,1.087435033879372,0.02658616684038372,0
40.991099321132396,162.3114601148486,164.27326162797362,0.006328191702555038,1.294451293013663,0.019997496545941924,0
40.39837556442346,162.22560452913112,164.15919773038652,0.006329197926233231,1.6888473982920489,0.02069262289890327,0
38.23334239310062,162.1098289858233,164.03382051389153,0.006293264341255057,2.197327327994843,0.023228405818033083,0
37.743248246575405,161.99650896655362,163.90992581858666,0.005919594552265709,2.04557378910908,0.023800657933351937,0
35.561377426477506,161.85588632973472,163.7751227502501,0.0059578440321649394,2.0196040199897425,0.022489412623139957,0
33.8241209182506,161.69722751380317,163.63263582900504,0.005976711074477351,2.0753252814371086,0.024595807362244163,0
30.781602592920237,161.49463140909333,163.47125608999667,0.00605921952272044,1.8292097052368652,0.027762063498438454,0
31.95099355949239,161.32180581248392,163.32073214383206,0.006065862336288022,1.6819315218993067,0.025676392106557724,0
40.07901278213005,161.24353742033696,163.20879558184288,0.004559873565339836,1.5209409538031444,0.019314679772683023,0
31.101946786283918,160.99748325293064,163.0283679454346,0.004807731649353776,0.9054678164725529,0.031135776675807577,0
34.206993216411135,160.80914961309222,162.8694477704564,0.004367777323551768,0.6387793378348147,0.028298326494129705,0
33.352650486675074,160.62065725785538,162.70936434172125,0.0043594327500769805,0.5063734548889163,0.02952844165043165,0
27.351251680311606,160.30249611529987,162.49428745349033,0.005071884613756648,0.5862471166932683,0.03967450115459594,0
37.033716518016874,160.13178012667683,162.33651792344367,0.006003526245536419,0.6657124829557785,0.03160690138948265,0
34.0534111932469,159.90589392667542,162.1553665597,0.006086285563344467,0.6328510240752808,0.03651121935970536,0
31.708420871193866,159.64056825889472,161.95612586434174,0.006131418466031298,0.6511628770853223,0.04073325709118059,0
29.48750141337014,159.3386074631799,161.73912616638756,0.006141428793039494,0.6858212684611951,0.045056579515287944,0
27.184592574923627,158.9958813812379,161.5019155984693,0.0061198283297833524,0.8267402774525067,0.049955043693884836,1
52.26658416490792,1193.1477947904639,1198.1468571164037,0.009409494234168895,1.690163143451645,0.010441901474337345,0
49.435068104830954,1193.248224266324,1197.9773028009326,0.006672210489384751,1.5499846578705125,0.012895683339251833,0
57.83323481596239,1194.2838152051731,1198.2393445833666,0.0036065441307592443,1.1425688693286098,0.004567727025593201,0
54.67244697393342,1194.9150834899365,1198.3528113963007,0.0037498605268130587,1.1515221824120223,0.0072445257681794445,0
50.06788382295954,1195.0090426743782,1198.2485679064089,0.004073282995830386,1.1811689120417093,0.011455766278278457,0
52.234056005361786,1195.3324769492735,1198.2549837389288,0.0039720628589327124,1.2587874413569107,0.009345753457699592,0
51.46460178349299,1195.5487217569835,1198.2273240058603,0.0040039020063898055,1.2652074650347582,0.010020040284427096,0
46.403861626834626,1195.219867206876,1197.9693549832703,0.004208758605061371,1.2461586595286103,0.014679976812681714,0
45.44144613256031,1194.8175295141364,1197.6767806741234,0.0037333937700884004,1.1765352866473149,0.01561710796468304,0
47.054073161784416,1194.5965910375003,1197.4600579509538,0.003758916051772031,1.168688537953624,0.014339602168501048,0
48.15428763755546,1194.4920590302318,1197.2947105275346,0.00375900052073484,1.0698480395670562,0.013489715614526603,1
55.34866882830815,1195.0837721942366,1197.4365322681751,0.004157065295164439,1.013559682498302,0.004080973276695905,1
49.86351867427309,1195.1139138217616,1197.3519214296568,0.0034016729954884847,1.1064014054120692,0.008532667695798827,1
47.564741095341894,1194.9124534282025,1197.1715325973132,0.003366566025249052,1.146456928049466,0.010561588923669322,1
45.04868081070089,1194.4729097815446,1196.8873420093266,0.003195794383061628,1.243788464680573,0.012853840317721228,1
66.21796644968771,1196.905398207345,1197.8411911078392,0.008686610260901534,2.764647778552517,0.0,1
73.76673460037836,1201.068856963824,1199.6022101929384,0.009826417849202601,2.7717429711103585,0.0018539810361020545,0
76.99201910309701,1205.9787916566427,1201.7806314381323,0.009539980765008841,2.796099370402637,0.0032731723342239614,0
75.24848235558673,1210.220633490506,1203.7794189921372,0.00959482581439266,2.8149999316794725,0.008796481407437025,0
75.27718670321832,1214.067702021624,1205.696832671522,0.009652012269306764,2.8194194039528724,0.0087158361001531,0
75.67227819590956,1217.6719813998488,1207.5856834113924,0.009643029726914071,2.818841154610319,0.0076683244657900365,0
74.9774158866345,1220.8660843813095,1209.3657303058405,0.009776074201806621,2.822901321611166,0.008232136532996157,0
75.25703788464789,1223.8320282533962,1211.103004459351,0.009406627008832415,2.82638853071026,0.0075878594249201275,0
73.27306375993874,1226.3438789355125,1212.6937007747554,0.00936325388058429,2.815190710251784,0.009038593240651545,0
70.60072203205345,1228.3877800829591,1214.119938860888,0.00933531995613755,2.7923256957709848,0.01097928404854716,0
71.71178302309197,1230.465549482386,1215.5836686070454,0.006073576658102928,0.61490387202193,0.009038593240651545,0
74.12519835635953,1232.8692652068407,1217.2089462722968,0.003530762871549451,0.5693806094039239,0.004618976709135122,0
75.9716561171462,1235.4821529108337,1218.9524823402267,0.0021873365738407542,0.32158782519508244,0.0015075000159815923,0
77.04538979082024,1238.1128153633028,1220.7365388663904,0.002078175878174919,0.24712453393154632,0.0008708539365043009,0
65.17195524148948,1239.4832089472875,1222.01860802667,0.0036383805852878894,0.38129524869650694,0.009900219093063873,0
67.2246165533816,1241.104054245576,1223.4087860832522,0.00375817653398919,0.5749117635143025,0.006685256199015122,0
55.07682445977591,1241.2465387349243,1224.1816616992498,0.005228011693886206,0.7402435746170726,0.017946281398894766,0
58.771039349987696,1241.9850376640693,1225.1801011236907,0.005539574619595779,0.7367322643214647,0.012730203694205364,0
57.42034524142898,1242.4912751280374,1226.0690829241253,0.005537763529436924,0.7961283575413634,0.01411045850793736,0
57.42034524142898,1242.9492911685338,1226.9215075047728,0.005505414406647647,0.8015445118519194,0.01411045850793736,0
57.24078048091722,1243.3446238040635,1227.7309179405815,0.0054626893179709765,0.8090894636918468,0.014273153056363284,0
49.135481636239504,1242.7689113157107,1228.1144165207575,0.0056782848734588266,0.8019275093055476,0.02230661480380451,0
51.904499635680835,1242.6004333296853,1228.6303831443322,0.005614434722042045,0.7729667187735304,0.019258682041952056,0
49.69945801954964,1242.1813167394698,1229.0132529067319,0.0054585722382438796,0.7705021912878266,0.021563620008963523,0
47.97497600925259,1241.5925906110517,1229.2925647307484,0.004973896192338155,0.941213335363561,0.023381896775131472,0
47.1737064256591,1240.964696569145,1229.5205593619635,0.004725703953509436,0.7622215618646412,0.024210546084261132,0
38.914413517959225,1239.2727471340022,1229.2682548438875,0.00440764888650226,0.5774381723613375,0.03409097032928848,1
51.781397078591674,1239.33249002918,1229.692353517053,0.006272297789354413,0.5778776805005501,0.020162915967208088,0
55.07653272669523,1239.9008479144295,1230.314521260924,0.006464247387086776,0.5130426474099681,0.01573915909212549,0
61.52591933015734,1241.5865299773936,1231.4014946684376,0.007200915685371927,0.5330619661303386,0.005804746318258937,0
57.75117622736599,1242.6164147023467,1232.2374957211184,0.0073703222769751,0.9899788914064412,0.009980836598792104,0
58.07081883575493,1243.6053520111866,1233.0636071226158,0.006773666096084203,1.0252470124169661,0.009497226188397845,0
52.38021429365158,1243.7381785971133,1233.5382677785774,0.007149349252108458,1.1449195284065767,0.01598395535266064,0
53.604275431286275,1244.0488345348938,1234.073290487334,0.0070973615961049735,1.1611309889186832,0.014354470259873697,0
54.85401491317233,1244.5203827281255,1234.666223974255,0.007044957223949441,0.3181531050078513,0.011128922669385508,0
54.38078167434068,1244.8898785273136,1235.2114949333463,0.007035981629823266,0.2606057435790135,0.011614866802654531,0
51.358601896960785,1244.862268309966,1235.5840628316669,0.006190765233298167,0.25719615700431,0.014703558723363814,0
47.12783604957172,1244.2944278654556,1235.7155903056182,0.004832631078867381,0.24509996838894046,0.01937202318754558,0
50.94525946031321,1244.2568651715917,1236.0400797498723,0.004801087995220344,0.417271509526275,0.015274539454205675,0
42.98970824195628,1243.0895317339464,1235.8799712031991,0.0042116444968711576,0.37611687803936905,0.025081188647778002,0
42.929055753638174,1242.0238536778454,1235.7223110565594,0.004183298772748499,0.37215198170339175,0.02516437972695451,0
46.73375456145578,1241.507289170311,1235.7570647060006,0.004492751737093393,0.3420436165529127,0.021268032789393564,0
43.23359547380931,1240.5351630581913,1235.580643778802,0.004272860607616882,0.35289149055554153,0.02566391158354326,0
41.832952076468096,1239.4460894917213,1235.3242152606929,0.004167700651771527,0.369643545353098,0.027499836872107834,0
41.70072471727197,1238.4416955886275,1235.070111031593,0.004060551862504454,0.41361597025612057,0.02766701873589037,0
42.67660257263437,1237.628198147319,1234.8656812077013,0.004120855565801272,0.49468213002082806,0.026831449178742438,0
46.84510283839384,3493.134828333233,3503.10386970626,0.0032129590287806173,1.2857719475277498,0.008880740376895723,0
49.13291458495794,3493.3128610061244,3502.75573724503,0.002483732582108115,1.2605245460659045,0.0076394710076895566,0
50.72631383092279,3493.760158269785,3502.5521983808385,0.0024274870620078063,1.0785970129080218,0.006775286212657233,0
44.65096884788809,3493.010192523605,3501.842047938247,0.0026970359793123217,1.0331432405233143,0.010040448945899937,0
46.476764999085695,3492.6371860662357,3501.30051482712,0.0025374410243303846,0.9977827050997783,0.009114041958515617,0
42.29782922387183,3491.450913665331,3500.406676162911,0.00266914862249846,0.9833754969280809,0.011694716321736128,0
46.489488626861174,3491.0645803947828,3499.8574251493533,0.0026819351617796013,1.002747048778677,0.009606010477171233,0
42.55889425165371,3489.9046197803254,3498.9750872596887,0.002716573263288132,0.9840693538826318,0.012072781965271383,0
41.666239505330225,3488.664702088215,3498.048368504284,0.0021577591733654092,0.9934389974198303,0.012654951605118099,0
37.362180847546036,3486.570722884263,3496.7359863890256,0.002135773366202163,0.7704450778338083,0.015634451188529706,0
36.14034209068448,3484.381059207299,3495.352437488347,0.0019856344476729274,0.5577997421572841,0.016543423914981887,0
37.35032834531605,3482.5623283456375,3494.1008131494664,0.0019148878921441568,0.6284945123213916,0.01604474438928526,0
36.560382887054004,3480.745520226246,3492.8294404637727,0.0018256871918419404,0.6568700988748722,0.016572802755521872,0
35.61400754425702,3478.9018425170934,3491.526673910146,0.0016065901553019768,0.8019627085377822,0.01718957695691617,0
25.398737817259715,3474.3465280825385,3489.027553660075,0.0029067632443595492,1.091346153846154,0.026172306878730046,0
28.67103171485404,3470.6543625146483,3486.8226263528977,0.003030833540498725,1.2639296187683284,0.024828211160458146,0
57.17338169110528,3473.3552901737903,3487.32415107257,0.00694577105288232,1.298328160977075,0.00625890321341812,0
54.90026340168186,3475.217519675437,3487.5533368681786,0.00691819925502071,1.3233551132046801,0.00801626178328554,0
55.0579876876861,3476.9498803707475,3487.793201272238,0.006910412468729329,1.4184171331724102,0.007871987395874726,0
50.73927384991874,3477.440557975168,3487.5600550743798,0.006927638409135936,1.4082725316256364,0.00967805353859814,0
44.57463842372747,3476.1219795068637,3486.5805386905618,0.00716094048525304,1.549889493827826,0.015071009845275636,0
41.99083416587319,3474.100219752235,3485.287543961108,0.007201976813690228,1.5367276166456494,0.01762718116465872,0
45.692609060050984,3473.1761279249376,3484.436408004753,0.007263700886684014,1.610359993484281,0.014836666647404522,0
44.3453027947072,3471.9399964886766,3483.4503247981543,0.007272303101043931,1.4641825855175477,0.016068463800023976,0
43.587322248605105,3470.602546017474,3482.41230781143,0.006611682676088254,1.1139475908706677,0.016744309586616584,0
45.33720866000853,3469.7735553294006,3481.5801401893823,0.006610527686404952,0.7878998609179415,0.015569527717391228,0
45.03638960102768,3468.9473607220984,3480.750408380142,0.00228828913728102,0.6871115280872523,0.01580420953699551,0
42.70880479080638,3467.618820938581,3479.7085049914663,0.0022889062769447708,0.6660941664198993,0.017597698647793054,0
48.44731578290276,3467.5789226098564,3479.203018372996,0.002704411359955976,0.5750029505488021,0.014017102659402066,0
43.45274166755804,3466.3045623314624,3478.1938191161485,0.002761281497253856,0.6213481000572846,0.017833390807428937,0
50.91454931748036,3466.8470514140486,3477.944104388032,0.002843261460833807,0.4988021082894107,0.012615221436671946,0
55.59414710282265,3468.5951403539557,3478.236314886598,0.0028637630406036616,0.4210207786967924,0.008780012075336144,0
54.86866130657234,3470.0147931401557,3478.4480724455198,0.0028110757617617163,0.35716687966637517,0.00927229763976604,0
50.486274552932024,3470.2991243491606,3478.229119068404,0.0029889636702973054,0.38277544382707684,0.01232365356410164,0
51.12689113650817,3470.7087744777073,3478.0834136365647,0.0029666401514347406,0.3631857686040196,0.011857465611557984,0
45.78446576701316,3469.803105002447,3477.406174380515,0.0032506773088539207,0.4634097706879362,0.015774904202735755,0
41.945030599155224,3467.9455462749434,3476.3198520398996,0.0033997415399023203,0.4929427430093209,0.018983856207591774,0
43.53559929165975,3466.588740452411,3475.414102300645,0.0033800482294882566,0.48085737395524397,0.01798074486325276,0
42.18120158525905,3465.008773511279,3474.3973070512207,0.0031461479988504053,0.4990293861704264,0.011768144248188405,0
42.33786695639718,3463.6078728776993,3473.4339618695158,0.002931485778047763,0.7109164842039412,0.010115034011492292,0
42.296692581369975,3462.3308704593596,3472.505834006341,0.0022845385720597867,0.9134437239462714,0.013854283666049415,0
27.467302354472892,3456.2610257960073,3469.5556825917806,0.004684142609854841,1.0293040293040294,0.029247307564163955,0
33.05190709420002,3451.855051432196,3467.180021061502,0.005013778119790221,1.114932614555256,0.025806451612903226,0
45.788108118387846,3450.9450208390217,3466.1882336205317,0.006184214601030093,1.2948444823178524,0.01618102733108264,0
44.10943571111809,3449.550219519456,3464.9975749757746,0.0061707673595650095,1.4771721336324501,0.017955344497031456,0
43.11641708650083,3447.954921622334,3463.71571543231,0.006094207115431291,1.6098945660989457,0.018993227174455642,0
43.234400157809425,3446.540141542506,3462.497562238024,0.006041702402599869,1.6540437812346025,0.01890416838939728,0
46.72441114511697,3446.098204124893,3461.678479047891,0.006104590778740187,1.7109194193141175,0.01629916593973254,0
44.41841178134696,3445.0412109348163,3460.618170323061,0.006124367103244226,1.7568485724611493,0.01834061135371179,0
43.09070943954065,3443.703928290203,3459.441648130345,0.00612567252849255,1.4638987857194794,0.019527834450597494,0
44.43225798213162,3442.7797293488807,3458.431542301467,0.0061407513142403575,1.2126472411655302,0.018637157833430402,0
43.80214493263703,3441.781649593161,3457.394552828559,0.003466645836442353,1.0244485147726368,0.01914166892090528,0
39.44350800038064,3439.7071786719607,3455.9112994943866,0.0036317886021777304,0.8981077147016011,0.02280701754385965,0
35.9940086582842,3436.782649619781,3454.0514004102865,0.0018503634162522575,0.5923336547733847,0.02610736286300968,0
36.10339780884349,3434.155696826553,3452.2739354100027,0.001854449084996967,0.5947543106937586,0.026047181186190316,0
27.45915426855015,3428.5217644111913,3449.2128341858806,0.0034670675829523677,0.6460515251127589,0.036444444444444446,0
38.96362973566374,3425.8053812371186,3447.264110579026,0.004502447091520595,0.6790837401426962,0.028823529411764706,0
36.47197338230904,3422.395316921189,3444.9974398378004,0.004358121149342215,0.6359001274649472,0.03185840707964602,0
33.9906532572158,3418.3004851041055,3442.401861908085,0.004386638593750518,0.662225820697777,0.035095017187517834,0
31.711152992749632,3413.6051692404626,3439.4985042744233,0.004406143370637716,0.6999415802541259,0.03829029385574354,0
36.14547508905168,3410.3094187886086,3437.106339599158,0.004593805464434238,0.7911717157517396,0.021604024859425867,0
34.43074380679302,4365.22546049756,4451.818669086605,0.013611284028376688,1.6821365778184119,0.059729151946848656,0
32.9123794303069,4358.2646269949,4444.965931210899,0.0065878688041653,1.5102081735331214,0.06313631673725319,0
32.86714783079607,4351.931390498434,4438.41492049338,0.00538838395994778,1.3574597228644927,0.06323537559567549,0
27.06708479747708,4340.679275541173,4429.697483214021,0.005712894201278787,1.3047007907236277,0.07777510738958432,0
24.086540534594633,4326.906086714073,4419.778077770973,0.006005594997128718,1.3105478507781718,0.0874342653532886,0
23.25979474767975,4313.370982197741,4409.832669352077,0.00601640330036517,1.2924890257511674,0.09003579562425329,0
22.339028274397094,4299.926976736048,4399.806340783271,0.006000202044224224,1.3112308102577293,0.08616144387264009,0
26.843885890926543,4289.502132502429,4390.998496613065,0.006252863355393314,1.3488748103930992,0.07502503102588813,0
29.482093104688502,4281.111684838696,4383.043328327906,0.005788340677042613,1.2314110692540028,0.0667618707604427,0
29.657584903418567,4273.588766930359,4375.472442342817,0.00568096327330506,1.201096554049889,0.06134876795614649,1
29.144433447601955,4266.345183992642,4368.045598024957,0.0052765018872037266,1.1083205248062875,0.04204783588092387,1
29.685565404541734,4259.973749950892,4361.025997184428,0.005351229672778782,1.1134448153643257,0.035456578722169306,1
30.5573164573146,4254.4864541756515,4354.435555184287,0.005390624851707742,1.1567046814736002,0.034742052968013186,1
40.004391228835544,4252.781847116157,4349.551229735005,0.004588409598693816,1.2531083099275393,0.019779965716816013,1
56.48347185806879,4259.663947240878,4348.535840825048,0.007092509145452697,1.6243506144023387,0.004554958453757226,1
61.30067560693117,4269.434674516284,4349.099762647232,0.0069750510450467115,1.8076611359166632,0.0430516244736554,1
71.38027038653198,4288.74574653551,4354.165527263049,0.009118570383987126,1.7760486014715193,0.01741908737341903,0
72.82960060028441,4308.207288843476,4359.872182302799,0.00910909761919794,1.7642847784993732,0.012686401068328511,0
71.89162711173657,4325.337377445872,4365.128824473966,0.00938132441508144,1.7511772472424925,0.013814616755793227,0
72.51678405776606,4341.61602230837,4370.496510330456,0.009267679560698372,1.7435625482099912,0.01196561593133438,0
72.92794694649237,4356.838607319419,4375.848023062165,0.009079401141089238,1.7117778187935189,0.010796662973877375,0
70.4609336097946,4369.5340054151875,4380.511039570486,0.009362497834043188,1.7181388789442558,0.01334043808400099,0
70.21191413739713,4380.914823648948,4384.931780637413,0.009434199682085696,1.7011428467051066,0.013588772555134774,0
66.94614089030716,4389.867993178386,4388.592218900135,0.009900405827597426,1.5697056645686784,0.016782520122274908,0
67.9591809678285,4398.815878019255,4392.460142864549,0.00832609436979223,0.8476929102359764,0.01476430665867203,0
66.12010901176123,4406.196790773077,4395.861433470003,0.00828006549038188,0.23913810508048552,0.01646453511342616,0
65.05842194743109,4412.4744436771525,4398.950179241257,0.002394812650401494,0.2208867800941188,0.01741908737341903,0
68.53093668938791,4420.70680121311,4402.994307538578,0.002697873729976861,0.17265393861700704,0.011358353989967382,0
69.05007575821847,4428.5549561469,4407.039710233862,0.0026702183162572823,0.14893951507855943,0.010415025499468737,0
64.98209300723465,4434.245712134511,4410.319612906376,0.0028379976906141168,0.14512139570901472,0.013746897042853826,0
67.56802961159991,4441.166006462438,4414.213417401799,0.003135123733224993,0.14703714753004243,0.009563136211176201,0
66.40394320438563,4447.036542586068,4417.781005467816,0.0030244534474248366,0.1506623208640328,0.010482410357965216,0
70.08592809455726,4454.938616558416,4422.295565103287,0.0035150844053757507,0.16873070927792724,0.004415011037527594,0
70.67134538949021,4462.526112599749,4426.808988321094,0.003215104153560809,0.16644262495417328,0.00339608830152621,0
74.62416429564324,4472.629226130414,4432.501910040298,0.0037652961264567856,0.2175690125260805,0.0005253036581120725,0
71.24802636335144,4480.712757263889,4437.515906051422,0.0038513184175133965,0.22581882776321996,0.0029621503017004938,0
71.54774165255616,4488.254896871878,4442.420644983926,0.003762172492577428,0.24032373244465605,0.0024342853777436307,0
63.44570642499793,4492.478506078111,4446.031625253939,0.004213022840313609,0.2635780951310019,0.008471936971365751,0
63.737253982383564,4496.471239608173,4449.567160103127,0.004213905321812915,0.2928859053154913,0.008071651915247278,0
63.909489747562155,4500.1789157980165,4452.998528016626,0.003984872380907019,0.3565783917476021,0.00784938449150934,0
64.29305522867274,4503.733464804691,4456.3741040911855,0.003834645796739547,0.4712234396627325,0.007382920110192838,0
29.791340991460572,4486.710536636867,4451.129944190184,0.015551477360954233,0.6310399930842564,0.056878612716763005,0
33.17181239317607,4473.08046868025,4446.8406050599715,0.0154370932607131,0.6729830517587689,0.052352863346340754,0
33.43160207192683,4460.881922042763,4442.780944858911,0.01541319458693209,0.7343236390671937,0.05201380897583429,0
32.99741971609974,4449.426164582166,4438.710356099658,0.014925707350099404,1.0310650148238034,0.05308019563197188,0
35.340515261337,4440.1472289613475,4435.258212075492,0.015107099636886325,1.7040480215670368,0.05032169117647059,0
33.37780995165771,4430.05678608128,4431.2372530072,0.01500671481829106,1.7243617253058503,0.05463517927566022,0
31.60435504971153,4419.336852637155,4426.714395920119,0.015005647553702655,1.7830183837492175,0.05871453387376954,0
30.246734294067693,4408.390255117304,4421.853132109712,0.014913931901895496,1.8487793152047207,0.061936647083159255,0
32.602941815818696,4399.429095928985,4417.580792689942,0.015010370176376846,1.702265425542442,0.059499850945359534,0
31.80817815889256,4390.673799043697,4413.21027196841,0.014943406968771182,1.4663929517888084,0.061172373766686015,0
30.717122194319913,4381.876144044642,4408.650220893685,0.0029031290832985967,1.0388741002094917,0.06344373536138811,0
28.213666050704006,4371.811631631227,4403.396596309505,0.0026511802987002208,0.949397790360957,0.0689396640060619,0
26.707453220924293,4361.353252813571,4397.79062498052,0.0026139078961776537,0.9630278352097797,0.07250117315814172,0
25.044533100001715,4350.3290205456615,4391.759307369005,0.002657502790140011,0.9697523375330105,0.07657341487148517,0
21.91708988039619,4337.030903765692,4384.586898372182,0.00267887105301809,1.0486815472064328,0.08490274382345758,0
33.19254470352293,4329.170746340011,4379.435733762501,0.005060456217654904,1.1181523691412931,0.07373373964331884,0
31.105249670974487,4320.259182796482,4373.742324319641,0.005089809541553397,1.093822591649654,0.07852490555949622,0
30.429221755902304,4311.605853688442,4368.030951315185,0.005075190538009813,0.950263455173122,0.08010599630954773,1
31.233969157924776,4304.071912208028,4362.670122422437,0.004959305239118146,0.9452568744187024,0.07931487189899586,0
37.51141178210979,4299.636465016981,4358.511602228101,0.0055438923367361675,0.9165005124857856,0.04521432765707575,0
48.37148139118929,666.0824647947463,671.0399847678085,0.004993921728308031,0.7853994490358126,0.012742673196237479,0
48.022178110222406,666.1557245381059,670.8599870306862,0.004789795569750396,0.7554588486791877,0.013046431019791006,0
51.94590465114074,666.4223855502548,670.7782427949955,0.004559030125644627,0.6927031345719683,0.009866171560656006,0
47.44597149551318,666.4297909298335,670.5957937196481,0.0047346701062221,0.7118700221312236,0.013578376283524006,0
49.09356591289052,666.5175726411072,670.4578463918685,0.002880148196775968,0.6399437906200598,0.012287424150771246,0
49.19456712839771,666.6017415252908,670.3283143302285,0.002937759824774103,0.6145753736250067,0.012211511958006644,0
50.46340013194971,666.7350894048013,670.2299940992829,0.002926930306995357,0.5991816840316595,0.01130237693558196,0
47.38344954999445,666.7174390750107,670.0750612368266,0.003102058904783988,0.5914269654901682,0.013502363160788792,0
44.27283717032254,666.5536921036048,669.8620095930509,0.0024194034685419688,0.47731635439478737,0.013759435209116542,0
50.783007519488535,666.6820428356684,669.7798722962297,0.0025089994731225555,0.4686156262896548,0.00860907289986159,0
49.91676131111128,666.7600142045045,669.6846789898248,0.0024789699112093243,0.5335613063150507,0.00569286560744382,0
48.57832644227952,666.7733594563549,669.5687034684842,0.002496082691323339,0.5348920572732597,0.00449842538637751,0
44.11913792161437,666.5852797215183,669.3705775289519,0.0024091387388370587,0.518138644704493,0.007671535371149852,0
40.6728960395474,666.2435950907254,669.1065146178041,0.00229115902513875,0.5498927225571357,0.010407276642628206,0
38.17513950577072,665.8010767889286,668.7960594362352,0.0022455058128234054,0.5150597170686456,0.012545418885141537,0
36.3711446275062,665.300698050255,668.4557477331686,0.0022298429994835876,0.6398704401225249,0.01415492664277251,0
50.239068450206595,665.3959158525355,668.3669628333188,0.0037959968875504162,0.7294337843015888,0.005403026695255389,0
42.15199644180016,665.0342350021059,668.0888124494991,0.004345139644859104,0.8120775836921967,0.012545418885141537,0
41.997132955847945,664.6975041171978,667.8184962137086,0.004311072889445532,0.8745350016909029,0.01269844960553666,0
38.703919044137855,664.18802804195,667.4716900568166,0.004015492658248242,0.9740774156635785,0.016000681305477566,0
46.48156472363816,664.0796071271977,667.2909247183721,0.004574021909855299,1.1780446730943614,0.010331101345608667,0
39.606693789621204,663.5337633641233,666.9260141156306,0.005008227182876832,1.2750255052467936,0.01754393446714318,0
35.67714274712287,662.7303263186341,666.444123110497,0.005113222425147884,1.4090401347687738,0.022134026164526786,0
33.89428965585323,661.8510306103108,665.9174791991602,0.0051066987076251345,1.432902730739717,0.02410099464422341,0
33.33369331376194,661.0078870431671,665.3926908964105,0.0051044943678870925,1.494522999821013,0.024885145482388973,0
33.57028243232537,660.2546004321173,664.8939878220907,0.005123091050238771,1.3604568339411058,0.024728257568182095,0
32.27481325692317,659.4730658961906,664.3736238939006,0.003789635252596412,1.2677484040693932,0.026378364433759325,0
29.52834271518637,658.5421449218786,663.7799057083494,0.003434285851571441,1.2647566044464191,0.03009079178951749,0
32.55302009376585,657.8094477325258,663.2573907358832,0.003587584560716843,1.2550902875826706,0.02827076147233101,0
31.84895393620252,657.094164236816,662.7343908448905,0.003546233247002309,1.2565119506553584,0.02914041605835648,0
34.750409071686576,656.5470316347632,662.2754080900106,0.002822644591869928,1.1438576177492248,0.027481423328465013,0
30.315808010396623,655.732938403344,661.7005028805321,0.0024594337333283573,1.1983438081007403,0.03279320987654321,0
36.56183620266016,655.224990902781,661.2458856906444,0.0026590664437712297,1.0856765880155588,0.028982126196749784,0
34.54708351590507,654.6273196649719,660.7517250401115,0.0026445249262057728,0.9485564004345092,0.031281281163598386,0
39.269445222102036,654.2675430802179,660.3541691934149,0.0028809611811471385,0.8967647699765,0.02827076147233101,0
34.16917998069265,653.5943949133591,659.8265220055205,0.0033174670768937116,0.9448654540816032,0.03406981980388967,0
32.847516288539296,652.8853596079107,659.2784139829903,0.0033178166457061204,0.9760580714269436,0.029714385895575526,0
29.353909361090757,651.9581284617391,658.6325983920252,0.0034262624346840225,0.8894009216589863,0.03397337286248846,0
31.57445472827183,651.2001697777206,658.0471613635699,0.003388601047934518,0.9503181264383377,0.03260869565217391,0
30.134339987093398,650.4001126335344,657.4376193543557,0.003396970986187828,1.0820333553284407,0.0345364228821071,0
29.23680491243077,649.6048268428804,656.8229304060617,0.003256023243835259,1.3126756123919308,0.03364229737834487,0
22.426921415501127,648.209073355242,655.9498125162709,0.004356424590311539,1.1731478421208275,0.0378769782354568,0
24.945993899995187,647.036739773257,655.150031400317,0.0040811798124692185,1.2048888436689218,0.032945353620923226,0
28.74902039876521,646.1141600394151,654.4404698445531,0.0043249073897147225,1.2415690036461804,0.02573158396842394,0
28.882973964761604,645.2842173218686,653.7616278940217,0.004065373168274473,1.2749354315059986,0.025572618714523435,0
26.42433203508739,644.3142630614311,653.0186634501623,0.003919029502179761,1.300405513577228,0.029286785287518748,0
25.657369080311824,643.3652598647461,652.2758621151944,0.003924718206264346,1.3184739723955716,0.030503724073167142,0
23.77478003454071,642.3256892400808,651.4874705953215,0.0038270820306285534,1.3071617298152276,0.03359949338263884,0
22.204841746853518,641.2232203577714,650.6632811442039,0.003686324165379829,1.2707244468222287,0.03638527500123861,0
20.77116900945606,640.0686044984243,649.8067222392855,0.0036893045072487383,1.0755963657096614,0.03910354089297416,0
24.281173527950614,639.1287230117429,649.0282800571109,0.0038852559645060165,0.7937293422958368,0.03728974856363516,0
26.357145423231813,638.340259070304,648.3069010669985,0.0022324697132094402,0.722305019744836,0.032495840205049496,0
21.399410543694927,637.1411705338729,647.4121825535931,0.0030988892593686083,0.8098762923729792,0.040591329467139434,0
19.361477619483182,635.8038974814951,646.4482729633885,0.0028679503866440243,0.8467391917028353,0.04501693135479245,0
18.00288652374674,634.4082750459747,645.4457022075167,0.0027551349665825326,0.9263018168745334,0.0467680699527814,0
16.32621986553147,632.8931860306801,644.3782850820058,0.002790164512629122,0.9703133297928836,0.046725989351758285,0
26.113709197943294,631.8557303242521,643.4921525691836,0.0038318770780877078,0.9679105353023214,0.039710630557928055,0
23.30394635464185,630.5980337173435,642.5088329215087,0.003975683153634602,1.0415570889207135,0.04525983818802794,0
22.301109519639013,629.3363045193763,641.5133416678469,0.003971953135975923,1.095102850228556,0.047461002651398534,0
21.386311355483485,628.0804598754509,640.5101139723973,0.003968651099585687,1.1044227601064505,0.04341475118083186,1
25.630022830709905,627.0918397980307,639.6081822579403,0.004057094150230304,1.1024510125709783,0.037396754297286956,1
50.58448467215881,752.4895082051394,753.2148064302421,0.0030905411479150743,0.3280832736735645,0.007503352475514608,0
51.423120116482565,752.5668693670723,753.2184657187711,0.0013272676250086317,0.29451572404078763,0.007102132892326707,0
57.04919702057559,752.8420098962395,753.313972769352,0.001526179760832294,0.28609509922307536,0.004235901985999685,0
50.72270276278726,752.8857066585697,753.3133763688828,0.0017895118959626798,0.31197152595996314,0.007102132892326707,0
51.53036212558197,752.9538448831511,753.3255568406491,0.0016307373494600045,0.29136943180016756,0.006701232738494314,0
51.954471011163534,753.0297827302674,753.3435366307999,0.0016221556699405357,0.524236909587228,0.006500861577529021,0
52.1048495445596,753.1032349665721,753.3628116844717,0.0014803384883479553,0.5290851776306461,0.00643411607805148,0
42.27112526699358,752.8406984300914,753.2359675211733,0.0021826935447241042,0.5285473615564371,0.011061570064880207,0
45.93410400228685,752.7128713003315,753.1630914086167,0.002187552752863899,0.5181220562677883,0.009514337210994678,0
50.62779808697676,752.7497753529614,753.1604491037119,0.002256621640771788,1.052013164862572,0.006506472676818391,0
41.329895596331795,752.4161609697287,752.9971730376245,0.002751028121061702,1.197356231128191,0.010143444225475475,0
39.02439171209617,752.0047582501578,752.7932141579449,0.002749143660206904,1.4720077668573328,0.011094839057606061,0
33.96749753502803,751.3609701771115,752.4798160663352,0.0025983617546691826,1.5751831388479414,0.014961455101056693,0
34.92341328179761,750.8071714432072,752.192571994773,0.002594365082074772,1.564361355654492,0.014553063910862392,0
28.24473285628079,749.8725873654198,751.7296699894534,0.002982110724061915,1.791094819661115,0.020782758993336706,0
25.9000751412173,748.8365334047626,751.204322180097,0.0029192953854313064,1.6842519947918406,0.0235453645657138,0
42.58235492071723,748.5186102194671,750.9693898650344,0.004482583571282072,1.8125163544296636,0.014621092440057009,0
37.91536814563771,747.9165681054827,750.6089331843486,0.004469856659671071,1.8205031265656022,0.01913232548299967,0
35.38421291673711,747.1813587335591,750.1818910794482,0.004394307670306779,2.0045493676898416,0.021885992893634493,0
37.51795827256408,746.6067343029196,749.8120145560904,0.004324179100844361,1.6256644175905235,0.020576131009448898,0
36.29513919881879,746.0011292300085,749.4211061017662,0.004143286875994359,1.5528628495339547,0.021816986712681525,0
34.28926873399405,745.3103372241098,748.9855818971391,0.004150608123242163,1.0553345077987366,0.02389174201565144,0
32.24240635142087,744.5329525202488,748.5033030108058,0.004069698888672211,0.9357850929394755,0.025571423674469462,0
31.421749169046137,743.7677205628521,748.0149372565088,0.004037685504008875,0.9592481399295131,0.024711489758358792,0
31.35565408339734,743.0706403020228,747.5450981110711,0.0036588920150832285,0.8161775539798943,0.02478104378776159,0
30.32498008276778,742.3685338749322,747.0645549107504,0.0035902135395071686,0.8289848979260329,0.025825743760696396,0
29.02358512613594,741.642826568779,746.5656410091044,0.0015357033426200073,0.8325708623901923,0.027152109162342633,0
28.067762090740246,740.9195794552579,746.0592373317382,0.0011258940485569574,0.7962624920981043,0.02813163239216159,0
30.701021248538794,740.336673981506,745.6042366931391,0.001155105877856905,0.7279653349840484,0.027082232913250088,0
32.64815593154401,739.8616860211011,745.1903437652967,0.0010598899125450485,0.6969583890894657,0.026314050810534617,0
28.493905756064294,739.179538294573,744.6867740467318,0.001386473389286349,1.0326274092346743,0.0240889355600544,0
26.89453238901295,738.4528339032069,744.1577238924052,0.0013569843385176133,1.107836847554995,0.024400296519648597,0
28.583792692497326,737.8382166678136,743.6686197993532,0.0013714183858080228,1.0076615356044427,0.023770525155823088,0
26.462006874549672,737.1440366579253,743.1413931867002,0.0014303817549200547,0.9953188009362398,0.025802528144638993,0
25.683257222664096,736.4635963653898,742.6137654458357,0.0014071109156909374,0.9771400723720325,0.026575375909674657,0
27.15238578732054,735.8813035258677,742.1218331814418,0.0014689144800128313,0.8599174411006819,0.02608345240628197,0
23.261177644603592,735.0925526320262,741.5398459733201,0.0017547467337310687,0.8840411062414992,0.024532761434906708,0
18.73904637759425,733.9693829419953,740.8094826137595,0.00234749942699592,0.9533279909751873,0.02723629550602179,0
19.328313220170628,732.9674830056838,740.1149459020835,0.0022640343034566277,0.984969370013487,0.026332141089959887,0
19.178541317928108,732.0467233572192,739.4427279789896,0.0021744692960087345,1.16722887311654,0.025646326705425496,0
30.571144131565447,731.4946296093566,738.9157187343126,0.002700481302938885,1.0438326979143304,0.020103236607142857,0
25.626092793880176,730.6379633219125,738.2604400206869,0.003022341109461481,1.0942289691099265,0.02539789008434256,0
26.815874170259548,729.8962228671787,737.6457203847406,0.0030136943735538566,1.1005355184205432,0.02068204013552448,0
27.3523829283168,729.2394178356653,737.0618997355332,0.0030343518286121253,1.0627717549782596,0.02033196709132953,0
22.068376998397724,728.2118243928817,736.320456086982,0.003454056186217166,1.1499154409089607,0.026793791736275798,0
24.983816263629265,727.3630548818526,735.6428310540256,0.0035076091061543887,1.2537414319826994,0.025163404599282936,0
24.98381626362928,726.5951247652984,734.9925718671038,0.003441006121418811,1.1748476098812959,0.025163404599282936,0
24.856964868075224,725.8908125936698,734.3645675106317,0.0030092485869670765,1.1075719604044199,0.02530591198292713,0
22.742424418448394,725.091671428945,733.6943026113502,0.00304561706128086,1.080954356098177,0.027735225664198605,0
31.096945087501695,724.5829315112613,733.1403932609329,0.003293882066573987,1.0774912770723089,0.02452243753256339,0
31.977137338955345,724.1464546202341,732.6186822554739,0.0029079708337324127,0.6627777350234721,0.02013888888888889,0
30.955139260951654,723.69440687972,732.094119469137,0.002488041118936892,0.6207577615697412,0.02098967900124293,0
27.912695488314526,723.104455375308,731.5152443463041,0.002556197743068688,0.6412373184802069,0.020139389835583624,0
25.17763143051974,722.3849734536922,730.8822675078661,0.0026027206941889452,0.6701056089049064,0.0215219407124331,0
21.362738632241587,721.4197271826014,730.1438698878669,0.0022563525197700184,0.621155995929175,0.02625484339351527,0
17.47446940550165,720.117835340992,729.2567673718262,0.0027028485158380367,0.5437047222478658,0.032002860351907456,0
34.46052016866085,719.5066085415579,728.6407529410947,0.004169968104950025,0.555166357573599,0.020386699655468223,0
33.16330225252416,718.8535951660683,728.0077959962193,0.00416872618653539,0.512269372693727,0.02041673653899287,0
28.254344516954305,717.8341999002597,727.2220592807724,0.004496476470141025,0.599319888802756,0.026901062114247743,0
29.0087624844589,716.9404617301308,726.4795445167839,0.0042754250172900386,0.6026811668547587,0.026466228635649545,0
31.591083489394336,716.2270812455909,725.8061816606892,0.0043412715868142,0.6451203916940274,0.023609838201133226,0
58.07131098761158,72.13066840493863,72.69488263935447,0.008323516093880073,1.751615810602583,0.0006854321454601443,0
54.6623795633915,72.18501143626591,72.69510234389134,0.004919256854491618,1.5339560020555894,0.004264170577737237,0
54.09255038408954,72.23034030813363,72.69360016968439,0.004696039627598441,1.37278181519979,0.004816934440971001,0
53.491913758332664,72.26751892981711,72.69046154889159,0.004765698861475945,1.3049652158483678,0.005370412763676099,0
55.866721920542055,72.3183156553873,72.69511706469034,0.0037323878875202073,1.2731098174735378,0.0028846026877685092,0
56.530655807738256,72.36902794467478,72.70167797909899,0.003764603481824132,1.2152466221271505,0.002196344069467812,0
57.086909383522034,72.41871148940514,72.70963042964952,0.003728881862515258,1.1695986547795825,0.0016463540621057212,0
53.2354707728791,72.44362663586612,72.70838296439607,0.003901797694651072,1.1600631479836183,0.00454047646765333,0
51.11330699741471,72.45472186854926,72.70215372830545,0.003343447423113098,1.0997670768504748,0.00620182735360941,0
55.99370320148384,72.49431209771741,72.70918062370862,0.0028263155459492977,0.691243605844988,0.0019212211386255803,0
54.11681302413102,72.52059159291004,72.71171992293807,0.002332857665666398,0.5270983487884241,0.003298138027149826,0
52.231498948071795,72.53483247142594,72.70998229191817,0.002122863075088729,0.45701178232850426,0.004678739175067889,0
50.5255018770258,72.53913751002528,72.7045819907298,0.002152223556023942,0.41889697558136985,0.005924501161858578,0
44.59880345067759,72.51062887819582,72.68532479835115,0.0025976025184733867,0.42633600880401346,0.010658974186475123,0
34.9811792441692,72.41432000222851,72.63630217635078,0.003801478140434519,0.6817999517027333,0.021118910996230332,0
50.512117291014825,72.4224844894896,72.63067704625584,0.006282435413249644,0.7114161639654044,0.0070345122238685345,0
46.670326709621705,72.39937926771937,72.6121159399957,0.006388658590779609,0.7877491027689482,0.011499055521549657,0
44.614789588069165,72.36132602582202,72.58695551373394,0.006376883002024517,0.8717302538136343,0.0140278074476454,0
42.38125292572186,72.3078449240664,72.55466957011393,0.006401114866996352,0.9259178292074137,0.016852354220659508,0
39.505795148763006,72.2337370443857,72.51270685257889,0.00616073263857348,1.0596316508014156,0.020690666604092762,0
36.177231833821324,72.13430061363118,72.45863285657455,0.006224816262706485,1.0976687611680243,0.02556538323372289,0
34.431331461241015,72.02623940394544,72.39910107902084,0.006219763191809166,1.2821926511265294,0.027746496066241196,0
33.60410057713099,71.9199022313633,72.338422885797,0.006219215054646212,1.386014733950858,0.029050873673759317,0
33.98362657106006,71.8256025841666,72.28111987883844,0.006206617192919858,1.4710559837994914,0.028760762818980056,0
40.40467839873264,71.77362871145745,72.24044811660254,0.00575477432282492,1.1782311174928024,0.023709350032945112,0
40.40467839873264,71.72660683713309,72.20148365471228,0.002880644646057084,1.1726472351961534,0.023288491730327016,0
36.414384028483134,71.65167843668199,72.15037579750225,0.0029199611522806846,1.1315416838531511,0.028192838048630237,0
40.85467588947437,71.60674927945956,72.11111282742358,0.00331349337145537,1.0641422253739976,0.02472607654797231,0
42.651659716654734,71.575625527156,72.07752644838968,0.0033475772930051193,1.0612526461553153,0.023288491730327016,0
46.665477463893026,71.56937483418483,72.05461945424103,0.0033719170350888926,1.1189074669945058,0.019997206858581158,0
47.52521952877755,71.56848165091628,72.0346779012386,0.002934480668925728,1.1507600426757427,0.01886537380622787,0
43.04170762417961,71.53909939334795,72.00347983459477,0.0031501585731331288,1.0625588908940355,0.02315466568081959,0
41.22660378774664,71.50013337779434,71.96833971219654,0.0031870266902548046,1.0444059165954813,0.025024693904453547,0
40.38027359116904,71.45916454854584,71.9322361943801,0.0032081009278421614,0.9028522271144515,0.025890023570932383,0
37.73814976797842,71.40400123085952,71.88998873649022,0.0028423216701002293,0.8965692562279172,0.02864004637914282,0
34.65377371201026,71.33123374697924,71.83984843753821,0.0029672708587998335,0.9067115769982763,0.026330699694543405,0
28.925327851717014,71.21396536574373,71.77012110299435,0.003479163085979746,1.0150587872538868,0.03067049319084686,0
28.36430292401974,71.10215243058906,71.70084334984148,0.0030981161927922498,1.0577936430956334,0.02926892340900602,0
26.009950788472196,70.97622610929106,71.62399209571856,0.0029647464123470565,1.2089020446820096,0.030667804916662694,0
23.80065276058575,70.83657878179821,71.53948032169053,0.0023222486404510263,1.139606402735863,0.030499137563434225,0
31.671430702653126,70.74261452197985,71.47199067483349,0.0032308236314236047,1.2157896184832908,0.02548316131970069,0
30.66807092975624,70.64807595459703,71.40325266509153,0.0031792433899082563,1.23940876654608,0.026953365640400986,0
29.365642128218752,70.55016061180699,71.33211926445009,0.003178840276769461,1.2700941322355186,0.028870934035328193,0
35.07599988354632,70.48538151218867,71.27383508366182,0.0036534815774105084,1.2641884665886602,0.025189558288975945,0
32.26676872957913,70.40296200033886,71.20795119734355,0.0036913913236027926,1.3656631156426515,0.028870934035328193,0
33.86395819316871,70.33505923647706,71.14751807306048,0.003740769513251508,1.3442298713580234,0.027837490946320768,0
31.573089509680273,70.25457521330263,71.08156763063238,0.003096955089649927,1.2197351790712214,0.030795790119950248,0
30.356742517310096,70.17128021308034,71.01390326002144,0.0031051294095301354,1.2000620867978482,0.032430096412106084,0
28.42685478424069,70.07877517487627,70.94181141831817,0.003013082928343391,0.9628998572823959,0.03511561289508854,0
34.64168379560053,70.01889043888788,70.88255209161721,0.0031022237635530622,1.0041602711924262,0.030957546729356966,0
35.367106882867404,69.96756701029895,70.8268669156832,0.002585334146115969,0.8066606356078474,0.02993658752396402,0
28.00444983170918,69.8582732485633,70.74722737331726,0.0038487133451081327,0.752263016001663,0.037343791139503625,0
26.47560466009621,69.74319819224598,70.66404100002413,0.003862727544071325,0.7068277773132629,0.03641660516289396,0
25.84981204044246,69.63241622858743,70.58141479731023,0.003455082789685087,0.711735779948776,0.03630792938593944,0
19.00711985628014,69.43789789141522,70.46286474590482,0.005280209762618986,0.9366360450540463,0.049415655396518585,0
30.253910400477608,69.31523986402867,70.3712438339313,0.006290195991981009,0.9867363878751895,0.03785769293159842,0
28.289735317054436,69.17950144378932,70.27299182908459,0.006308220407608981,0.9907685076059326,0.034762124489154216,0
25.856201821899333,69.02335725388812,70.16481254406371,0.006363466091082981,1.0154751019353163,0.03923603035175078,0
25.38585850428305,68.87541748471835,70.05818365122917,0.006384450483565101,0.9790514465069481,0.038387376478894834,0
29.898061035368357,68.76347191907709,69.9649072793806,0.0063630170980650816,1.0732374617885119,0.03485968562385348,0
42.106872557089474,1941.7113642091529,1948.6458598823453,0.0018067982005772673,1.0447243005022036,0.009241107080052918,0
42.744710615916475,1941.30938489538,1948.1670471948255,0.0015336632086975987,1.042079145886068,0.008980657762096774,0
43.81145984907475,1941.0222016498915,1947.7447535446383,0.0013056715129112504,1.2412499297897435,0.008460971949964714,0
41.42208687959805,1940.5430214243022,1947.2438891647791,0.0013831994442606258,1.151757407661474,0.008367743373902376,0
43.30423640375723,1940.2336556005866,1946.8212757755505,0.0013063283276301334,1.2269863934150849,0.007691065900072096,0
38.950021937573155,1939.5532400749375,1946.2400292821828,0.0014891425047602034,1.2019080387863623,0.009880490314603698,0
37.222712666440884,1938.7661570199346,1945.6091426748653,0.0011833242976838673,1.163442593281862,0.010821675459715154,0
34.225849907886925,1937.7395521184485,1944.8677757714074,0.0011448678165964692,1.1712770517459652,0.012551841894126038,0
33.43520508020204,1936.7251356773713,1944.121881513359,0.0011459619293455138,1.1542335351635216,0.011364238851906874,0
33.06954936952438,1935.7693985533654,1943.392523168056,0.0009723882153207284,1.2130645377443379,0.010691907498996105,0
38.166994027962154,1935.1717711856968,1942.8124576894497,0.0011282301279467784,1.2335387217590914,0.009225213178608447,0
42.06990921564862,1934.8503911651,1942.3538119852308,0.0012223227255938882,1.2424334422464762,0.008023604725241964,0
38.43492646395089,1934.2546713995032,1941.7823810289308,0.0012638342994414852,1.278060999205196,0.009696190749201963,0
39.142797313666186,1933.7538902620367,1941.2525463741354,0.0012566495631254812,1.4658760510744318,0.00948680602805858,0
32.33634543800294,1932.6528462380872,1940.4645698009415,0.0015417669158642973,1.381712179397749,0.013058005563337804,0
52.486552850231504,1933.124260519018,1940.346349273874,0.003098752868225179,1.4241373339247718,0.005006231092284237,0
56.30814787730902,1933.9509371679746,1940.4062198405957,0.0031238173321862686,1.4354929367232088,0.002832423453341268,0
55.506755397101315,1934.632104444898,1940.4347359911053,0.003043726237526131,1.3978283236136846,0.003194102993235037,0
58.92411972407788,1935.6103998257433,1940.6179313646971,0.003038646949545756,1.4036496244456158,0.0012340091438815999,0
49.54221461853287,1935.666568260232,1940.437004518174,0.0034821902310795965,1.3697360706714128,0.005732929416474638,0
46.51687235464378,1935.4030000650187,1940.1288822887539,0.003528736825860016,1.3526488835813553,0.0074499582141749465,0
44.73389356633219,1934.974015904929,1939.7522211491157,0.0035281521615528008,1.2865407881539082,0.008493461187375114,0
47.753131202895155,1934.8526432984788,1939.5056014162822,0.0035068037290655447,0.9125454095112285,0.006102316350048956,0
49.3495648758501,1934.885728404249,1939.3304219571403,0.0035102862650361055,0.6183184265185876,0.005322472658129062,0
49.89910514644891,1934.9632907491296,1939.1829296660976,0.003242717279995742,0.565072784986949,0.005062793343664673,0
51.37630298122428,1935.1573022548955,1939.0943704090082,0.0019961232105262365,0.4534669666598486,0.0043882292204439855,0
51.61260876997843,1935.3518758129176,1939.0176195966726,0.0018446859475071584,0.4687365985631013,0.004284559693027058,0
65.05757361721518,1936.9281506507327,1939.5388626400988,0.003082308545291681,0.5360602462346103,0.0009734230187495719,0
66.81394958579457,1938.6019105574192,1940.1434612884798,0.003057015360414296,0.5850801383997145,0.0010744311005052444,0
68.33050417039085,1940.3353012489536,1940.8157714347278,0.0025094848247323707,0.6022399326274277,0.0001021827304198737,0
68.73191124256752,1941.9607120695416,1941.48439480685,0.002337910664214187,0.662345727318855,0.00025544088779179023,0
67.35278250696405,1943.3455596282777,1942.089109543871,0.002281524353718926,0.7811778459739881,0.0031688991422821364,0
69.81669672166237,1944.9223334198666,1942.8056409802734,0.0022851545187018746,0.8807161923409332,0.001428606930422165,0
67.24479660271743,1946.1965171445902,1943.4283479942908,0.0023829075564214567,0.9372712622558248,0.0022467968309468024,0
54.534244584291315,1946.454015162223,1943.64803613748,0.0030469895868907534,1.0883959548239464,0.007080879770608783,0
46.48169554089822,1945.9250243791676,1943.5378062945745,0.003402762997969676,1.2774849169846068,0.011231864848058657,0
50.423496228156516,1945.8273987755772,1943.5923994149794,0.0034521262465341917,1.342321408029449,0.0091521037248046,0
45.0620803625062,1945.1676087281585,1943.4045065741416,0.0025029207484100965,1.489426980705397,0.012274963359704356,0
41.940457302793625,1944.1992117780135,1943.0682498668516,0.0024286976883444666,1.544291439821423,0.01431522024386305,0
41.308278155546645,1943.2468538530252,1942.713718544714,0.002319992421197243,1.5683950527596664,0.014734774438771279,0
43.15381618537467,1942.537602394496,1942.437538526367,0.0023619899493899656,1.5608516776213344,0.01389601284493943,0
59.33369363834304,1943.6864466391692,1942.9230357647116,0.004169739996858476,1.577556000500563,0.004144057959229914,0
61.58827447533583,1945.0687361107027,1943.5324281627952,0.004174929404876786,1.7636938823146622,0.0025023105588017733,0
59.42025218287689,1946.1098435780184,1944.0294215296506,0.004182079619353037,1.9024826992435782,0.0036298443690887016,0
47.54133786370242,1945.670797610513,1943.9286567079848,0.004571228682388286,1.8305632411596697,0.011125405916012104,0
39.9989394728174,1944.0640157722034,1943.326351105337,0.004848855334409196,1.6638486290554508,0.01778303913806514,0
46.671050415271885,1943.4959979168532,1943.1184008336795,0.005090673311613007,1.5251127077415765,0.012899231368310532,0
48.65455260660065,1943.267800214944,1943.03813646387,0.005023322187522252,1.2114893731842669,0.011333779958118392,0
56.24852680427312,1944.299456821005,1943.4777778884334,0.005355722433967128,1.0730626215424943,0.004605700891686131,0
56.673225917218005,1945.3090531536188,1943.9315036379137,0.0053379591144409174,1.050257537476541,0.004194562928778289,0
54.127148714134236,1945.8796336128164,1944.224055850288,0.005417997160062311,1.048609948958246,0.006047212864520286,0
55.67592163318755,1946.643491793019,1944.608032279001,0.004449978881658277,0.9747450266596762,0.004708506605722517,0
52.79640807823179,1946.963163571888,1944.8219044474047,0.004436381926707476,0.8041946149594635,0.0067179361979166664,0
41.48139141789017,1945.433322044012,1944.2699416537482,0.0053454949241773814,0.9234545128704994,0.01667613587691894,0
49.5839271463927,1945.3158568488004,1944.2671679277262,0.005433997939107733,0.8756497539984305,0.009721234898020868,0
46.75343577820882,1944.6952974776955,1944.050595484775,0.005034519024989946,0.8899707307955362,0.012533487799580046,0
37.422983452140315,1942.048104583865,1942.9754905927207,0.005995611693730686,0.9083833454411582,0.024101387961532793,0
39.03824415879125,1939.910169977101,1942.0502235207066,0.005988972896858622,0.9455141853689798,0.02266097132384162,0
39.35045937712915,1938.0234707769002,1941.1816912362983,0.005372353792324613,0.9670992653721232,0.022394667229178065,0
50.80446456105895,441.98657207633204,444.8533462233566,0.008393714952013973,1.6767205465755708,0.013757343679485312,0
49.740077125757274,442.0737591867824,444.76943256508565,0.0055524901984280945,1.5052457510335322,0.014901797684508873,0
46.09968204868599,441.9856035576973,444.6145256815342,0.005620848748974264,1.415907722071143,0.018927816432147453,0
42.20309588298422,441.7102818292109,444.3793545970011,0.005730041129017147,1.411110311059908,0.023684795609027226,0
41.83157733095903,441.44219228623706,444.1464816708423,0.005712903034256444,1.3837847697218424,0.024151301551431924,0
41.24511452646135,441.17110252589777,443.911528027273,0.0057153635094816186,1.333756685687709,0.024851786923851128,0
40.83406284640317,440.90682988510247,443.6787865535086,0.004863424789262054,1.1859117816921743,0.02531935734044872,0
40.72482445947554,440.66302442865657,443.45443824000114,0.004669591946800119,1.1303006939090208,0.02543628091988967,0
42.70606729194534,440.4996995297687,443.26534192651695,0.004225055873036171,1.0830403833709359,0.024034599611749953,0
44.21208084277689,440.3948606114792,443.1035215203997,0.0022508887560091363,0.6823193850220877,0.022985904059650546,0
42.47525850280058,440.23806507374906,442.9217455021916,0.001926958321083695,0.6288015810185319,0.021082621082621083,0
42.47525850280058,440.0962282516937,442.7480003045904,0.001954834023651853,0.5639000648556818,0.021082621082621083,0
44.234260331285476,440.0108109533895,442.6005919617346,0.0017225424190091356,0.5250716249956853,0.02003640152182097,0
42.22572803835844,439.8715914611903,442.43269284680343,0.0010052555295305622,0.5221737840367014,0.021548312552895164,0
40.69504047682731,439.69799994255334,442.2514330828197,0.0010524777399855128,0.6276497844653611,0.022714330520045182,0
39.61262144699788,439.50761075209107,442.06359797094836,0.0010590639211005566,0.8083267061353127,0.023532071066282894,0
45.41992189345166,439.45924281818554,441.9374237926652,0.0014505871978851255,0.8801311281457199,0.02050113895216401,0
35.62768762559644,439.0867652282434,441.67487449118283,0.0029215800686527046,0.9526732011059248,0.028584577100135636,0
40.06457255444341,438.854597257983,441.4687209820238,0.003030674362236217,0.9500870466224511,0.02599337286652143,0
41.25388390607191,438.6731413740056,441.28366905935025,0.003013347449662759,0.9731995793376007,0.02174161742670648,0
37.63498570404504,438.3803642622273,441.0513130126268,0.0031097232572602383,1.0470867208672088,0.019742897114358456,0
38.707268797727295,438.1393050930065,440.83902995283813,0.0031296363036061535,1.1224334974294041,0.01789603690200759,0
34.836968029449494,437.77832100558777,440.5746132407469,0.0031809286890506845,1.180170970894508,0.018533412409001446,0
31.552595846983394,437.31360373094793,440.262364082192,0.0032585909577130655,1.2075455134043698,0.02194502225442778,0
36.03168735523268,436.98842542128153,440.00388505546056,0.0034531849701159092,1.081804149275855,0.019589767503033997,0
37.99797831084647,436.7370966150401,439.77451288308424,0.003510218209191191,0.8108638300750863,0.018533412409001446,0
33.554970654890425,436.33825144171436,439.481817286177,0.0033885083170765696,0.7997001183126969,0.02277194863366897,0
34.24507467862692,435.99169515328543,439.20741442665764,0.002563687516901673,0.6940249700983367,0.02241733629721285,0
35.91714450911735,435.7114906205106,438.9585849606431,0.0023779154661645384,0.6280225906091788,0.021591054998448926,0
37.38703535350427,435.48655688173625,438.7322057900775,0.002378319684176889,0.7174024567503634,0.0208837836979445,0
39.862712410443066,435.3306758095604,438.53537130968994,0.002306734556182455,0.7165110626090384,0.019707243684880214,0
42.082193016761515,435.2325041666008,438.3648021720128,0.002332971373434033,0.7431885521635491,0.018650716857438427,0
40.473536381805495,435.1008244813314,438.183172349199,0.0020906478302207105,0.7137362887442539,0.019707243684880214,0
34.61496310494988,434.80548107128266,437.93467593497445,0.0022627524461082443,0.6377186265664921,0.024074059945565683,0
41.95185081148858,434.68113933500985,437.7566234247273,0.0024299957632977678,0.6600379500926163,0.02053055108762255,0
39.11577140174477,434.482921450305,437.54977819463,0.002468729053247812,0.6540435724877381,0.02265369314540356,0
38.958141129509535,434.2988201611134,437.3494034121395,0.0020896023590270675,0.5804407925049915,0.016067535321160918,0
35.28445978527276,434.01796365396393,437.1091745720718,0.0022586140201012275,0.5566828508611213,0.014489393558742923,0
43.42383500501865,433.9257704061056,436.94677018002625,0.002619407504899526,0.6491720331186752,0.010506912455386408,0
38.11008740212692,433.67568342673616,436.7210266305176,0.002894255850934174,0.8906334747235934,0.014607044954452884,0
44.2027083392224,433.58751913099405,436.5623962283389,0.003108257121945089,1.0821866510954834,0.007972298571995957,0
28.347471583038626,432.77915162831,436.1048432952242,0.006271731456211224,1.3759660892706325,0.025523420248725077,0
28.205041836619444,432.03825273865556,435.6618738275235,0.006292203310896672,1.4353562005277045,0.02400002872242647,0
28.205041836619444,431.3679206016515,435.2368607905248,0.006269240045757715,1.454754647973179,0.02400002872242647,0
26.799648485220303,430.67571738508354,434.7932007823781,0.006009108431288823,1.5953622379295562,0.026173086403602414,0
26.023834579545166,430.0018217253832,434.3475732718931,0.006017414507436557,1.756900878293601,0.02738433884885478,0
29.117469313543936,429.45877651094753,433.9477937072429,0.006106977575181942,1.831778428867251,0.025689429006962437,0
28.386924387750327,428.9293568132815,433.54823453571294,0.0061055410941282225,1.9115983632285718,0.02665727405815042,0
28.008563969681816,428.4313139249755,433.1568270630296,0.005802569806970943,1.903617412630288,0.027141844863532338,0
27.808949099940108,427.97118095422127,432.77720158893595,0.005790625963156508,1.6568420805420352,0.02738433884885478,0
32.71459639639825,427.6453476418626,432.4505577894401,0.005690035590001964,1.4051313711755138,0.02508544275181082,0
30.815549532352193,427.27435659732316,432.105289087317,0.0013905024402268008,0.8603805960367489,0.02536873156342183,0
26.20762260817193,426.7244104236621,431.6846307505067,0.002101468867236648,0.8064707645824394,0.030723635129374257,0
21.638882332947304,425.94588444041733,431.1638796591916,0.0028340857018704416,0.9766702709787345,0.0379883523540497,0
20.843044734397537,425.184364354286,430.6402134831054,0.0028264236568476173,0.8223813872999086,0.03947840535491296,0
17.445612732888094,424.2144151601501,430.0206478251039,0.0033291544492017387,0.9172090759778575,0.04686749929405121,0
23.160957583731616,423.4558925449126,429.47535944774467,0.0035192234967324847,0.9928899116401881,0.04372375304992492,0
21.85727187077228,422.67437255040545,428.9122806586465,0.003504978325452621,1.0783361287526148,0.04623723589893137,0
18.259917302304856,421.65775808636573,428.2430917821171,0.003886927028852682,1.150289381826371,0.052669932541337984,0
21.26570411771661,420.80463369538046,427.6282964954329,0.004071940752396581,1.208882311339288,0.04943056286184626,0
20.9691371739045,420.00895061826657,427.0281336328743,0.0037854050890541065,1.3417763787479589,0.04982419004670458,0
51.73923596025508,233.71019172374986,234.18151836713085,0.005162084295531398,0.533720313483664,0.009395738904028568,0
50.43181068122172,233.73308139436327,234.17157248642118,0.0030390208250063665,0.49290318833846336,0.010258641532722065,0
50.766786054245934,233.75855364130905,234.16422942535337,0.0026654082726804786,0.4379940931034571,0.01004276112613515,0
44.03693244305169,233.68140732071197,234.11244751317088,0.002845754683511231,0.5254354863573301,0.014595446232303947,0
44.41483123962918,233.61640395395324,234.06516847429216,0.0025026435143224186,0.48145483840711767,0.014377708598779506,0
46.36490584015724,233.58145608154837,234.03063721190168,0.0024658389417506056,0.47749930310939914,0.013290487046154877,0
48.3175368591033,233.57368784989148,234.00822942419654,0.0022579852205051377,0.43973680068643034,0.01220559359107334,0
44.16206056896819,233.5094478881866,233.9615713241032,0.002432961741663657,0.46284962974474125,0.014813277361289479,0
40.418618425730656,233.39413495981015,233.89181850041314,0.0023100308028676125,0.3759613734575124,0.01743436503896837,0
45.01944706993887,233.34226118652262,233.84820366835814,0.0020780891936993864,0.31573636273790756,0.015031135530415416,0
45.431874998598374,233.30010227221823,233.8086123177815,0.0020897903608759595,0.325392152609496,0.010304891447700745,0
42.9997690405921,233.22860560750027,233.75619365621333,0.00211081915064988,0.3498370332622013,0.009460317864423086,1
41.29906005448227,233.1401015888741,233.69569327177499,0.002095034078721844,0.3864824021241738,0.010546693568903285,1
39.61183309068482,233.03621292603225,233.62747877342372,0.0016438858970168565,0.313154459677567,0.01163541009581441,1
48.26175041054179,233.03276197952073,233.60152752802196,0.002173677097344836,0.6782503937744647,0.0075107296137339056,0
48.26175041054179,233.0296400750926,233.57670275492293,0.0021411844563850595,0.8136400548119812,0.0075107296137339056,0
75.07106396493555,233.61282092359096,233.80623856111805,0.008679484046122052,0.9912119027476949,0.00899021204325878,0
67.69965420734921,234.0260712391616,233.97656369159336,0.00886854938428611,1.1559245912611613,0.014078613769616072,0
64.29997490771345,234.34276538303828,234.11496439148212,0.008865306113384337,1.3349985525402277,0.01664207645530657,0
52.66902714870208,234.39585431830753,234.14711322569337,0.009705156677156924,1.8110127743806153,0.02724567612417134,0
49.51926140522008,234.36766890561734,234.1451874210201,0.009801388206815764,2.0851564883498,0.030756073304237564,0
52.393680894136544,234.41361963548115,234.17395347330867,0.009804505096386258,2.2369161364950836,0.027464325231480728,0
55.316351395126794,234.53140169373364,234.2340996161913,0.009800146560942911,2.2775040653481073,0.023976275415289662,0
54.41690806284326,234.61890855287305,234.2835695510234,0.009793827053364554,2.331969630824968,0.02484606574363899,0
54.179708018760564,234.6933142477408,234.32892564785698,0.00976163711507663,2.0327142036499684,0.025063760867674145,0
62.889469267344275,234.99877402158742,234.4738002885866,0.0102004282111482,1.9780105450407859,0.014291758060123607,0
63.77923637574902,235.30370813419174,234.624764032485,0.005629539673528517,1.9144112025874744,0.013014299509790576,0
64.24091771680233,235.59387973908056,234.77549338326443,0.005391233039427449,1.8255333223085828,0.012376743749530265,0
64.24091771680233,235.85640724628033,234.91994400271244,0.005309129579406829,1.788195767568184,0.012376743749530265,0
62.99918603381183,236.07487364600493,235.0503185654073,0.003809713552899966,1.4650231781738563,0.013226996582005534,0
64.29963259500393,236.30586635411612,235.1893985490773,0.0034211601500947265,1.4438051400076717,0.011740054724351415,0
64.29963259500393,236.5148546235263,235.32272447633923,0.003432274973625394,1.1339317407882334,0.011740054724351415,0
60.76150486578738,236.65631122370186,235.43043101980402,0.0035407533840013682,1.07764691587712,0.013865559040999212,0
66.85101648880949,236.93192592465434,235.59599310028088,0.003864485546138503,1.1905420424610176,0.0073053641315207595,0
68.05650042731055,237.21462226787327,235.76879899570739,0.003806610543982255,1.2173304239042972,0.005835803213390386,0
66.20447656912555,237.4465796482986,235.9244837406276,0.002344475380206547,1.1841388240153787,0.006885079062368559,0
56.87108853859555,237.52310101360757,236.0176826104232,0.003116463597698476,1.1420091019940268,0.007345225603357817,0
59.298724832248595,237.64471812455525,236.12909273679668,0.003196817454295779,1.2900686034213478,0.005025112784366668,0
54.493933718876214,237.67855635474498,236.20394604441444,0.0033890724706593014,1.3960608458317405,0.008403361344537815,0
48.42034211603178,237.5996428801302,236.22977383109728,0.003701187422557109,1.4530424461378841,0.013299530569180842,0
49.21538819324237,237.54253146309875,236.26054201733976,0.0036599200951313634,1.4795143796879515,0.012658227848101266,0
33.957694126965905,237.10417750956123,236.12799351690077,0.006353212857491732,1.5047878286334229,0.030308223081476196,0
35.75394745720209,236.73995658799163,236.01438770731016,0.0064667266364955255,1.534261762145277,0.028806589745659375,0
40.32912466162021,236.49519048154175,235.94086502154312,0.0061199756394984045,1.2512414126855544,0.024896450769276383,0
37.69790349629013,236.1965919614373,235.83805086459532,0.005984585070009303,1.2603952486706544,0.0284538882939731,0
36.99195677247963,235.90547996073053,235.73063506450998,0.005987805641138931,1.2170862092571237,0.029424382895731238,0
36.58948613096368,235.63066596536365,235.62278280485558,0.005917141678516202,1.156269149310173,0.02995449145807084,0
35.41374006270382,235.3496431822785,235.50576029165816,0.00571456378623365,0.9280215729189041,0.031459547681946705,0
37.38923904688195,235.12491124003128,235.4057742033362,0.005834844851063901,0.7516715818812595,0.030087103916745524,0
40.48763110115813,234.96824975428598,235.32927653010668,0.005887251003072553,0.6619101198098625,0.027925322904620475,0
48.83498806299859,234.96936843691847,235.31540908831275,0.006375835346061714,0.5462822661381742,0.021363538870269056,0
46.76297544707355,234.92847495311813,235.28463786489195,0.0029471240476943773,0.4407731413820756,0.023279640445824173,0
38.65448814648825,234.69909368563347,235.17497879201738,0.004135796054787677,0.36514296451654393,0.03216925679553229,0
39.60362426828152,234.50774931710677,235.07645657480475,0.003901657345343637,0.4303488171691883,0.03141517676692828,0
40.073523588608424,234.34224795372234,234.9850517637707,0.0037783315445856273,0.4149313528984164,0.03084586735401249,0
27.392936220380562,233.77155252772553,234.72221350809048,0.007045053890579555,0.571450421157454,0.049704359716904865,0
38.40946793880435,233.47616371684407,234.56175439570478,0.008041903989187575,0.6322871010508645,0.0382798018864486,0
35.85866270390585,233.11271691703635,234.36772964169612,0.008113745320771412,0.6624413031494959,0.042410476700614805,0
40.100261676190165,232.87912344263526,234.22102151682296,0.00827632141224602,0.774727154862477,0.03203849506771857,0
38.88189289052692,232.62587200452793,234.06276404872602,0.008207555543898576,0.8813867426223687,0.03401095382476505,0
43.19093544803297,232.4938839148498,233.9511496644631,0.008019084362933974,0.8862732525613964,0.0172547575661295,0
55.65983130790115,208.06417810791567,208.28493881384568,0.0066068498582085656,1.7021221496247583,0.014208492742895644,0
53.37641497723956,208.1239137241258,208.3023398583749,0.003728692228276641,1.3450196212088437,0.01586083434697882,0
49.81609951342819,208.12544879150522,208.29539191467777,0.003771868449604222,1.023041130464054,0.01854521294162901,0
47.10892092593217,208.0848554174346,208.2700008215823,0.0024739850360758382,0.8191633774475661,0.02070295192555709,0
46.49061654139485,208.03860285040543,208.24152603427868,0.002283124469495601,0.7304136176659943,0.021194574986141405,0
44.358578422830035,207.96433862713266,208.1999474848284,0.002154444680294587,0.6632308107682443,0.02286985245002371,0
43.47451883301887,207.88381602085764,208.1543431758147,0.002158460501583848,0.6386341283264879,0.02356124467872557,0
45.641329413828565,207.8357752034348,208.12174256639767,0.0022074051028849774,0.6114254428797062,0.022277919801372333,0
48.26952325797114,207.82282960414452,208.1040376377258,0.0018362644859142164,0.5330212880015919,0.02070295192555709,0
50.21382637192383,207.8340001148154,208.09717040562157,0.0014869572505316244,0.44698148364521906,0.019524850971076545,0
53.72563640792362,207.8870004752512,208.10939712518248,0.0017151055756315827,0.4383984585875771,0.017323291045275014,0
64.96323641420489,208.11604480249872,208.20021477229773,0.003366066170383895,0.5793821448413106,0.0016643973307820992,0
62.71869921551994,208.2984615074331,208.2762368503992,0.003235365868547336,0.5701858139689163,0.002904349920948967,0
62.361767473668415,208.4596691752102,208.3472732257962,0.003089561416139013,0.6204910374745303,0.003095356347831205,0
54.36395789592294,208.51401929748113,208.37550936561698,0.003557682954783568,0.9575376163957683,0.00770224666198019,0
54.62513264273657,208.5669996578884,208.40417098696744,0.0034705193011410136,1.0855711655151927,0.007509408382021035,0
50.21577110950074,208.5606155633611,208.4081177016114,0.0036293125231732777,1.1291710774311532,0.010263786041479317,0
43.45590301467466,208.4576530629629,208.36996815678705,0.0040189127591996835,1.206710328890856,0.015230401615484244,0
45.545604983290836,208.39023008685703,208.34453300292023,0.004009689609309443,1.240170656413311,0.013910947723939531,0
43.92684972146394,208.30541503106667,208.309947358274,0.0040055863345401,1.2848322277729054,0.015132527179028615,0
39.348414409130115,208.1562787116673,208.24576595128397,0.004046325782846564,1.3568609745660416,0.01886424394340712,0
34.28477716615805,207.92608805163863,208.14349732794716,0.0022651454478888767,1.3841053408907134,0.023816437083973845,0
39.79174311028733,207.7807060938039,208.07245252127484,0.0028356021179891493,1.4832448535033684,0.020542662880554875,0
37.3888425878618,207.60440416149646,207.98528451280637,0.002785373243909433,1.5029242504509683,0.022871883073791396,0
35.75625381854141,207.4134664726568,207.88837967644488,0.0026283221384122636,0.9845734935744554,0.024513585294327636,0
35.40306452190384,207.23405235004978,207.792702539692,0.002592047339482929,0.7297575867357675,0.02486255359656186,0
41.12817396888262,207.13269532965103,207.72696002811162,0.0029667671063525335,0.7063935030345745,0.021681143039251508,0
49.16436288500381,207.14196356699873,207.7068520445343,0.0032336483883638445,0.6416939387877575,0.016455164466599538,0
47.38994956752708,207.1246317495295,207.67667107188436,0.003211621806791815,0.63236978973484,0.017781177794746732,0
47.38994956752708,207.10895105185782,207.6477443353483,0.0031997103763918944,0.6192988421695476,0.017781177794746732,0
47.31652111729553,207.09381071131472,207.61961342035093,0.0029678762515003617,0.5531789364730237,0.017830405874947237,0
46.464490570765804,207.06963523469645,207.58821635490253,0.002435811022541106,0.4778734457159642,0.017066325864415137,0
47.30059873860968,207.05633460976313,207.5617360779649,0.0022484859177064613,0.47616994013867664,0.01647902084185632,0
45.10877523349438,207.01953732486547,207.52589789324276,0.002141185245026312,0.4666950514105237,0.017757769397884354,0
44.59522680042145,206.98053062666793,207.48912456127024,0.0020455788344024713,0.47461357661635006,0.01805331647316293,0
51.00317478853852,207.00619628245883,207.4795326579319,0.002174943156541402,0.48284567302591125,0.014909511883670084,0
48.18961560636214,207.00084360527734,207.45831064778227,0.0021217684067029127,0.4292012029481887,0.009905789234055965,0
42.844617870544475,206.93599811278318,207.41273052147994,0.0015939536743411903,0.3997629302756816,0.00920896582510612,0
47.703183026554406,206.92399739996506,207.38861572072545,0.001785257833536739,0.4315654614368916,0.005995868225919504,0
44.77536565965405,206.87980561174876,207.35149236817793,0.001856560108737693,0.5203927792272289,0.0055216475471124155,0
45.39409091503506,206.84553727468105,207.31827695480933,0.0018635351709900935,0.6606722725600721,0.004938935660325708,0
23.955895571699088,206.3907063710288,207.10877778953025,0.007011305149762183,0.8582871316252664,0.02706975683500392,0
23.873999422911908,205.97633747223094,206.90658522240727,0.006988325344499297,0.9114971139283464,0.027222333116051916,0
23.757453175534252,205.59762603713705,206.71099458605173,0.007014970419325125,0.9685397894787671,0.02742570933729115,0
32.37969351012441,205.34736850447953,206.5619642544552,0.0073506797004472026,1.2599967123578923,0.02251560347807469,0
32.0975626033311,205.1142788460186,206.41617256754975,0.007176917127668194,1.4094705395879126,0.022868405762573235,0
30.00622266389219,204.8538653705868,206.25557902363374,0.0071743933396418765,1.4617170449801389,0.02549653265552685,0
27.828222425870777,204.56301484131063,206.0783993148874,0.007172303511214196,1.5154041043730944,0.028443955141580463,0
26.956289247411533,204.2770074132804,205.89882008190762,0.007006944549455403,1.5025356237135992,0.029668564199107364,0
22.365475363092102,203.87919048822968,205.66847387001837,0.007150252431350219,1.4170720987755268,0.03718134410634819,0
22.087985853170053,203.50973766096297,205.44341932686874,0.007112869762226079,1.4052493174949254,0.03769996643066406,0
21.074345377753403,203.14118564061422,205.21311923369177,0.0029976042478987957,1.180038979327102,0.03957119775915006,0
18.779831565512822,202.72297181883349,204.9567598864767,0.0031354419358705513,1.1392252720716258,0.04422638131387579,0
21.56971455963925,202.37030392041353,204.72138447696886,0.0032512538293049333,1.1012363904779479,0.04280971174137802,0
22.42004088436184,202.05884353153928,204.49860899296942,0.002522677152058236,1.0224811913469638,0.04239069273673999,0
17.735119100251424,201.60466276074428,204.21304954465944,0.003309267056455844,1.074957994949502,0.05195397814796548,0
28.569691337806475,201.30992977532784,203.98722068990534,0.004364954023920705,1.113412909779074,0.043725798069433754,0
25.78215546243294,200.9546956249212,203.7336053735556,0.004445886258754591,1.1338251447167893,0.048638528804999276,0
23.402424544338658,200.54757803303954,203.45450646005196,0.004496218731697201,1.13924676537648,0.05323368726153292,0
26.409750912624133,200.21447341430786,203.20118095335613,0.004335846423923654,1.1073421169450637,0.04973358487684829,0
28.37401773084764,199.93594980308387,202.96744733471564,0.004414346408938443,0.859022613631519,0.04384413528124659,0
55.081095759202114,498.20229236526535,503.3387913219837,0.008184208014438785,0.7190536837403576,0.005063076226445825,0
55.773421866716596,498.77478127538046,503.3757883317138,0.005032425410426232,0.7321007228756857,0.0019833398964484487,0
55.10816171094519,499.2543405817253,503.3939434719341,0.004902371346115343,0.6007515151893051,0.003175875629780941,0
51.62677963155156,499.4876879386872,503.32170442244745,0.0052887024091453315,0.5660119889271703,0.00737488857769111,0
50.64236991353584,499.64149624953814,503.2272822048112,0.004290327543219506,0.5861675389527197,0.008581097067638974,0
52.51139371187703,499.8902972115778,503.1858836604512,0.004190926669139941,0.5559612303327992,0.006271764851138627,0
52.928691383336115,500.1391770426557,503.1569201141543,0.004230606916574146,0.6126185989895117,0.005771132132307214,0
51.56241035976332,500.29754334305017,503.0997915683907,0.003917598602597229,0.6065999137097323,0.007174185315048085,0
47.856464312380055,500.2548734931374,502.96336520762367,0.003829152095771648,0.547660974020707,0.011103306442331791,0
56.491500164653864,500.6929441164821,503.0423482626031,0.004920282429813717,0.4341878268487872,0.0010894083120125372,0
57.47734374434466,501.1511743804298,503.1449645342519,0.003993087181437972,0.40318132082572516,0.0012858435143113254,0
55.39764416295672,501.4703719692159,503.2013991620664,0.004049370336031616,0.3759637028390194,0.0032705528176102576,0
54.75756118449014,501.730530773385,503.2428885611469,0.004045164495105574,0.4075120223559712,0.003867476482036332,0
53.75418756280794,501.9229904001617,503.2639085271094,0.0037866900247825815,0.43562410869252793,0.0047642558739143925,0
52.48830172063326,502.04468545307265,503.2612659053143,0.003781908943162497,0.4732285344610364,0.005862443596760916,0
53.55904418629836,502.20242231753554,503.2793727697233,0.0037324712757283826,0.5334726042479184,0.004863969883022618,0
59.718157463306405,502.6452695670364,503.426429182188,0.004183818796963912,0.5503301460725072,0.0008878005012023691,0
53.31247071644267,502.79340694558806,503.4582265548459,0.004572112461154445,0.7007872228670734,0.00892502953401802,0
50.04048162570238,502.7845085862709,503.4271196368702,0.004483527918418221,0.783561485643314,0.011935547750750737,0
44.720076241369696,502.51921958449486,503.2867708979683,0.003396633432976365,0.8744819873999572,0.0174000244140625,0
43.07601758269337,502.1934716562708,503.1156101300341,0.003308862930742067,0.9179754363055639,0.019234634313998664,0
37.116406094936224,501.5510437347881,502.8027509562457,0.003825731093166203,0.9448000095169834,0.026743363959113777,0
34.44488351059263,500.7888304901869,502.42571655627995,0.0038492666633807284,1.0322008666853084,0.030696028343166603,0
33.48856694833421,500.03256532995744,502.0361197049813,0.003834109288640448,1.0586446183375164,0.03215989836101691,0
36.85981584948457,499.46743349743997,501.7137054379923,0.004110089075048686,1.0202978288487072,0.029548686345202906,0
36.77948103435102,498.9513820295727,501.4027961349,0.0040409377156670825,0.9218041889853442,0.029652919291643785,0
36.01892384288957,498.44163400308037,501.08667261711986,0.00290524478510306,0.8741117708662499,0.03059158411020951,0
36.17681527193505,497.9852118428775,500.78577250535693,0.0028665907658093626,0.7190061324246262,0.03048722474754609,0
48.49827186779857,498.0009077203681,500.6792573290023,0.004528616551723627,0.7459137720917827,0.02117839694832792,0
43.208143288574135,497.76269378340453,500.4702068710961,0.004523008694055888,0.7440018046643634,0.026639782456168014,0
46.076564914153685,497.6614736161411,500.3182048319939,0.0046249799531613645,0.7992055683101928,0.024159451791996814,0
43.79372784837685,497.46035744033435,500.12617719969256,0.0040361639546096,0.735459482278894,0.026536221850450993,0
43.39113717508138,497.2593514445502,499.93403228400524,0.003810883796071738,0.656317418223517,0.02695065295048328,0
40.57877456953735,496.94414768461434,499.693539629459,0.003909068124794069,0.5670084923334008,0.02986132125818791,0
40.72649935341592,496.66372965098566,499.46494366482005,0.0038243552685168908,0.40288826392693855,0.02975710973083249,0
36.25983027423904,496.1909595480804,499.153472222588,0.004097408764320501,0.44545084263657825,0.03457392633303844,0
34.32107992874373,495.65845201320025,498.8106780701413,0.004134592473758136,0.5125134059851237,0.0368936116557988,0
30.41977452977946,494.94331729139395,498.3838012254149,0.004346827337106325,0.5753407970692468,0.03451809139444297,0
29.46291021120119,494.2343909394205,497.9483501813147,0.002462952002830693,0.694936740901363,0.031076910556891026,0
28.86126766422916,493.55489190384003,497.5146618380156,0.002219757699949833,0.782728106891914,0.027509738716030085,0
36.53722169030506,493.1496446956149,497.1865106648358,0.0026995487565929133,1.0040252207995204,0.020948294003099284,0
26.62335610480413,492.1115410091507,496.59027862328327,0.004910363976744182,1.1133342058060494,0.03587348427779938,0
33.38771163936741,491.4056551076408,496.1159788204673,0.005470359410832901,1.2918410288288842,0.030637456595719228,0
33.79013327140534,490.78128676374087,495.6668846596628,0.005517438263758495,1.3776480006017269,0.030318617107152668,0
37.58052680174918,490.34972262331826,495.29174327170017,0.005694107377661239,1.4781093796215856,0.027352159985539845,0
34.05613282244734,489.7354459771555,494.83821082990914,0.005705050671024558,1.5265867171882348,0.032341380644514355,0
32.78792401706396,489.0939590891929,494.3671847528735,0.0057014908843438595,1.6593473527399645,0.03426498507861025,0
28.25535381373173,488.1707036792485,493.7720018778816,0.005915807533851839,1.735460957375151,0.042031694103098614,0
31.647333116109223,487.4496702857706,493.2484944463703,0.006071164193871837,1.59181635613076,0.03797336614279852,0
33.34423259343802,486.8544538673102,492.76989274381725,0.006128386075811535,1.5710818621032194,0.03397750451199717,0
36.993886102415274,486.43973711200744,492.36214877733624,0.005964945849797721,1.2983332989503176,0.03025908000728627,0
42.11389775155097,486.25023666462494,492.0481673992727,0.00402671585225145,1.2763459004214748,0.02363501166465022,0
32.26691572180033,485.43115482872173,491.4770644647914,0.005756979411125311,1.5232746788284592,0.03799852219911849,0
30.622701762950058,484.55198761279627,490.8713729617163,0.0057406041054406986,1.5060188005918707,0.03832423253291662,0
33.030474528102545,483.84702801265996,490.3275940770156,0.005666366127728412,1.5771478269527264,0.03625698109995164,0
25.739323637383904,482.52348941833503,489.5203640520934,0.007026679297445739,1.6834688151643593,0.048622140637100776,0
30.446950329327237,481.5212432327069,488.8265948840741,0.007394708828961115,1.589722449539621,0.04406777074781515,0
29.276944727054058,480.5001628997006,488.1130522752077,0.0071724186302451354,1.5603655970160084,0.046728973174218424,1
27.74600872462611,479.4239500744738,487.3646969060867,0.007021564880402777,1.591681743719017,0.05029832687967658,1
29.724747152703543,478.5264249854323,486.6778488615284,0.007049175780477699,1.5784279595134652,0.04851061232546543,1
36.932442619145725,478.0096200434378,486.1409688807491,0.0074539482860722294,1.601524677938481,0.03656729564527519,0
37.14113680085859,1559.1766228662561,1561.6006133980757,0.002602300744617969,0.784176308252477,0.022559808929581447,0
37.867607521018684,1558.0716192383534,1560.999162896402,0.0025115650438341844,0.8251322446753719,0.022163381603271637,0
37.0228052627647,1556.9673307527344,1560.3786191204097,0.002303116902520224,0.8693825217082212,0.022890413458818298,0
44.53392278666425,1556.5601698992318,1560.0511562029826,0.0025462455464917854,0.5878739257104083,0.018805998686448867,0
41.76522330600145,1555.886659651559,1559.602731878752,0.0025580874236730265,0.6669250795487416,0.020909986714464344,0
41.24742971685705,1555.2202693624129,1559.149355660943,0.00231013313932805,0.6861066619776028,0.02130544223632746,0
40.00119028159258,1554.484009531095,1558.6574258024689,0.0018337626144381185,0.7270219280327199,0.022229418038166398,0
39.63272707515445,1553.779906346755,1558.170842711111,0.0017824498736781595,0.7387399643072894,0.02249372980239695,0
46.17329469397747,1553.6102035154245,1557.911790037314,0.002053729724768736,0.7498038366838929,0.015979412904719718,0
37.29299561896825,1552.503360792393,1557.2456527824315,0.0028876300071559832,0.8289196046438121,0.019455252918287938,0
35.179906810822274,1551.2256896169852,1556.4880020086816,0.0028773355148854793,0.845175008476474,0.01786758523567042,0
33.623478260270176,1549.860220551111,1555.6722003170403,0.00287184248904293,0.752418529017048,0.014900139274051382,0
38.79326561829419,1548.996706228467,1555.054306698065,0.0030475487414563076,0.8081387367562661,0.012071634862735076,0
31.208688301470687,1547.1386294850072,1553.9950707671956,0.003335917533825753,0.8288776013202168,0.0195488881425711,0
36.20138195413204,1545.8579773774456,1553.1557059131424,0.003583159786489117,0.8454447877557619,0.01675691077811569,0
33.34674583537398,1544.2610995097161,1552.1629366394427,0.003626957379284881,0.867148974900524,0.01981561003983032,0
28.777858447144695,1541.9970117498065,1550.8588996703631,0.003871515533419804,0.9141295913351181,0.02558370563239888,0
27.823128773407205,1539.758193803432,1549.5288187888336,0.003840521309744918,0.948100763964074,0.0254856444990945,0
33.1935407777499,1538.1615253799887,1548.4404329089914,0.0038113267789528314,0.987332451669572,0.02133946158896914,0
28.133778524850783,1535.7547817241577,1546.9849682503734,0.0038367731974797525,0.8112601318634669,0.028157825962383882,0
26.376125446569276,1533.186808579,1545.4239156351232,0.0038453410583370513,0.780810418327446,0.0309517163709973,0
28.488350249287905,1531.0350328796228,1544.0026319699377,0.003974290906241774,0.769548539392151,0.02972330540164778,0
27.542789917652357,1528.8977777551765,1542.5600337891142,0.00369253364645712,0.6159586890803992,0.03108844304193139,0
31.693484685685974,1527.2880683096575,1541.316669863424,0.00341811539831748,0.7089437124152521,0.028769841269841268,0
37.58255934599249,1526.327080663834,1540.3368988357415,0.0035115350618532834,0.6889220049403743,0.025243903282848316,0
41.45070098842245,1525.8101137209846,1539.5483644245526,0.003600462389905243,0.6555002937414182,0.02274967126735854,0
38.79181307730935,1524.9804250976913,1538.6388867095793,0.0032253847616258726,0.6325764446193597,0.02531146597588703,0
40.09861060635732,1524.3440935493918,1537.815944261538,0.003214603278640878,0.5783384979291173,0.024501053794068684,0
41.33495140529146,1523.8731593562902,1537.0717334451656,0.0030588030963862485,0.48311777209352597,0.023759362252122513,0
41.00350718858149,1523.408986101812,1536.3423037389575,0.0020870440300413814,0.3978922579040329,0.0194864882066738,0
42.00511427874771,1523.0652356853113,1535.675373592947,0.001778556534726903,0.3756859118891394,0.018949813023114003,0
40.34545738348881,1522.5827788203826,1534.963543549701,0.0018662423477533953,0.3981832359741166,0.020158086683753292,0
41.58817262483878,1522.2320051346194,1534.3173096799742,0.0017542641747535738,0.3793829563669246,0.019553591872073464,0
42.448861121424514,1521.9717905634345,1533.7218146628563,0.0016654531954383531,0.41228527033637385,0.01362287013614676,0
41.67731169417015,1521.6696951267002,1533.1227048511923,0.0013206635122401781,0.6030206996811621,0.010271250384785095,0
41.445422649442996,1521.3773191726773,1532.540160696877,0.0010356126014019057,0.7331254257693409,0.006980097297741361,0
41.445422649442996,1521.1127924865666,1531.9814849654797,0.0006270928856202565,0.7546152766358514,0.006650846666871912,0
40.65865325359626,1520.8163180367771,1531.42163607685,0.0005928976793385673,1.0703413358489215,0.007048716187005929,0
40.65865325359626,1520.5480825184393,1530.884648555473,0.0005331234249461354,1.136615279154155,0.005928853754940711,0
24.48564681304059,1518.5910248918253,1529.6499613101807,0.003764102388519721,1.3265177042928036,0.018,0
25.197763283175007,1516.8584706517424,1528.4815155440722,0.0037513308214580207,1.3823233986154468,0.01772858914496842,0
20.511210520878777,1514.4337579543078,1527.0013054966005,0.00403613043051069,1.4589722821313789,0.023870172323434104,0
19.721167745290686,1512.0685486536322,1525.5093756456902,0.003958996451697993,1.6318524085502448,0.025107428186786265,0
22.230200325842233,1510.0619533000727,1524.133732415863,0.003998240506803063,1.690036001484247,0.02414486921529175,0
34.377861708057964,1508.9798252120486,1523.1205242964222,0.004574885944170668,1.617524685577459,0.018883065156568804,0
30.45276818556559,1507.438852065158,1521.913394572754,0.004622878027497065,1.5697249126559623,0.022909934387209178,0
29.117694802003683,1505.8351099364143,1520.6674768309724,0.004585919339941518,1.632272053898393,0.024419713545046903,0
24.143751916715402,1503.4698085195487,1519.0900664050305,0.004767698591331449,1.303739580822138,0.031060094530722483,0
27.74375614387972,1501.5774052205602,1517.6795492285091,0.004898635273086081,1.3425050099948297,0.02925318490715259,0
22.73775657493998,1498.79855622036,1515.8809112559827,0.004084308800719462,1.3427932207545434,0.03708229739242595,0
19.06598699513779,1495.2272106995927,1513.7138956993997,0.0043710612304918035,1.3722600232141078,0.04495993223606776,0
20.314434046657468,1492.091243566612,1511.6736136151926,0.004309000541661087,1.2973933782864615,0.044245332019051085,0
19.75647686894328,1489.0920345572938,1509.647779953201,0.004309884648016693,1.289109812106516,0.045460787021734214,0
17.94558195656157,1485.826091124546,1507.4732240149942,0.004222175993021979,1.2330684687804092,0.049628779728206444,0
27.1237860908916,1483.5759576048301,1505.6790421258165,0.004206647361206419,1.0196580434666334,0.04431681780333205,0
26.227222727602467,1481.3401273606783,1503.8734897666766,0.004183010681459603,0.898813355001369,0.04581879702259124,0
23.374421355215077,1478.6315215395468,1501.8550489087359,0.0042581071991815425,0.721259821742348,0.051001427724403234,0
22.709357276547266,1476.0094480082798,1499.8460237356167,0.004042340898626893,0.9576038722779534,0.04610297397810171,0
23.232101413683196,1473.675197518784,1497.9330575330507,0.00391338169682956,1.1088227578213317,0.045125732001377886,0
61.775963982847564,3243.7676496288777,3238.8160824991164,0.006993267335247913,2.1989914368580226,0.018859877901377112,0
62.735447135916246,3247.2928781517503,3240.6153629435707,0.004787004809474254,1.8873825090583343,0.017648717452412224,0
60.030748521737344,3249.860640735862,3242.052736076299,0.004785085883069119,1.708553241469446,0.019668971793040748,0
61.4090146385581,3252.6599742500134,3243.636908684233,0.004414976048992034,1.6002334057265533,0.018114219129317623,0
60.42176229517631,3254.9819094166187,3245.0548406520393,0.0043542729493691425,1.2260168362630859,0.0187977106061184,0
60.700088845982506,3257.1678440495584,3246.4461867102796,0.004361276585511095,1.1853053405927874,0.018518013704170284,0
65.89508650169458,3260.871154808246,3248.538748828559,0.0041328944251482575,1.230275496790729,0.012924786910270025,0
68.14961024457888,3265.0790526390965,3250.915838032685,0.004111076016931728,1.3103033102438744,0.010166444071482601,0
59.573275267634195,3267.150012473202,3252.4222612537656,0.004646747334929011,1.3265903038448776,0.015760024357610005,0
61.21931178896901,3269.566718535735,3254.100091014446,0.00325765354254137,1.1740109082898698,0.01400154826309795,0
66.09649950182151,3273.535386186399,3256.4842265173997,0.00334519483101579,1.168060829324919,0.00827499000012903,0
65.66849276852699,3277.039656937074,3258.725552282966,0.0033702359559705823,1.1470351624040491,0.003474005325913311,0
63.83812828577307,3279.85702781316,3260.7145971175037,0.0032983963520149184,1.1476796924367068,0.00698598343718625,0
69.18755429564385,3284.4451534141294,3263.5036031820487,0.003730228355136386,1.1244975048269503,0.0005108026357797476,0
58.18545293070093,3286.17524673615,3265.1205546478536,0.004700525019553282,1.3742546462663878,0.008205611552805591,0
61.650152440578424,3289.0172614936414,3267.2203266905826,0.004805616699896774,1.4895961136460347,0.004131468990312123,0
64.0444967339594,3292.541179464944,3269.6411655375523,0.004614816740028652,1.4327052358374595,0.0024654092519167167,0
55.75902890495461,3293.623449538251,3271.0493373640193,0.0051289106007592865,1.3515896563803318,0.012137201138510108,0
52.14313614205079,3293.5545122188787,3271.9457906354523,0.004911787522885838,1.3294611770878046,0.015518266321997539,0
52.92030543944048,3293.7398650362366,3272.9103917963166,0.0048879508867595645,1.3302806748913731,0.01471703838567744,0
50.475863469629125,3293.221614605379,3273.5395423803902,0.004508774842780963,1.26422262061305,0.016938828678886887,0
48.79040915102319,3292.276418607966,3273.9379019100274,0.0045133616567547,1.281560531276686,0.01848748218839762,0
51.44435963546145,3292.145286050511,3274.629074648689,0.004616650977387921,1.2658235566045162,0.016135433842406625,0
46.9296035076922,3290.778735715334,3274.7580887371946,0.004015378677201388,1.2245663000054727,0.020196458046775223,0
47.3097448258896,3289.637653593212,3274.922298281735,0.003409892543195595,0.7586992566718281,0.019885308710782194,0
53.130623273074455,3290.138921412058,3275.732769549607,0.003550375877014299,0.41515027101138663,0.01490184804136957,0
52.31878846973342,3290.3924084530227,3276.4242361074353,0.003313325716872218,0.38959644318519593,0.015549061714238177,0
54.49402394965407,3291.2027799861803,3277.33363810482,0.0027450887995146916,0.2761817636703285,0.013671253748623291,0
53.5029793584501,3291.716887166378,3278.112220315762,0.002523385244888782,0.2468730038905987,0.01437842047552247,0
47.122316432174074,3290.6675131030515,3278.2166689434407,0.002945609826680277,0.2680909615469973,0.019294677895037016,0
51.14724816587781,3290.689648122926,3278.7280158395656,0.003071434299972476,0.27000715267164,0.016135433842406625,0
50.73947498689785,3290.614425902997,3279.177934728781,0.0030245841138675663,0.250923932391883,0.016444298994540436,0
53.45684582504512,3291.1940578558374,3279.88284380853,0.0030063420414425165,0.24754111056612538,0.014347696038067187,0
53.89989878739406,3291.8232569324878,3280.602920971004,0.0026287465530449965,0.262109070591522,0.014009324546008234,0
63.08470652160309,3294.9355831531693,3282.365391381071,0.0035284406335208407,0.34776078463351895,0.005865543690780568,0
64.3177215558167,3298.1610098827828,3284.228005340152,0.0033059380387701356,0.32628750776335336,0.004566195310296877,0
61.8846783193383,3300.6315651868545,3285.825944690294,0.00335798471899568,0.37593095180419883,0.005986553280324195,0
51.93584975454528,3300.7619002349024,3286.4735888362575,0.004098872182459359,0.4621700528949989,0.010811614528126894,0
49.865428459989126,3300.375026665172,3286.8827363449413,0.0041284781010666365,0.5557572929119864,0.012436679287548073,0
45.34733792254064,3298.853510540186,3286.7834791535265,0.003998800160311015,0.6825492316361809,0.016228245771804477,0
40.61148716497544,3296.076856064319,3286.101044315761,0.004087177537739921,0.8621602002167325,0.020797015327240806,0
23.028069616632138,3284.0595138057374,3281.462555068616,0.010284705682117042,1.1008881068499223,0.052935440864885844,0
35.32605974217742,3277.0631210806305,3278.635869071757,0.011449500497816033,1.181823588971821,0.0395875691925657,0
34.85451224298495,3270.4283075806834,3275.7961980108926,0.011419530514782644,1.2162121740864449,0.040624821598613435,0
38.786593758379695,3265.7873717175967,3273.641160346506,0.011090001477266872,1.490730635598224,0.036005835974205376,0
38.45449767284162,3261.4075071268553,3271.497618562765,0.011023273409621144,1.7993489048465292,0.036617150306169084,0
36.37153741759565,3256.320952256273,3268.9711359208814,0.011004122202401911,1.8029190111122924,0.0404301593428538,0
41.808471237251545,3253.518884891887,3267.2981380954943,0.011314782863286429,1.8604331947831187,0.03433637614468584,0
38.64727907813935,3249.383678698794,3265.024860776646,0.011349595183288116,1.7559469271228805,0.03974949367117489,0
39.148666696402245,3245.8042199056063,3262.910612267116,0.011382331624639567,1.5000625480693497,0.03919917193776946,0
39.64853551447696,3242.718043350162,3260.944896192856,0.011379233642089152,1.198351260985195,0.03868178645846867,0
37.551376564345894,3238.9638924229835,3258.6573461167145,0.005379538354305512,0.7359028400423853,0.04195670099431304,0
37.726984326307694,3235.6149095691753,3256.4814337724742,0.003439453301579712,0.6357184130981788,0.04179408836476154,0
35.511619386684046,3231.6039166388005,3253.984399747596,0.003565294970117274,0.638713618331648,0.04515420421852983,0
35.551226861040405,3227.9844651693197,3251.5913670729237,0.0031406145971025396,0.5793891883804333,0.04512144573811179,0
31.328188537334228,3222.76684005749,3248.4859983880997,0.0035864418027793856,0.6983640240960105,0.051840414260453244,0
38.04894087591045,3219.693779774506,3246.189876130659,0.004085220513363408,0.6251928338733419,0.04268921835821188,0
36.32288671038215,3216.170529065569,3243.6767705604943,0.0034242096834082264,0.5983810087059376,0.03852078409436883,0
33.317939213784086,3211.61140183068,3240.694247697337,0.0033452897714786128,0.6275764067378747,0.04077895059833832,0
35.550870660485245,3208.0198063036005,3238.0522456087438,0.0034422108404191334,0.6705169499633257,0.03623302673001087,0
36.0859649231809,3204.8940868011596,3235.5670099766485,0.00343752409334547,0.7071294216820478,0.03297428596055289,0
59.61085622566726,240.36260393889467,241.62948781159815,0.0042031425616599885,0.8847208114244741,0.001852664546475986,0
61.76879246997939,240.6620718198574,241.70984275750826,0.003935375416000464,0.7818673052948287,0.00041070268384240245,0
51.620759379521346,240.7372641182629,241.69872172239678,0.005033383714927912,0.7150473878850555,0.009525794495043406,0
48.87872983692837,240.74325018939288,241.66039514807346,0.00485710367130951,0.7498369290764223,0.01225081773611154,0
52.24127056517845,240.82498106784934,241.65782861261746,0.004789218525649909,0.846944951604432,0.008898981134806725,0
50.670931400256805,240.865519678992,241.64055262945968,0.004886487896172559,0.8882660959618754,0.010362694300518135,0
49.5257871612269,240.8783446794956,241.6135033253156,0.0049413683045353915,0.9488914222566592,0.011410788381742738,0
47.89385757470221,240.85657033302607,241.57293837477292,0.005017388981963916,0.9949547128726632,0.012881804205858792,0
46.480179652077624,240.80827263233218,241.52159953993734,0.004632586208772685,1.0527579949864172,0.014146011275822651,0
47.31750014350528,240.7788838865317,241.4788309066455,0.004406407047455181,1.0046294527813446,0.013513513513513514,0
40.49449881057501,240.60931264529597,241.37533032443642,0.0035811152638661747,0.9992458489184001,0.0198744769874477,0
38.8843169591364,240.41779302733786,241.2597433944768,0.0032837293110895226,1.043045624787198,0.02158421527554392,0
43.426692643771666,240.3160235101097,241.18039949545297,0.0027794495993084664,1.0395756721643583,0.018383094983425392,0
47.096533325044255,240.2859058108614,241.1314714782253,0.0029085592489116988,0.9910777446835979,0.015625,0
44.02126613631765,240.1967183249531,241.05779369489318,0.002683923849419408,1.227888903655643,0.018383094983425392,0
39.72373176152286,240.0207442493343,240.94604450732498,0.002874325069397813,1.3990594574429012,0.022655732151058358,0
52.85772819892394,240.1140531030764,240.94826666245652,0.004846650889681771,1.3778221301725408,0.011410788381742738,0
51.26874732068657,240.1651180588781,240.936006452513,0.004846650889681771,1.5406812302353317,0.012881804205858792,0
56.319090900287925,240.3304116162264,240.97555553046914,0.005083224332839366,1.5333720327751015,0.0076478137668217275,0
47.24889087240039,240.2751139529162,240.92536610279203,0.005911986781196484,1.5620416181263352,0.016684045881126174,0
45.951461772420046,240.19174140337645,240.86300676544326,0.005561243039962721,1.5718929821293781,0.018170452023472276,0
42.53723365378233,240.02581095202748,240.76452361183468,0.00569207532408486,1.5582821315354511,0.0222268950286807,0
42.77823166688859,239.88045597327846,240.67224811681444,0.005583872677809628,1.5388077310907164,0.01928723733130241,0
40.75359930106365,239.6965573463814,240.5614907491025,0.005503597997889391,1.4568954694537293,0.02164324110663319,0
40.19488814539153,239.51589278609984,240.44930195286676,0.0054644710468316855,0.8421242946203751,0.022287649216742242,0
42.18656078577638,239.3857808910489,240.35602134174343,0.005348416134507097,0.33341582478815,0.02078527118998311,0
40.525485778522814,239.2299637530815,240.25044056478436,0.003628000991301792,0.3280599212249402,0.022502654483767086,0
40.10035633959678,239.079465543917,240.14522226471803,0.0036394463013443915,0.31281903870579586,0.02293293644857053,0
42.06383656720245,238.97188100834958,240.05651040897433,0.0030270209632601622,0.2353267215911231,0.02164324110663319,0
40.8617969694201,238.8507327921032,239.96139441323695,0.0016381535493369397,0.20140616052133278,0.022717750208676942,0
40.61181797909055,238.73636269803512,239.8682062298583,0.0016347227090049922,0.19596504134085832,0.02293293644857053,0
41.00052188213825,238.63765025864862,239.78088719817939,0.0011888999488705015,0.2191173717906316,0.022717750208676942,0
45.245649712831316,238.60072748427632,239.71929974963584,0.0014495743024468307,0.20899471276591197,0.020356793718848375,0
43.4108601940748,238.5387475248519,239.64819298162203,0.0013032821266065976,0.2139978325705534,0.02164324110663319,0
41.594387641460834,238.4540973742669,239.56796516603887,0.0013515561984386256,0.23883909717986015,0.02293293644857053,0
39.51694289136242,238.3441754663872,239.4769913519746,0.001299970370175493,0.2650894310246687,0.024441647607112614,0
40.43230676158811,238.25424736999838,239.39375227994492,0.001230328889993677,0.27690038623497354,0.024010161556771888,0
35.25977071024491,238.08716603513278,239.2778801818168,0.001689644110911611,0.3419774873129343,0.027907002551863107,0
34.99192513693336,237.93123659360876,239.16473913108007,0.0015812197057099814,0.3765999326705736,0.021991951851792337,0
33.09680842235838,237.75682501075138,239.04221914279,0.0015996120670063944,0.6855668479185437,0.016518398118018102,0
30.787930767001342,237.55616539422155,238.9067100905548,0.0016344959925649347,0.8744960348508263,0.015913431347879807,0
27.77406491231217,237.31271115391766,238.75076297644543,0.0016904363385465985,1.0017787228683945,0.016170225752160903,0
36.34329887991157,237.17149553768112,238.6342545327458,0.001985185333464609,1.0402470574051128,0.012169762519204508,0
35.257791126783914,237.0246820083552,238.51449647817907,0.0019839067954228145,1.110166421935893,0.01218009191407883,0
36.78282184634652,236.9061371720086,238.40556201638904,0.002043636093721678,1.4626876406940712,0.011536183029881159,0
35.23356666740307,236.77412091136688,238.29068114897987,0.002033180061043736,1.915236555213604,0.012652834890796194,0
34.748573817850925,236.64705887147062,238.17725657597558,0.0019983750642456628,1.9054492591498164,0.012996931391704726,0
33.03465819025057,236.50543140122124,238.05727298780042,0.001719486868129938,1.8865294196583424,0.01420307997056214,0
24.18112535281452,236.19347884000896,237.8654178154331,0.002952727973802017,2.004055180777685,0.021952623889586634,0
23.24268897034635,235.88552348087327,237.67056023434571,0.00295310746950752,1.5181077647792538,0.02313701594398002,0
37.628558648400436,235.74880440566773,237.5426947072817,0.0038154686088289367,1.2455796154836078,0.016634716169923493,0
34.540453942423284,235.5622481724109,237.39377432993436,0.003819238941404544,0.9229469759855535,0.019504739074960607,0
31.388073024894737,235.32203016710974,237.22108179155632,0.003616092672176243,0.9343188380812826,0.022571274962090382,0
27.62328957424245,235.00564246377436,237.01408080572153,0.0037567601800334843,0.9770786125152519,0.025215543549636316,0
25.413784591533073,234.6527205108162,236.78763164100042,0.0036982361000753266,1.0197819652010685,0.027885848954350756,0
20.889488586275164,234.16578922292177,236.50052636387994,0.004091774959360321,1.242824162688771,0.03554937658265735,0
31.93668858595842,233.8671398029322,236.28390510191883,0.004978028297803026,1.2674997665660308,0.028870701658606536,0
29.633689825817655,233.52359933410906,236.0454621791952,0.0049912160031074715,1.1756757534538296,0.02883696494421357,0
27.017836957024613,233.12134907999558,235.77855635458914,0.004588641090400027,1.086688500053859,0.03183603556302635,0
27.448881931796166,232.76312300775888,235.5246750178943,0.004628659699761874,1.0741504491017966,0.03117367403844382,0
37.631129796818115,232.58568106064172,235.34181101248316,0.004690053582466787,0.9648841090302244,0.02429623542071899,0
59.122720710483925,2398.44714791959,2394.9568980719046,0.006432034733686034,2.3638088896287663,0.00999630786530007,0
59.68769723014851,2399.74078245424,2395.6890491597533,0.0019575804732947615,1.874834700525733,0.009535655058043118,0
61.310516540765846,2401.20653366634,2396.5198147298797,0.0018253580054045826,1.355997841475415,0.00823978366903384,0
58.37179008988181,2402.1886578150124,2397.1586566755177,0.0018962236212338949,1.2035612430674678,0.009744972009122952,0
56.273860268510674,2402.8288820630482,2397.6576598229567,0.0018643807911321547,1.0824107860721133,0.010834861851609439,0
55.20567932674702,2403.2839640346488,2398.078830342242,0.0017387034788466612,0.9384728071781725,0.011380586988023156,0
64.39018322536589,2405.2595926596923,2399.1734314251134,0.0026866351869989395,0.981321608845445,0.004537953795379538,0
57.22470822291624,2406.1597762909037,2399.8271173017442,0.002962376079741109,0.8734898674980514,0.008406861820771234,0
59.17134894048257,2407.326795022422,2400.6068049149653,0.0028088742813813846,0.7149236884722973,0.006864082999739747,0
66.34798737556648,2409.9173150034812,2402.0257225779173,0.0034313296427629313,0.8084765092581432,0.0017251801897206819,0
70.66001997173454,2413.452203913782,2403.9035690599585,0.0036115439012759498,0.9338765117759389,0.0012259910093992644,0
72.2528287569389,2417.1454949061217,2405.915020729062,0.0035968307787016,0.9294043414486245,0.0015496488474804045,0
62.853968637063915,2419.2188819210023,2407.2854443619544,0.004242296941426079,0.9291186045576947,0.007011397901085254,0
47.99225670041171,2418.2926522154185,2407.377238552673,0.005914244342237753,1.0937697265080228,0.01929860967005603,0
44.52177387761744,2416.5970838694957,2407.0928099585503,0.006023388418540498,1.1327567231989164,0.023120183295146843,1
43.28575178940313,2414.748721977212,2406.684536083724,0.006032355769537799,1.1563702987010314,0.02452863758794109,1
64.90597531679036,2419.555991541709,2409.094491464835,0.010838454504723437,1.4438403938865527,0.02750285987791582,0
61.10611421583652,2422.923593458124,2410.977278021278,0.010858495646128914,1.6535875675079907,0.0318139642197574,0
60.40365208404065,2425.789179641178,2412.701325277141,0.01088702249506004,1.7196759111580981,0.03261312678353037,0
60.09038616958252,2428.305417964184,2414.3188883972152,0.010740609110515062,1.6796765875147739,0.032950024646037405,0
59.30382568443468,2430.4008429722567,2415.7898482798146,0.010636215555495035,1.5784164873321627,0.03375094866909336,0
60.103063446002274,2432.5537927431983,2417.3085213749405,0.010620389439163845,1.656656226807877,0.03261312678353037,0
66.9184902685196,2437.007031888449,2419.8345709391438,0.010913457695736425,1.8812856854357523,0.021659319208764995,0
60.0695281588279,2439.4831637735083,2421.5907973131575,0.010264488123727024,1.8166304977826901,0.028420625253755584,0
60.52331462038132,2441.885298961494,2423.342159118173,0.010071584274259224,1.8044647720571354,0.027711303680454415,0
66.17324100183464,2446.268527684791,2425.9612017141008,0.010165392992757231,1.826665046839988,0.018127778217187526,0
64.12833545054661,2449.776937552643,2428.2761363355185,0.005431618504081605,1.4647440519105983,0.020095807813325588,0
65.2370322975353,2453.389250542024,2430.6805204964235,0.0051528949912354426,1.0766892743851453,0.01820961117388197,0
64.35232926870961,2456.476455174656,2432.9079709587168,0.0051524308460692185,1.0011809572857515,0.018987830977848102,0
64.83885301508946,2459.441012942144,2435.115510264779,0.005125302987396264,0.9533600092067174,0.018250482618377677,0
65.0102327803881,2462.180294964767,2437.255703008507,0.005086310935318574,0.9195234438461846,0.018005003499427522,0
64.39051673250687,2464.553872548934,2439.263057331803,0.00512463425117483,0.9056398744309594,0.018455188991791827,0
62.579719409327765,2466.4060704006624,2441.062820343637,0.003971912454263237,0.6424831645677522,0.019726247987117553,0
63.08457005229066,2468.2151708930437,2442.8446897905787,0.0031829181967956348,0.5294346143027445,0.019151886829706064,0
64.3070605656207,2470.166262489136,2444.685781341956,0.0031844049370936844,0.5129886238792217,0.017800478039654826,0
64.3070605656207,2471.9315067853086,2446.4513032953814,0.0011613394669651896,0.4811112280332527,0.017800478039654826,0
60.1751708361601,2472.966675578672,2447.908038757233,0.0012492613456914798,0.43258698980593324,0.004108245114901359,0
61.13238005219691,2474.1032424570167,2449.389272958635,0.0011158111783407267,0.46009711880867593,0.003259727946630773,0
61.88417677243881,2475.283950971406,2450.874039585918,0.001113253590163706,0.4433743829830543,0.0026141162276291977,0
62.27706824681786,2476.428398193259,2452.330255897639,0.0010924019100359117,0.5360946893683064,0.0022916218630560856,0
62.01887119265507,2477.4352627446137,2453.7152064311167,0.0010890901266835406,0.6963805879000081,0.006071611441998391,0
40.26778913398588,2474.888938870993,2453.594844196632,0.004739161886280314,0.7202075929280991,0.020973659570114444,0
44.484506147082996,2473.280409219582,2453.7705647781368,0.004944522935541222,0.7278004412181566,0.017941455515154598,0
42.240949944665225,2471.339343839496,2453.735857662725,0.004919747055301425,0.7590544229640137,0.020057971083732005,0
42.54687709094728,2469.6307740551415,2453.7224741766563,0.004865471256182721,0.7365478808695577,0.019850084475008075,0
51.27412571103014,2469.580232066119,2454.3346936783264,0.005457362856489565,0.7252709444348874,0.013365193266698532,0
55.66281705036415,2470.4392880999553,2455.3001806262805,0.005607769961558015,0.8113537425934136,0.009481158345076103,0
57.10792975447678,2471.530799560078,2456.357940829761,0.005619488367946685,0.8854366820142842,0.008139004837956683,0
54.443992225083086,2472.0802629795244,2457.1902633840996,0.005637893759949633,0.851787248444456,0.010010918475481622,0
53.68181640298331,2472.4535780955257,2457.937442305902,0.005632935982418527,0.6715553840216133,0.010541234917710016,0
53.31082185095546,2472.7341850486655,2458.630751661507,0.005632298510090041,0.3558874113847057,0.010786214900961986,0
51.214841761095215,2472.673794868977,2459.1652626345503,0.002762211443463403,0.30111412869148685,0.012135430935196522,0
43.13420191017975,2471.228651970809,2459.0992100635704,0.003371426893129784,0.35091868291795525,0.018148564661749744,0
39.671473476116994,2469.2068508118527,2458.7384523645583,0.003450961955582207,0.36047881741738524,0.021265345982142858,0
38.0066475635736,2467.015693214024,2458.241550984459,0.003477580602515889,0.39393828135039377,0.022851830430948832,0
35.47523716447621,2464.4617873953466,2457.5268576926214,0.0026026506942222363,0.43507508069420403,0.02536683375255714,0
48.0260644310014,2464.0749376882213,2457.640624152689,0.003698679744501055,0.4202433003182535,0.016948543719570486,0
43.92639904332249,2462.8677815502906,2457.3935992467673,0.00372604562275427,0.4120660041712673,0.02068213972923236,0
37.136474871324005,2460.0708291898777,2456.448172006118,0.0041961208215437265,0.4809001027221366,0.02818989014023012,0
42.239502006281256,2458.445025002931,2455.9162392752883,0.00456053398828361,0.5181660616763138,0.024191607718481375,0
44.68290577259942,2457.4312115811754,2455.5953178852756,0.004671171597486354,0.5363636363636364,0.015156406886006238,0
48.02327582643605,477.5119554561996,480.88362660231337,0.005684876984760601,1.0650341082647816,0.007216844043776783,0
49.87983330846628,477.6205824683869,480.7876724372602,0.0028654976378145167,0.9645346568177565,0.005954259145215792,0
45.108207112007086,477.5613598081783,480.62556538506465,0.003220667398468623,0.8630593980286297,0.009433962264150943,0
40.10065755306171,477.3169743660435,480.3856586635452,0.0033338734273858153,0.8419378246089301,0.01368421052631579,0
40.279106765363686,477.1007134672132,480.15889255768656,0.0029650925850046783,0.8291145407052601,0.013577544201184625,0
41.40735373380426,476.9337297409062,479.95518384569397,0.00264365021561095,0.8021774376318405,0.012937822273100188,0
39.15064372942843,476.70163195203406,479.72482193596545,0.0026893642525609184,0.7854333216869448,0.014752370916754479,0
38.8821478219547,476.48215968306204,479.50064002387774,0.0026785208910722526,0.7880790100691513,0.014966286245494492,0
37.76652514804408,476.2455014303409,479.2697225345671,0.002268910824734455,0.7520570197546971,0.015400818128626054,0
44.22898971562044,476.17443008072274,479.1119054307117,0.002552611832863204,0.7771228897402432,0.0103049293301459,0
37.75505663922249,475.89089514366793,478.8650614894939,0.002549166424240178,0.9115096968780985,0.013207945559531267,0
40.990442313331314,475.7106620592759,478.662441010994,0.00259557747201034,0.8480280572724748,0.011497916048589135,0
44.11849977495169,475.6238667648529,478.50196757856645,0.002559329899229754,0.8462863407731451,0.009793648975597893,0
44.11849977495169,475.54534938149874,478.34851907962695,0.00219758185575672,0.9147095678692371,0.009793648975597893,0
44.755427169754455,475.4886161381376,478.20796374997155,0.002200137656942887,1.4520485937595113,0.009474681301910242,0
44.755427169754455,475.4372923163744,478.07350954122217,0.0021884260905128635,1.7571658621883626,0.009474681301910242,0
61.5327868608049,475.86252297624037,478.1487332373003,0.003881861585904015,1.7879758957654084,0.0027089358763928055,0
58.07916327315209,476.16146481369293,478.18372372392633,0.003980608424064116,1.829867088371961,0.004592927363322025,0
59.572452667431335,476.4843127116576,478.23977682349016,0.003929160507103089,1.8778553727246756,0.003440776678269562,0
57.179576712014125,476.7192277559252,478.2688626596924,0.0039284335898510684,1.9395730039497872,0.00469777626611149,0
51.43186578582351,476.7840842386005,478.2333420961915,0.0037025033980112223,1.8332197295150119,0.007959820609823554,0
52.590751281774736,476.87610395927857,478.21361525813,0.003691869734653928,1.9428146887434388,0.007221375629578755,0
54.75011087797966,477.0212759343152,478.2212098714188,0.003684515502519197,2.069477501631156,0.005852881158591193,0
62.05248307454137,477.3955336609093,478.332233779568,0.003938858444002184,2.013584331681468,0.0011435446075672424,0
51.66504485508584,477.4531147413278,478.31873637820917,0.004591002461367366,1.3952555578972674,0.007322175732217573,0
51.66504485508584,477.50520957640106,478.30580556449587,0.004591002461367366,0.8947288370975698,0.007322175732217573,0
54.64957651046455,477.6475965959224,478.3339302719521,0.0031506335630998657,0.8369205855459289,0.005219206680584551,0
56.10888194993307,477.8240451489121,478.38111134897235,0.0031114227045670605,0.7876799978408728,0.004171011470281543,0
55.15325002180695,477.9598706964146,478.41622424790296,0.003094192293165142,0.7547252148218918,0.004694835680751174,0
53.580837220032684,478.0446569754241,478.43373299284207,0.0030791180294279193,0.7375812536198031,0.005534079278912051,0
54.28261306075493,478.1404144965569,478.4585783906457,0.002863872333788956,0.6918954880695989,0.005114314308447646,0
51.55444598706423,478.1651390841713,478.45621905137665,0.002908616868840294,0.5455781519526544,0.006479945951225076,0
51.12867441421705,478.17798310616854,478.4499338824893,0.0028776061672006804,0.26197789015713147,0.006690387390133844,0
43.9051352606623,478.0133995185167,478.36955873895226,0.002410551755992271,0.23930075752186955,0.010599197530872104,0
46.332679467172916,477.91687735634804,478.3145708717491,0.001644956450145563,0.2231277851133717,0.009433962264150943,0
47.006235964747084,477.84383541221445,478.26785668347225,0.0016523671709330258,0.264585989321789,0.009116642898793246,0
40.44598843114629,477.6063119002135,478.15091904642566,0.0017924192777711173,0.3491183694510826,0.012937822273100188,0
39.29751595751156,477.3580766291729,478.02474943492456,0.001677743255681451,0.413225597381361,0.01368421052631579,0
35.289420934163346,477.00967037903615,477.85172060957746,0.0017603847507466656,0.4510532470040591,0.01646609160220953,0
31.796801803786607,476.57063172380856,477.63377487432376,0.0018233008125551982,0.5368090379592508,0.019263349324914858,0
33.16665836841837,476.19722083308466,477.4346880248906,0.0018356453341985292,0.6082908337344032,0.018724227690255456,0
17.740715939213132,474.90219524916915,476.842520758637,0.006561901634851056,0.7393049787291053,0.04085601739541512,0
17.609078521222884,473.7162293456227,476.26840713249294,0.006555906000047627,0.8074432197508075,0.041193615072152676,0
18.691989243619346,472.66703082286216,475.7275317828353,0.006664146385473967,0.8351640135565369,0.03933430129521954,0
22.21518016907632,471.79395392802655,475.24042236075445,0.006705375586022429,1.0705378722981247,0.03516717970435545,0
21.585617951536037,470.9564116445901,474.75310224345054,0.006646620380369289,1.2951431425261144,0.036285070827146326,0
20.580663832243573,470.1224482449862,474.2536321090286,0.006651177772972901,1.2301556370430602,0.03807869995912942,0
22.75900438641662,469.4107700239827,473.792203720898,0.0067310890475809635,1.1905981741736322,0.03674483999626652,0
22.10603172819164,468.7240173005654,473.3314839857139,0.0067504955538475004,1.1583233708613285,0.037429656720172566,0
23.67814586766933,468.13124290564593,472.9012250888868,0.0068181050880670715,1.0236286626181674,0.036756756756756756,0
24.76837625429353,467.6139742787947,472.4962079083647,0.006814035577334923,0.9822645664750138,0.03609246001485052,0
23.85114918236569,467.09835112297793,472.08761868769193,0.0011121418818686476,0.7978911605029808,0.036347873970725045,0
18.416183582862928,466.2794494461974,471.5486663751885,0.0027465155433689025,0.9257240418459219,0.04471101417666303,0
17.76805387260454,465.4861599859548,471.0095185642143,0.002703118923004381,0.925940456125281,0.04596568890023834,0
16.153906611448562,464.63032573463687,470.43450567484774,0.0025892155809916374,0.8963824559929057,0.04928806133625411,0
13.285472078948985,463.5512351037931,469.7557451926144,0.0031053952007158237,0.9758729470204708,0.053386306769732106,0
22.335693811742274,462.76063410748446,469.1813485223251,0.0037137782259000825,0.9950182252976577,0.04601869787376441,0
20.50388887086541,461.8977106486265,468.56855471995704,0.0036462168381070164,0.9971586694905016,0.04760849681458914,0
19.294503039918737,461.0122083974831,467.93670764243245,0.0036320498086887306,1.0218415966475216,0.047503313544106904,0
18.093001375274653,460.1015169231602,467.2845883119151,0.0035024543279122797,1.0589503145214951,0.047181276369532475,1
21.743753136057137,459.3537488580068,466.6901073160911,0.0036459173086009155,1.1101076729415567,0.040353786622443336,1
36.70133098781476,505.47398970630724,508.8903720547747,0.0030037053736821154,1.7390112573371184,0.0215685058828768,0
32.23306507656582,505.05648819378473,508.55570733646124,0.0031980641662378365,1.6106725757391662,0.025543839861583813,0
29.734015229908707,504.55962962071567,508.18311557000186,0.0032394786791914956,1.5564993385782915,0.02810846881861838,0
29.342007785822815,504.09118957829924,507.8192137921547,0.0024019473540973584,1.5015426829268292,0.02651862439594709,0
28.630669702359597,503.63412926004264,507.4571465373286,0.002347111911691185,1.4711141271112549,0.026437036911173613,0
30.698544090959757,503.2588903486964,507.128547420207,0.002309194271765462,1.3821966225179139,0.024314575944918124,0
27.57919511377858,502.781206916927,506.75362345848777,0.002461790907789069,1.2836016181345742,0.02428500974112519,0
22.91082155630292,502.0916753614583,506.2819364017027,0.002470965370594368,1.2308915314489697,0.029462226744348598,0
22.530531978183603,501.44413083644054,505.8209129590744,0.002065864385300069,1.566638680346287,0.029477097644545685,0
38.21391376892175,501.19682353649023,505.52908025226316,0.003457124419704176,1.5552907858506633,0.022150922437145934,0
37.52255512530698,500.94451520665814,505.23767669952724,0.0034049165399777505,1.4884456688822938,0.015244220819581395,0
40.79091017650946,500.79729718636014,504.99454840907543,0.003317876684540046,1.4972464883655359,0.011914321745595712,0
40.25732500115432,500.64506183153844,504.7538026806022,0.003231379351048062,1.5407130094443973,0.010516826665906987,0
34.855600082420196,500.29767984104785,504.43240455005594,0.0035059924669020165,1.704617718125191,0.014989964199258049,0
27.820458470021805,499.61653405752634,503.96578700059405,0.004186840135754621,1.683779026694873,0.02291395812714707,0
53.018773487124385,499.90559387144356,503.9114848053775,0.007742958614258276,1.6972663443885632,0.006664689434385081,0
51.00044242765322,500.07180986424584,503.8183453791766,0.007702178413598465,1.7205562400684977,0.00867139670376085,0
48.325820629972306,500.09355087741085,503.6737267361612,0.007506948779328895,1.6836377597815808,0.011393188778949154,0
47.335681942388625,500.06558110258214,503.5148005961953,0.007519440902300121,1.2250477595406042,0.012404986711603262,0
46.81915256283032,500.01645888579174,503.35243203720825,0.007196760128978709,0.9929534851850923,0.012911645209977193,0
41.28799535674335,499.7005015345817,503.08047186207193,0.007434072326944096,1.006376777509116,0.01872355056253228,0
38.77789065443966,499.27651641656644,502.76088362097863,0.007436070441253575,0.9806949864259303,0.02170620898536093,0
38.690563344798036,498.88817198768425,502.4527909392065,0.007438503730691775,0.8757729547059717,0.021809344763209604,0
42.720067738014805,498.6749595483708,502.21669864425655,0.007402616744031235,0.532816662873026,0.018826147625936398,0
46.86970681932435,498.6344781710849,502.0555466875207,0.006932518760422282,0.5086275701795263,0.015554440541896638,0
47.25547098195026,498.6121418227945,501.90724459403,0.0026961734079879607,0.46076187767645416,0.015248808580631955,0
47.39264323220975,498.59669808406017,501.76717771288037,0.002678584841599301,0.42524619050937795,0.015146930701313458,0
43.6078190911286,498.43508048063194,501.57024354248784,0.0027172479227277227,0.40840275673837245,0.018313556480766158,0
46.99028650222614,498.3983994979899,501.4279855164491,0.0028714292764438166,0.40449156760633487,0.01596227768674485,0
56.61598143113627,498.7414555123988,501.45107374746743,0.003881555028135154,0.46115627098874795,0.00796812749003984,0
52.94632942758337,498.9184820139238,501.41676145624075,0.0034493740038087925,0.4276275821467268,0.01078704320943965,0
51.53311543496911,499.0262564127321,501.3617181752193,0.0032756464786639983,0.4341979200646016,0.011898834821079288,0
46.878288289222425,498.9427944713133,501.232510808414,0.0036024936933639084,0.4290079983902611,0.015758318176647128,0
46.285857043638856,498.84347112049966,501.0985798008036,0.003518507352531178,0.4187417298207627,0.016268339431230548,0
51.2005765536123,498.9298142911041,501.04443423925125,0.0035678795834617775,0.41843444873499386,0.01250625312656328,0
48.366809518715456,498.9031627505494,500.94838705699925,0.0036549692943602385,0.4528349525346622,0.00832245853259928,0
46.35734298810416,498.80285537802075,500.8242143697961,0.003692240630707138,0.4907315469675045,0.009942716940378822,0
45.46730309616251,498.67876637015365,500.69110563885,0.003551040559015277,0.5264404131287722,0.00964821666928392,0
46.572003489406654,498.59983247959286,500.5774358158322,0.003476514262645148,0.7326947549301712,0.008938398382841158,0
36.548523839627705,498.1093489986616,500.2925001136896,0.003243808494282146,0.745540196695957,0.01793489789645484,0
37.697132238765114,497.69891516693804,500.0331440487689,0.0033028145617941787,0.8114328079027082,0.017213447165097383,0
34.79025888345055,497.18471066152654,499.7244537766229,0.0033423300218212246,0.8219232894461063,0.020312817891446684,0
32.28775257360864,496.58614414740094,499.3724482424671,0.003284191735682027,0.8855740308330025,0.02322264012675519,0
37.63640109788449,496.19221368405016,499.096499979484,0.0035922515606743276,1.1212124386087476,0.020001980590461363,0
39.13939018658677,495.8786594826095,498.84964913905134,0.0032702524586873706,1.1378485491405592,0.019070793290491498,0
35.927438310475495,495.44734738761093,498.55107064101423,0.0033101229000704227,1.1241762884163116,0.022285502296597565,0
34.17378389395604,494.9713989494572,498.2287407020715,0.003311937966983619,1.0796298341723594,0.02416143397083927,0
34.36541217545603,494.54554191489603,497.9214008575233,0.003342867680974597,1.0345718134671626,0.02405705972062946,0
32.82157289133201,494.08881440387427,497.5966369304731,0.0032594688019316415,0.7648039678848109,0.025625294115301175,0
33.88774164829046,493.69939638539057,497.2948758209509,0.0020971816846420068,0.7580785107669656,0.025,0
33.31828142235261,493.32325717155027,496.9953227807603,0.0020408706648752523,0.649457477679885,0.02358343602443849,0
24.995252848696637,492.544839490128,496.5252585125752,0.0033665291110576254,0.712970046602095,0.03143357763960699,0
25.64747326297403,491.85484426686077,496.0800086309098,0.003369844102713158,0.6946660325836835,0.030496638538677713,0
31.229220297994544,491.3543773552835,495.70415359794316,0.00330475936255522,0.7551822236178557,0.027743526162488603,0
23.487683416683026,490.3968058256232,495.13331584328046,0.004397871120587798,0.8391681033647793,0.03885313251882953,0
29.358813644387453,489.6875802698613,494.6506909390758,0.004746584703546833,0.8778564020798205,0.03437203678715597,0
26.445050977762165,488.83637442186506,494.10025313087607,0.004831556266609153,0.9442126272009124,0.03910553883092824,0
23.891504034118967,487.8567105062442,493.48473092851714,0.0048335124054009,1.0605591177444893,0.04189743772226561,0
23.126343294559973,486.9036839573631,492.86609266489893,0.004834966483831651,1.1634525466050085,0.039028970719410784,0
51.42676411049689,881.0462182300181,881.2873043634876,0.005963083428770177,0.5238599803494711,0.013779443622412815,0
53.00003087075618,881.2088460609779,881.3501400025622,0.003322262187942573,0.42654513550399686,0.01263101038126593,0
53.00003087075618,881.3559195616153,881.4100520412694,0.0020380431816432753,0.2839750014739697,0.01263101038126593,0
46.91941067638712,881.1597582129929,881.3200666688925,0.0023743213271908165,0.28870131029489077,0.016604158789697752,0
48.843054498982305,881.0825083867855,881.2788377808022,0.0022349455991007125,0.27146974063400575,0.015391661502695502,0
45.38484358130219,880.8171095731881,881.1526510429734,0.002352007888632851,0.29896294205980467,0.017761626822168374,0
44.55621414482682,880.529375367464,881.0110745295517,0.002202094215259918,0.29433802646685603,0.018341349789231236,0
42.38921451765483,880.145155028256,880.8211526567501,0.0016658230095880713,0.2441667161432049,0.01985171068347119,0
41.634344819225696,879.7547066904165,880.6208586170294,0.0016642320630386573,0.2271559814284303,0.020375591427223595,0
39.93256180448443,879.3061888096894,880.3876375533188,0.001531955965775148,0.2510190946148895,0.021541668343584446,0
38.24889545670499,878.805144004383,880.123016663578,0.0015322863199022266,0.27191006776667626,0.018248398180641858,0
44.31698454170244,878.5806616107358,879.9700430738043,0.0018241470566658638,0.2858681022880215,0.00861428226118311,0
52.12728060039015,878.7302357357669,879.9775207626755,0.00240415720197243,0.4684348679986403,0.0037493469311276027,0
51.80995767174759,878.8512469169069,879.9784525357874,0.002042942225236185,0.5005156282226764,0.003920468417080966,0
51.80995767174759,878.9607184752441,879.9793436950667,0.002005230565958462,0.6344178767372998,0.003920468417080966,0
52.035618728177774,879.0692788208244,879.984322119461,0.0018369054519528547,0.7139055462154654,0.005567577036688642,0
58.15657053794623,879.4438194731098,880.1085227104498,0.002049772538574618,0.7728659382106606,0.0077010054280506795,0
51.77702808215661,879.5349276023056,880.1205046025061,0.00225613989539155,0.8440382891350241,0.010676923123851864,0
48.68035403660956,879.483961369223,880.0745341657002,0.00233147546150152,1.069621683336703,0.012286675532387657,0
51.15227639139207,879.5426510056774,880.0755760526562,0.002285013732601879,1.2318526543878656,0.0110214890081929,0
46.94601041022296,879.4147380194174,879.9989003940301,0.0023901942706035756,1.6044499803777708,0.013208808272258215,0
38.436434399493365,878.8464975732919,879.7316179500515,0.002872315745372214,1.7001956104301634,0.01871884522003088,0
53.8115237947255,879.1040430856683,879.8057134359666,0.0039903021392313194,1.6588657328322516,0.009358516379376895,0
50.07074979465164,879.1227090931582,879.7851375090833,0.004082643230669879,1.6536647462993488,0.011941317122447438,0
48.61501062230521,879.0538666085844,879.7288656050185,0.004093450030599113,1.4104910426601367,0.012978100025111686,0
51.40453017478831,879.148754463012,879.7418932086291,0.004144965496648312,1.2665130324221234,0.011078916124357338,0
55.71923713327166,879.4965545446968,879.8657893552404,0.004130257214649192,1.1963072496203342,0.007929315922964893,0
54.11978937828463,879.7302558288702,879.9501204004019,0.004020157849562447,1.1285766691122523,0.008900703528869363,0
62.61733340694423,880.5370200096568,880.2835090536568,0.004502325654132629,1.198937849863643,0.003884273991911502,0
58.860461846596465,881.0764256244038,880.5223169782004,0.004619741710201647,1.0817921498520782,0.006149866996117842,0
58.016998876771716,881.5215824715098,880.733080227819,0.004534923745765329,1.0923229181394034,0.006661049296147333,0
61.2095864120116,882.1529326233378,881.0317785084004,0.0039795419090037955,1.1120119936360298,0.003940775661532012,0
61.407070143300835,882.7384251543466,881.3241778869109,0.0029592960345654405,0.7863792036933661,0.003771289729967355,0
58.620958165707954,883.1443262476431,881.5522843285923,0.0028412704309186397,0.6897818393585091,0.0052424176032271706,0
59.90197556155282,883.5925201141691,881.8051370180725,0.0027620790948326966,0.6617173129276728,0.0042800573662427075,0
55.747435482810225,883.8170598451118,881.9713986599163,0.002919856778898954,0.649776937394747,0.00643378534736027,0
62.273057729902966,884.4392841027844,882.3071838417458,0.003141398085091959,0.7656955099277979,0.0017409433039012733,0
58.17851440103383,884.8165203977233,882.5511543521337,0.003242707451011702,1.0026375718899165,0.005740629722856154,0
60.944037609771776,885.3435451162483,882.8631781367174,0.0024499272190877447,0.9934863712039276,0.0035379620378935546,0
53.517042993873,885.4584501366767,883.0105671170458,0.0027435560727076735,1.0650885478158205,0.007839391238764811,0
49.898093160654184,885.3624041048489,883.0680685580545,0.0028462462877810214,1.2948909066269143,0.01023233384370211,0
40.095429054193886,884.6040513382346,882.8418129346753,0.0035689819241733482,1.321672012830794,0.018349641141951464,0
51.92539471234752,884.698904762433,882.9518353644369,0.004896292400012678,1.4618587728429928,0.008920533685466314,0
50.86993542570376,884.7085320387457,883.0255080498572,0.004884612345531964,1.5216315077416445,0.00983274449260835,0
47.491263695834895,884.4696181801991,882.9926226883574,0.004933798844909001,1.6330778672883122,0.012808872859454135,0
50.4879170842073,884.4629900215483,883.0486546743339,0.004993181848083429,1.687965457978825,0.010289433892730232,0
54.07981746018448,884.7236652388992,883.2138314633853,0.004816995397154499,1.6237223826830232,0.007100978027825619,0
52.04666409763685,884.8261744393282,883.3166721349709,0.004794767954413492,1.4341724645941092,0.008692721057962935,0
59.33740453355099,885.5094097338947,883.6617820746839,0.005286141657442798,1.3635737971594821,0.0016816143497757848,0
58.18496800821829,886.0561426167166,883.9632087561741,0.005071173378054554,1.3131381892443839,0.0025245441795231417,0
57.30601601457283,886.4984232303666,884.2306790237784,0.004989111891317105,0.9750313545150501,0.003143581177270637,0
58.59205437494288,886.9985808877493,884.5290720989279,0.003949766344911316,0.9085461870385898,0.0019624334174376226,0
52.87459875047124,887.1177652749325,884.6766625445414,0.00323409982676617,1.0328711826931853,0.006923753913945961,0
50.021003972885545,887.0446415511474,884.7430046289998,0.003308099074703203,1.0462321671698338,0.009082246347221223,0
50.24931753020761,886.9927703520043,884.8126344365231,0.0031234110101276383,0.9975275564180104,0.008911477060420192,0
42.2194781605843,886.393454039343,884.6497185338419,0.003728133939696369,1.1834712222172532,0.015555821525083287,0
48.891758619973196,886.2702644969219,884.6675477558546,0.0039609713546301375,1.2235002836952598,0.010507342768785361,0
44.54796418213442,885.8302380178502,884.5481058960117,0.004113684720063569,1.2130963153399241,0.014461520611280589,0
44.059167637867546,885.3940216317625,884.417605709563,0.003181144535830686,1.1777592948278228,0.014922013519503546,1
41.19926487101143,884.7755415480406,884.1993617664638,0.0032100455015770107,1.171409254679116,0.01763568047495892,1
43.63053708574739,884.3540565115723,884.0471536126764,0.003347756010787043,1.1842573191194516,0.015959617445066278,1
57.18171886922794,322.0438854241272,324.86046712484716,0.0059580694890350745,1.311333590278197,0.0018456047131680954,0
56.20647560093131,322.311732708058,324.8600177319972,0.004043311119417381,1.2686636775518523,0.0026166110129139564,0
58.78056992400536,322.63507881543546,324.8959683139083,0.004019683285395234,1.0773590416407821,0.0,0
53.410953518973315,322.7987041140711,324.87268532011063,0.004303750502126746,1.2545071831494707,0.004316306058701198,0
53.024531586936746,322.9371515828331,324.84622118305236,0.0038799390663712486,1.1686305959329129,0.004626060138781804,0
55.12238459041086,323.11960102148294,324.84638151565326,0.0038417134728057187,1.202529158396934,0.002770490625133576,0
54.90226826414221,323.27985466327254,324.8444223980764,0.003670957936203555,1.1683091196486406,0.0029249145404426514,0
51.369092997908766,323.34852398799984,324.8088711602887,0.0037614338013583835,1.1718741724971902,0.005401234567901234,0
51.369092997908766,323.4106381121401,324.7749146576456,0.0037684156704415133,1.1771611079805593,0.005401234567901234,0
52.69309611931209,323.49542303612077,324.75503213800675,0.0027581405849697476,1.04658799167005,0.00447120648045454,0
49.77434622088904,323.51492539932576,324.71098105860256,0.002018305056432421,0.8335556755229148,0.0063329864555507764,0
51.69538554391267,323.57069311351523,324.6855351237426,0.0020794839695383502,0.8430511936825492,0.005091002361651844,0
51.94276561604875,323.6259055905529,324.6632849800921,0.0018366785092542959,0.824441403816457,0.004936005348272747,0
51.94276561604875,323.6758522985435,324.6420088654561,0.0013082215028355842,0.40486943889490995,0.004936005348272747,0
57.04641585828003,323.81633207640994,324.6630180927941,0.0016359511571478614,0.5878609208475961,0.0021528901127831723,0
51.722558877965774,323.8576564966923,324.6459730201054,0.0017877081127575976,0.7037479212044138,0.004934482971520817,0
57.21684732111446,324.00461885536146,324.6770273442653,0.002142325542538729,0.7595345282684222,0.004917044048945544,0
51.95653230524406,324.047056363566,324.6676961093677,0.0022088753827336637,0.8551520322917113,0.007859416541928206,0
51.420586581117064,324.07592046964703,324.65466238482503,0.002213207903813962,0.8772715094675743,0.008170167555472884,0
53.48722475526226,324.14014217347176,324.6585666879943,0.0022278786909626933,0.894706725528512,0.006928406466512702,0
51.71047758942821,324.169663442621,324.6500406907458,0.0021539294689070687,0.9245513045000876,0.007859416541928206,0
45.47415761295602,324.0868122111165,324.5949404313255,0.002420725553277101,0.9722147449841475,0.011444517001963583,0
45.47415761295602,324.0118561056913,324.54217330842704,0.0024183931069295663,0.9974360425895261,0.011444517001963583,0
45.80385051582707,323.94880721160274,324.49366885629826,0.0024207342702742256,1.063792483953682,0.011288058845175603,0
46.500380915339996,323.9012923155478,324.4512690356229,0.0021393317546796794,0.8689434084919422,0.010975383085459594,1
51.2254659574207,323.9249829666229,324.43904660678515,0.0021325302553445876,0.6897634389036187,0.008792244816224676,1
65.6814678483818,324.2417091496153,324.5529300345597,0.003598414716885569,0.6779453086478126,0.0016806349670550039,0
69.31477451726296,324.6378017744124,324.7085884930595,0.0034777516639407976,0.6422934770918253,0.0,0
69.61602901444351,325.0056852232842,324.8618042692007,0.0034532185943115905,0.6344812159021711,0.0009132048492199391,0
75.02811817696202,325.53378553345783,325.0913965243759,0.0037924482274148347,0.8136351566432678,0.0022689457803572594,0
76.35562663098275,326.0687280435481,325.3356595496878,0.003672637788103481,0.9165944200941416,0.003019779611750784,0
69.1028229244878,326.447937663101,325.52551694985215,0.003635407031209242,0.8755984878165434,0.00636269105040204,0
69.24587260563872,326.79578858286493,325.70954821988914,0.0036261026670630575,0.9258694197757502,0.006210202226793952,0
61.03251461109822,326.9819208413554,325.8317413793727,0.004095737492967763,1.1296590754343663,0.01034218675736692,0
62.45352844675049,327.1884209385006,325.96496942105347,0.00407234594072299,1.1062405853888253,0.009114385707518748,0
60.66670663061593,327.3466788970407,326.0806956887306,0.004153416122354712,1.1422802003926802,0.010034933044611158,0
57.70339881891124,327.44224028968966,326.1716420173237,0.0030899455015727527,1.0569775054234432,0.01157297920613032,0
54.277188361669424,327.4715525201629,326.2348428836582,0.002938220562726235,1.0385926950519728,0.013424847891638062,0
63.896272231190444,327.7361811204119,326.39548568871555,0.0038480881752223682,1.117446300047609,0.005753198778151022,0
57.629082707663166,327.8613117921482,326.5016057206413,0.0034706218099154573,1.0415334406395895,0.009421079527485297,0
57.37662114972211,327.9697631708977,326.6014089519493,0.0033826443874952683,1.1371016663456366,0.009574449533387158,0
46.42320881783427,327.82978002387347,326.597360933787,0.0039767733193443455,1.166244263888975,0.017304728626292114,0
48.942477829500824,327.76027518412667,326.61741132597695,0.004069169439749916,1.2073998396182577,0.015438666153282207,0
42.17892920729043,327.51643248389183,326.56090970966375,0.004250888893146483,1.2973251821478953,0.021371406606924038,0
38.280837589963646,327.1719993699131,326.45490653690706,0.004258069551881166,1.5239116020092103,0.02547082480846427,0
38.98152871415517,326.8746568176926,326.359161043013,0.00430463991815993,1.6742599694425824,0.024996162347306155,0
34.484231439151515,326.4532516856107,326.2036214038549,0.004443271456070304,1.8070762051886822,0.030082125359713694,0
38.08990802195563,326.1434124311122,326.0841803695105,0.004630861071012234,2.0628679020605585,0.027691773983350168,0
33.11735747398953,325.6821245685394,325.8940375536074,0.0035537444960488424,2.058736423142398,0.0337690834601179,0
35.96049845793287,325.3219150587699,325.7353822096066,0.0038158090704514982,1.9915213750283662,0.03184218761835753,0
45.52088261695675,325.21506539986524,325.674423651374,0.004815243458877454,1.9356045541430584,0.021899985560159443,0
56.10613867225707,325.44696682417754,325.7528212197817,0.005618466203669959,1.9393329376001778,0.009308769624181583,0
51.143097631935206,325.5043981706548,325.76460831916233,0.005821170171970906,1.920369121204849,0.014261691728739201,0
42.638658059745005,325.2373105195307,325.64310583333224,0.006429691253504997,1.8182669950801422,0.02479082645608183,0
44.70762539241909,325.06232604351686,325.55421120390184,0.006379437753269386,1.7153984086289138,0.02257272247470575,0
39.165525002366124,324.6611486907518,325.3678605552011,0.006823084894210875,1.6410271491216661,0.030699722350442233,0
44.669266186768894,324.4791328774288,325.26419884280904,0.006983909559568052,1.5201087643859872,0.024632105986154142,0
41.9784901979108,324.19540360638837,325.1152015163008,0.007040732908945801,1.0731707040335847,0.02861590111051711,0
39.711474617280324,323.8339333288779,324.92862913417235,0.00687322837738906,1.0026978829476774,0.030742841108473896,0
34.5112327704163,323.2354583017313,324.6367723051063,0.007330643016565256,1.0728673388230399,0.03967881148756453,0
37.00498074900053,322.7701743096809,324.38818797712224,0.006867347396587828,1.0247838725885046,0.037066083137224225,0
36.196562141450684,6923.70478319642,6942.91135513577,0.00313204682380926,1.07325680601877,0.02378354789439232,0
31.005538392336874,6915.61961911857,6938.447448739888,0.0032360170876437814,1.1246936473151186,0.029097821318906272,0
25.649311444334728,6903.727073430689,6932.13690534816,0.0036362096981965605,1.2779481512751112,0.036371668384626715,0
21.555583300515465,6888.296308014865,6924.028365409571,0.003649954892243977,1.363268376558246,0.043903886087214475,0
21.003028847399705,6873.624792884114,6915.973406545693,0.0035919648215139363,1.3520525697436014,0.04506644888261935,0
20.887704581333153,6860.211899093947,6908.222490126364,0.00362039935065354,1.3331671246848176,0.042774394772018415,0
19.048001654319563,6845.743572667454,6899.788593938325,0.003286643782119401,1.3973111737970394,0.04658269359767459,0
20.282496448601236,6833.038156562277,6891.9035101778745,0.0029360679647259173,1.5764620722362277,0.04595903165735568,0
19.914562663579957,6821.116557860379,6884.183220055026,0.0029801507348073217,1.505986617276868,0.04502087060226595,0
19.006900133927587,6809.284077172771,6876.3469102448125,0.00291591157591758,1.4774718853202333,0.0452441391667911,0
17.593785391679248,6796.864810886362,6868.106929029174,0.002797682052532566,1.4974849024086088,0.044842042221889505,0
24.015580751882325,6787.44138523341,6861.022301747386,0.0031892703717368793,1.6050879785769323,0.03993729471484025,0
23.395551586421718,6778.344978935399,6853.9999283004745,0.0026825389290184775,1.5603211179662528,0.038702928870292884,0
20.25172058560581,6766.923502632127,6845.896380394245,0.0022046304870746267,1.676306414874457,0.03792145378088158,0
16.537002114925144,6751.635786685576,6835.995433176528,0.0030250343939243808,1.7024504424005205,0.0460909710133959,0
48.02750389901951,6753.004559324137,6833.10675283252,0.008813126824269362,1.7470517360984337,0.021430682825894175,0
42.69771169305957,6749.573847625235,6828.324900164288,0.009072074084175609,1.703987434706208,0.028881941342861397,0
44.524319345600155,6747.756473023542,6824.303903444019,0.009090564659948019,1.5783585807499645,0.02681821558576629,0
44.41138694541212,6746.017053230331,6820.414426468669,0.009085842604315218,1.5538644164496507,0.023181514228397353,0
41.839929090991035,6742.299774298332,6815.769834678844,0.009143231320447207,1.566975694379675,0.02624124049500522,0
44.38311352481708,6740.508722770596,6811.997715504221,0.009108279321101297,1.488793387197943,0.022532906968096972,0
46.884379481374516,6740.46025837119,6809.059243383253,0.00909889704670244,1.2889506528921286,0.015281899109792284,0
48.39902785318443,6741.36905309434,6806.652679419764,0.009084730367649358,1.153483940709797,0.006074074074074074,0
49.3326131492203,6742.762820592775,6804.591827171868,0.008847061636129437,0.822712144696716,0.0041444641799881585,0
48.38978083746275,6743.452229716991,6802.373967798238,0.008292051872570021,0.7107458661642458,0.005037037037037037,0
46.94059244711792,6743.218636836871,6799.884087763507,0.003054724331436151,0.5352171000548078,0.006378875537754043,0
51.935586860877265,6745.769709160664,6798.673358920176,0.0022401128779040874,0.5541567780731964,0.00206794682422452,0
47.38054816578071,6745.45825678003,6796.400493490307,0.002656489633204659,0.5483904920620998,0.0061549870226177235,0
50.28342835218014,6746.795765789721,6794.909297470102,0.002752096878625169,0.590324363186947,0.0036245284414527703,0
51.717680807898475,6748.815490096376,6793.823157006186,0.0024112335609732336,0.5933504749660738,0.002364066193853428,0
51.4356828549315,6750.499935456317,6792.721575801578,0.002368226426822291,0.6035296654845203,0.0025862705977979755,0
52.99962466625463,6752.833533548223,6792.007885083649,0.0022954629448565834,0.6437038871883792,0.0015498154981549816,0
52.99962466625463,6754.944837284441,6791.323659460318,0.002274136629643903,0.6730252335020361,0.0015498154981549816,0
53.20523786475156,6756.950272804246,6790.707814678119,0.0022674907243763,0.6148507621626557,0.0014020070838252656,0
52.8318831019252,6758.621812590336,6790.05706992667,0.002238356299422977,0.6845881076744971,0.001623736069082589,0
47.99579790932423,6758.229229856832,6788.6307840783265,0.0024255273210588694,0.7535338044074081,0.004589532903989933,0
42.54372783031827,6755.397684385758,6786.220944502517,0.002258782160392966,0.763299524215669,0.008471427509846178,0
42.67857955245552,6752.88346636841,6783.929694162145,0.001908445474633811,0.7910641315097121,0.008396492792391142,0
39.3011384570702,6748.989588741819,6781.051852149414,0.0017717066366021552,0.8840947546531304,0.010950536352800954,0
32.80505676226029,6741.704503485353,6776.712233809222,0.002264480002327925,0.8906022275401695,0.0169351817159985,0
37.84668412582321,6736.8276645378,6773.268318017577,0.002599241671310431,0.9360769622463083,0.01419923772513265,0
43.89153962116586,6734.701133672427,6770.922418428545,0.002921180900094902,0.9636151775224644,0.010574130612852782,0
38.43953133958049,6729.681793095579,6767.3753250287755,0.0031489459240531498,0.9881024352932138,0.015489374438790782,0
38.817274917580214,6725.283380420454,6764.031812697228,0.0031531722900788256,1.1059732608918826,0.015261464801376525,0
37.101088173167376,6720.303860627071,6760.405369154782,0.0031273668807235916,1.0853529506951964,0.01685898396523303,0
41.355889355195956,6717.322459186426,6757.562552800323,0.0033046808446795385,1.087343573768731,0.014426670653311408,0
36.75398142812775,6712.005903201363,6753.74035635141,0.0033309807213783276,0.9853028085137334,0.018614426180289724,0
36.04711784128226,6706.767128695784,6749.893395089712,0.0033126176913945,0.9379190638166828,0.019302989334535076,0
33.864979685257154,6700.693946041751,6745.645026986083,0.0032945975791454874,0.7020004191798049,0.02145115158813789,0
36.38300683747901,6696.008722625686,6741.905305309329,0.002873044359706769,0.650857805437895,0.02014583176727054,0
37.4392518069953,6692.103065359659,6738.454917386203,0.002697013856596544,0.5479050547760907,0.01960931630353118,0
30.44113078228665,6684.283608721097,6733.357374943454,0.002918682630582778,0.5783269057689526,0.025794251134644477,0
27.998820670140276,6675.35171546182,6727.690943293167,0.0027385407998707463,0.5452641608218441,0.02882937561641757,0
24.859553471315877,6664.556181670719,6721.121770471349,0.0028200195948247337,0.6087599059738353,0.032764401097226455,0
20.336226003403695,6649.788762510611,6712.735189955046,0.003423061104081637,0.6692947309465339,0.041093786005069514,0
28.717042819229448,6639.427824031048,6705.9321353751675,0.0038672328944649188,0.643640314303277,0.0330989145390613,0
24.56457141748028,6625.577429344912,6697.540073383841,0.004145719099805743,0.695105392001791,0.03980597474591931,0
22.209801812769484,6609.998498596863,6688.216750497538,0.004151795352996879,0.7682019564407677,0.04495512225317239,0
21.184653820066387,6594.474716706374,6678.672232550871,0.0041473571530054034,0.7871085696116374,0.04505971769815418,0
55.40600291715185,177.69263989299378,178.37260644652238,0.007450369115679138,2.4098591329091166,0.001847094057373934,0
58.74279512231281,177.83842820003727,178.40900950321776,0.0053583594030786426,2.3928310969872624,0.0009485446255296346,0
61.35633203754374,178.0151253478518,178.46383419899936,0.005328950908263748,2.291990481991789,0.0,0
69.57137664119232,178.35239645197512,178.59544633055268,0.005157295435705228,1.795842616999689,0.002864248216579155,0
67.49449595513178,178.63358561305716,178.71039003877945,0.004952956328132816,1.8056720102612465,0.004247127741311265,0
67.49449595513178,178.8879104242945,178.82008835177987,0.0037088916169009003,0.6970317396082095,0.004247127741311265,0
68.32788269735457,179.13606472909203,178.93283381167706,0.0036386650950095334,0.7149761294792985,0.003195778354177931,0
67.8349752656138,179.3557562814074,179.03838874287322,0.0036331625069787594,0.7103238407836937,0.0034722490869451574,0
65.39643012709138,179.5315929839325,179.12913329941395,0.003402852335593484,0.6935779469538071,0.0048013818467396085,0
67.19550102335307,179.72306105393412,179.23006246261255,0.003403445636383737,0.7015872767157632,0.0029195442199370365,0
67.6746597340785,179.9048395468858,179.33026915161787,0.0034162267399114013,0.7283035743299389,0.0024225206715715233,0
67.73102074750275,180.07022852227215,179.42646498532855,0.0034068586952156975,0.6533665067052833,0.0023673636644749867,0
68.95584024565075,180.23985703258234,179.52715590374527,0.00337730604061824,0.6281803418142449,0.0024195060096216373,0
63.176321353814345,180.34851549928916,179.6039572130624,0.0013548353521944177,0.42705641802347594,0.005017027118883613,0
60.0619091030207,180.42108197417872,179.66624410378142,0.0013669915115786147,0.37974994265074813,0.006515336932276539,0
61.71789528798659,180.50769337457373,179.73490664397667,0.001429790483493607,0.5213598414584063,0.00694862678052513,0
67.8515345491239,180.67561601348322,179.8393145536224,0.0021684221092454054,0.5111919464194848,0.004005023922904231,0
67.23441927743971,180.8227665258486,179.93717034764052,0.0021683794541239284,0.5255114344689461,0.004280533278847628,0
65.43983792884023,180.94255198341085,180.02508332816157,0.0021252046062766377,0.5643287330791588,0.005052713970197259,0
58.799794220525094,180.9985199106945,180.08671321217508,0.0023242704880361777,0.5827739818589468,0.00809784184756341,0
53.680584574264046,181.00342470141118,180.12609384060318,0.002457654718116645,0.5794256293101243,0.01077048834782251,0
51.75959728600484,180.98976114468581,180.15604707685787,0.0024638840157681463,0.5815271580760388,0.011832353104205143,0
49.261658484373726,180.95358360622697,180.17454491313586,0.002412827427505992,0.5493570406594819,0.013232929414604386,0
47.48468561943362,180.90370549334506,180.18493804735698,0.0023242869094458286,0.6420384387071545,0.01424379221051599,0
41.64326059559496,180.7966619038446,180.1684868971035,0.002510565638415749,0.5330759096410707,0.01791078675362598,0
42.46422083125623,180.70648599032845,180.15556645220076,0.002452274581173507,0.5355122107755137,0.017514560965159735,0
42.281182438436026,180.62299604743993,180.1423764736306,0.0013254435622009582,0.5103907201687241,0.017627749189055995,0
36.88838060262826,180.48744990700078,180.10424626589074,0.001424940142924489,0.4652012982277004,0.021205374533881025,0
39.3988123722063,180.3829151685674,180.07538263837378,0.0016525107813971265,0.3749080902313489,0.02012375618838357,0
38.872981559779305,180.28262413049043,180.04529681927147,0.0015925772869564737,0.328214882167378,0.02046505398691061,0
37.26597325213402,180.17474137023316,180.00920110485785,0.0015117217148501916,0.2901046631069489,0.021490405998786793,0
43.16945592546633,180.11714126826715,179.9915137091023,0.0018547657124266224,0.3238039391313033,0.0191011446003246,0
42.96209123359804,180.0631226885322,179.97375177672546,0.001847413293211168,0.35687394957983193,0.019214686101941627,0
37.86972922333425,179.9647210085295,179.93582315003835,0.00198663015114623,0.44704167950145723,0.022175061429773175,0
41.731746942834725,179.90140933998455,179.9102949341722,0.0018301700164587505,0.4471361510931123,0.02063578854024963,0
44.48447242318794,179.86317703987592,179.89383694538225,0.001872950773994683,0.47554654250481976,0.019498607242339833,0
34.281309800650874,179.71715054205515,179.8311636939635,0.0027378881103099465,0.5417793069550259,0.024224707122037368,0
34.694905969933544,179.58789030995803,179.77225514316316,0.002581870893122553,0.6129403842064224,0.024052440409578203,0
36.137815122231885,179.48046691633866,179.71975327025854,0.002553720592716782,0.6593346543099081,0.022301891616088334,0
32.85453040602248,179.34327212449367,179.65260087175133,0.002616752599400825,0.8799108556397205,0.02072569411680413,0
26.952637064172876,179.12961812228357,179.5506324962253,0.00299109826084916,1.1194216083753625,0.023715396970609214,0
19.936410230309306,178.77344944883308,179.38454934421273,0.0037467796585230447,1.2949427622109524,0.03192887920065834,0
30.230633217346025,178.53692109698122,179.2611082641925,0.004403489039996375,1.3622755618872149,0.026150098053887617,0
33.40686887853991,178.3524468510318,179.15502905810087,0.004521743562912329,1.3844905137136865,0.021630758399807562,0
32.23434837702668,178.1636362276804,179.04408137891855,0.00440986956435707,1.5597903088693683,0.020581759841862984,0
30.481234941865736,177.95947523055486,178.92368572860343,0.004302497073653612,1.805646783268413,0.02261104210279666,0
29.39886727504421,177.75380613420745,178.79939870429553,0.003991993883727087,1.7597823929868763,0.02389076720894967,0
28.034441571252103,177.54105834601108,178.66899083919247,0.003952763987194135,1.7214325199399827,0.025524131828214485,0
30.515070643788178,177.36762082778466,178.5517862783063,0.003991906150126956,1.7715464143299053,0.02435692436583372,0
30.29013801802664,177.2068913972026,178.43771005855956,0.004000298295772575,1.479071476348837,0.024590206650289177,0
27.506744032951573,177.0128983555349,178.30797259776762,0.003805166243137498,1.1119480107477782,0.027573225332778277,0
27.787048792720043,176.83928662137248,178.1842405871082,0.0023291048150021337,0.6335320177597559,0.027455890699028294,0
25.50417193543825,176.64125611822635,178.0484180131928,0.0015299806998880859,0.5694070665856411,0.029984010402100886,0
24.35178368493976,176.44018152618102,177.90892273633764,0.001220679201646525,0.5382792700276048,0.031341323892520354,0
22.539655327134213,176.2220659998046,177.75995621318518,0.001261287910381338,0.4847560975609756,0.033591767490918766,0
21.84854128125015,176.0104385431612,177.611010692218,0.0012399522734959708,0.5779768730668543,0.03206897604054418,0
38.71359426912837,175.93801516732162,177.51751968833508,0.002910079319983614,0.7248588156054091,0.019229644035306706,0
35.663498950760115,175.82867885206156,177.40955670367893,0.0029781571851876217,0.7769917064589092,0.02168321237198972,0
31.89807046754123,175.668802906347,177.2805815987271,0.0030851874527846215,0.8454018812401893,0.02492111253968468,0
34.23500668780976,175.54320236638924,177.1646648016069,0.003148202806834335,0.9247930685288218,0.022827620236365503,0
32.89777327999978,175.40861131114275,177.04467164894555,0.003065489291673755,0.9856815513172744,0.022167349119121077,0
46.29574313080036,395.6907749553174,398.99424313938437,0.005579486513780075,1.399788907990616,0.011877638474759719,0
44.31640236955213,395.62483973130935,398.8226552751581,0.003552776103224145,1.2993395898505387,0.013670870624011075,0
41.58140012362269,395.4697800314262,398.6162524134109,0.003650353021424006,1.2714783934221772,0.016243639331178616,0
37.02850904531331,395.1530313263867,398.34049366293726,0.00329244328091504,1.108669901106033,0.02103786849013122,0
42.18731242185382,395.0001077760144,398.13689707919434,0.003223668051412461,0.9897939104540268,0.017405682418974295,0
43.26006637834703,394.8904102520946,397.95530056045124,0.003218522404082531,1.0070115587476154,0.01586898540851441,0
40.058283432977916,394.67674820344973,397.73126767551526,0.003260113778860479,1.088460576201382,0.0189736720306567,0
46.77520020826176,394.6646609880698,397.59733181849464,0.003529601441112514,1.0251188405522353,0.014066705062120348,0
42.338213429364075,394.49641112349457,397.4001370421258,0.003579028759975489,0.9534751611895362,0.017052716495578445,0
41.31506962511066,394.3060860252925,397.19499583361727,0.0031494333954208897,0.8635959468303581,0.01605092431329618,0
42.25434894491895,394.1577528818106,397.00940041625216,0.0031800436723495476,0.9022273836397562,0.014385726025421706,0
43.6150161568121,394.0569323973981,396.8465816424294,0.003195947318666334,1.0140843267597943,0.0091579904543874,0
43.81862565079293,393.9704931543858,396.6929994265742,0.0031156535576807275,0.987062039606853,0.009029679169934282,0
41.555688724308915,393.8255881507381,396.51712595951983,0.00276630947395788,0.9786460921778378,0.010829404682902583,0
39.072106976751115,393.6182627499815,396.3158312800497,0.002539322788451592,1.1209108941959633,0.012894212662445816,0
35.76333891544709,393.3211220268116,396.0758145140933,0.002606582515241774,1.2188015913352845,0.01587711192581626,0
55.148302860172095,393.5716170881512,396.0706333503537,0.005235245723010148,1.2922081439996749,0.007702961734912124,0
53.70709958363467,393.7553552722445,396.04717802531485,0.005067643712396487,1.3375684924860427,0.008849557522123894,0
55.5154074569331,393.9835089695779,396.0513962056755,0.004830593968816433,1.353584994258992,0.007194260122241333,0
42.461918449662726,393.737369259974,395.8609101656794,0.0063159382085379535,1.41301628193604,0.01941749162501428,0
48.624247238160585,393.7290450228964,395.7705248335549,0.006597415624720181,1.473539135083156,0.013590768922817466,0
47.17332605801693,393.66435340161894,395.65949044597966,0.0066154614692886795,1.4329170901698853,0.015138054679613171,0
47.7332154381239,393.6248804054349,395.5613077984297,0.00661733323255515,1.4445427190662896,0.014621741894469168,0
47.88188764355189,393.5939306134183,395.469303851751,0.006586283012670177,1.4672150076715014,0.014492785110463084,0
52.53574462614614,393.7183453741262,395.4461749424216,0.006634896414557999,1.3005504350212265,0.010382390901202103,0
51.60531103344509,393.80233003006595,395.4118467252053,0.006531913778365763,1.1450093551284588,0.01115051654441719,0
54.90261146486654,393.9878563203416,395.4255467225584,0.004819077182386792,1.0709804357139456,0.0082122552116235,0
58.109961695198606,394.2700130680488,395.48722907457176,0.004893421964794361,1.0145985171361562,0.005164347474310112,0
58.507190234771635,394.53957654909266,395.5524034519191,0.004873348141519395,1.041500775818386,0.0047846735514506305,0
53.25023840940436,394.64534490105564,395.5563424968106,0.002831985340139396,0.8693793103448276,0.008467095046618658,0
57.50403514337765,394.88391212183944,395.62059336021485,0.0025247551363680024,0.6847291779536716,0.004658205040783211,0
59.106898413062275,395.1569031252626,395.7063497156613,0.002380820776473403,0.6734519670721058,0.0031426775612822125,0
59.78747830698282,395.4277014082058,395.79862305169263,0.0023773042227564134,0.6602851939752937,0.002512562814070352,0
55.23368521493272,395.5631712877072,395.84087723831385,0.002698768902114173,0.670697532845218,0.005417648641596754,0
58.490512111223886,395.7905081297681,395.9255591364134,0.002557224314933638,0.6373182389598865,0.0026384916717190595,0
56.479146370012536,395.9485678747552,395.98670888372305,0.0025948475566788367,0.6997049237364072,0.003899830784660696,0
51.00171730487992,395.95346650152777,395.9872415469587,0.0028007506639293593,0.6912222685972966,0.006186899512705177,0
44.02534677471934,395.74836082294206,395.8996591773932,0.0030918908340360238,0.6510919248349416,0.011808086739980152,0
47.03958619970187,395.64374869533566,395.84966119965753,0.0032155541374093845,0.648092878327139,0.009628831545208662,0
44.46117626535249,395.4681436804934,395.7677206327216,0.0030908203092309414,0.8937614839443521,0.011808086739980152,0
44.15461227106857,395.29974262497615,395.68512198766723,0.002713694228916885,1.0542440844957,0.012065023755961081,0
30.780544055583306,394.5902150062248,395.37236171559067,0.005050250562090615,1.2045193351774208,0.02733016871652833,0
29.154893197865704,393.85302508427486,395.03240704638245,0.004929484077205783,1.2567228905722256,0.0299857979074495,0
27.660304115615943,393.09556828501957,394.668362722584,0.004930775837016254,1.4080534444131292,0.032521426558802566,0
31.065368669605803,392.4912102151814,394.35291810480436,0.004862337943512615,1.5680946453819289,0.030252132403442145,0
29.07159564792181,391.8348871465653,394.0044440099157,0.0048304163614896305,1.5912937699632825,0.0333247040978158,0
30.532908107645696,391.27440902472824,393.68396928029875,0.004976355619000879,1.5848329147561886,0.03238761395166054,0
27.641653416057736,390.610163588991,393.3108074001511,0.004906589742203766,1.6228092236595986,0.0368202572561242,0
26.495427802886724,389.9425160452866,392.92486158512037,0.0046478101593960715,1.605505680875767,0.03871221550374091,0
29.2053703145109,389.3956009141647,392.5782845072841,0.004851791683389454,1.4738358111646697,0.03709005608339543,0
34.613796117281154,389.01982434235026,392.2952718123743,0.005146366450558057,1.360787599497277,0.03372681174807564,0
32.98551364941375,388.60840750266357,391.9938652256141,0.0025606464985521125,1.1444524192689205,0.03548217692579239,0
29.768301965384126,388.0837907386322,391.6410906849746,0.0027252906703426195,1.1474342928660826,0.03980683831124599,0
26.938745076829363,387.45675536380026,391.2390253940947,0.002879463752385445,0.8824529376074156,0.04416777484538827,0
29.203439318524445,386.9370586136086,390.8728823919491,0.002776292233775431,0.7627404936624417,0.0412303664921466,0
25.242970665630907,386.24304548680834,390.4283030194948,0.0031540973915088247,0.8126461898313431,0.04675358958346178,0
34.76975380687216,385.83894224827696,390.09456013856703,0.003952559881665205,0.8378851132308697,0.037041868838964334,0
30.89110381024757,385.2685626926905,389.6890525588045,0.004096853194744493,0.8335521831918045,0.04291164283547944,0
28.874368337100208,384.63345734567275,389.2502787063021,0.004149364317453176,0.8099006490925951,0.04529845118860161,0
27.631035869996268,383.9826463460086,388.7973707191382,0.0040281727704478375,0.7743451667626413,0.043012177144126494,0
30.83823223393206,383.4700108236074,388.3941578512027,0.0038874255134401727,0.8747232703014791,0.03856314281073661,0
24.171007434560536,1422.0425932917117,1439.0605094116424,0.0028876107863577594,1.4932705248990579,0.03177194569350539,0
40.154759119778916,1421.6567233463543,1438.1557753473016,0.003834250727164865,1.4838255817265247,0.023695328339871296,0
46.10642835369666,1421.8230879022892,1437.5242499642752,0.003634845930306271,1.328227931488801,0.019811683777006685,0
39.86084433644315,1421.2197870197954,1436.5850082630086,0.004070122507566909,1.2722697983207343,0.02550333845703815,0
36.99192095539683,1420.2734860919595,1435.5103970422413,0.003829704472738103,1.2997275204359673,0.028555179879201167,0
37.908552724833946,1419.4938907868811,1434.518710744901,0.0037265118351763275,1.093997019836368,0.027972523676030692,0
42.104123748720816,1419.1416197287351,1433.7282576953462,0.003780940467205816,0.9748293232584343,0.025286004748653976,0
42.33090167095767,1418.8420511634474,1432.981875900731,0.0037195194796344625,0.9465863122265334,0.025141225696283544,0
39.653931836536614,1418.2659843916874,1432.1346405213792,0.0038021623287150907,0.9515101887251783,0.027463140866958398,0
39.1538697685912,1417.6876874894758,1431.300087073334,0.0038082897530285725,0.9024186913837547,0.02789974916892433,0
37.296975944633374,1416.9548624188274,1430.4107277357186,0.0038117385124246768,0.8294472281021409,0.029503528784352837,0
38.71964951007305,1416.3872671058512,1429.6023081606863,0.0027308788317602696,0.7546380072697518,0.011268621129739547,0
40.038299957848814,1415.9595932766997,1428.8668309718962,0.002331020782343499,0.6558692359695415,0.010623981684698242,0
46.38804137315422,1416.0110951638803,1428.3542210282496,0.00197756768243127,0.6810271162511743,0.007342057475511825,0
45.70815161880841,1416.0005105672012,1427.83914079557,0.0016851445811804607,1.0167354576703076,0.007768910099815908,0
55.14782666753055,1416.7532589547964,1427.676575217394,0.002386399428678783,1.0718284902802864,0.0021068894926345024,0
36.9743797914236,1415.4332468591435,1426.6561538148644,0.005382480885043713,1.1177040495981172,0.017107420045860987,0
22.773188308319604,1410.7231994116537,1424.1629420135325,0.009631716182218863,1.4512342222030759,0.044582741152315156,0
33.69822626469285,1407.86267798578,1422.379805496814,0.010651154971373006,1.5837521897318423,0.03346134198308256,0
41.30243048960184,1406.4657133008966,1421.1848207312441,0.011236658956373935,1.6920840095834297,0.024188971018726385,0
44.11853995385248,1405.6877717364475,1420.2492594266953,0.011343829131974166,1.7784816294708115,0.0204533895353192,0
43.984840215220146,1404.9553821885224,1419.3411913292607,0.011334162166003137,1.7905442994813632,0.02067240659088877,0
40.46389067769257,1403.530671442209,1418.1455875650777,0.011418491697134797,1.8917404548349994,0.026258992805755395,0
40.46389067769257,1402.241717951383,1417.000457671333,0.011313557639659735,1.9178029359781836,0.026258992805755395,0
40.8073489313913,1401.1232093399235,1415.9238443484849,0.011327069365476434,1.6466267037625397,0.025889967637540454,0
38.64646954660506,1399.6826126446415,1414.7098641337684,0.011026574638002775,1.6758285673688325,0.02922077922077922,0
38.06759647721079,1398.2649664842072,1413.4980929605672,0.010173518469334099,1.6925895586149795,0.030112615324619046,0
37.36438162152072,1396.8490235460874,1412.2802761730327,0.005163885591455357,1.325243988211838,0.031155106856523618,0
35.73925549036534,1395.2631603128223,1410.9838693111246,0.00402594203829064,1.1694828279257528,0.03354589948276219,0
35.68703289654934,1393.81885195179,1409.7373021461715,0.0024733946279746114,1.0352380382877304,0.03362077040423309,0
35.68703289654934,1392.512132242621,1408.5424211195684,0.0019271443971847603,0.8794793042080488,0.03362077040423309,0
35.626657862675216,1391.3203685280805,1407.3929487899995,0.0019366028771529425,0.8317262766901837,0.03369565217391304,0
35.36882115075875,1390.2040286972594,1406.2748400821122,0.0011639431748173504,0.8326952460576007,0.03399537927227299,0
35.02759042960554,1389.146403884567,1405.1827054944013,0.001143453050093971,0.8483673752559162,0.034370259773171034,0
27.89730397032602,1387.0180048995421,1403.6416394797493,0.0027483606099253264,0.8036889878973269,0.043678628211244866,0
33.14037618160363,1385.5114117114672,1402.3403196290042,0.003088248526766356,0.8427069672998011,0.040329675318952325,0
30.185513897993914,1383.6244791660765,1400.871896901218,0.0032225382870099874,0.8372225122048573,0.028776488418559693,0
26.60857593487748,1381.183904217797,1399.1552134521528,0.0034846851481393497,0.95911743772242,0.03276877761413844,0
32.22487084533188,1379.45200856199,1397.7086760594411,0.0038877514213567664,0.9987997490384353,0.028980190755685985,0
35.21479854809337,1378.1517572177872,1396.4330528323699,0.004015191491460415,1.2027255965906793,0.026870661780517623,0
36.401762522700885,1377.0801153693246,1395.2532984233846,0.004046187655515296,1.2903515071449694,0.024215359568909356,0
28.244820168285187,1374.5771499315688,1393.4788242938796,0.005271011637740096,1.321318365609704,0.036052672054701376,0
40.83701358979768,1373.6650067970231,1392.3428109974443,0.006622269616665577,1.2740019683480581,0.023296739068223445,0
41.69063891266024,1372.944503608728,1391.2966959000298,0.0066458844958536874,1.2337328279896655,0.018519910167829036,0
40.268556043532584,1372.0545217086458,1390.1933388476546,0.006050051261769109,1.2569993378728552,0.01972721098246103,0
39.97486678809257,1371.201684512985,1389.1146880810609,0.005928756327944142,1.1689171152043407,0.01709342619429607,0
47.40990410413482,1371.287238156623,1388.4376961442201,0.006189854528010441,1.171672048362427,0.010057611743803048,0
47.94998218906371,1371.4313185828387,1387.8158520067996,0.005807638818107131,1.1810973675864256,0.009542522668993306,0
40.74138936727884,1370.4949812727575,1386.7739289478343,0.006399539161532277,1.3446475958896902,0.014394811939904039,0
41.751841666729035,1369.7621171588678,1385.821614821111,0.006366650029612068,1.0610975015222286,0.013208100495357512,0
44.952603027887974,1369.4609558346478,1385.0584610453586,0.006432042707948828,0.9255356366681863,0.010390804548418887,0
43.20329342849825,1368.9408570153519,1384.2227873230754,0.005028143178240236,0.8667236865300366,0.012316751340267596,0
36.3978021355061,1367.36551828368,1382.9605387970994,0.004602285770904675,0.91950304128381,0.02092570707403947,0
37.67387643393632,1366.0735529763801,1381.8044086286802,0.004612388835385605,0.962209876013557,0.01986992271645659,0
36.76596115370462,1364.752242913795,1380.6311826153546,0.004602324365237651,1.0354536042869886,0.019301951337618764,0
35.44376154981286,1363.337731721559,1379.413809829958,0.0046067490729333905,1.1723568760316219,0.02103861315684457,0
36.617772957790734,1362.1626989861536,1378.288683368694,0.0038524354643921445,1.1145071834836047,0.020207290028219835,0
34.46973604879351,1360.766239994228,1377.0699827367098,0.003793253543832657,0.9839573872023417,0.0228571790932282,0
30.90021768562538,1358.8932485133062,1375.6467135065086,0.0032822648347979196,0.6032885118518408,0.02773847880053423,0
29.909956673408757,1357.0176837755678,1374.2050881458465,0.003174841888995398,0.6221563754540241,0.029196609230783814,0
29.587511660476594,1355.2636056589054,1372.7972303228116,0.0028052997009153703,0.6271205306972573,0.029657906743058036,0
47.86712192201475,1973.6972468692597,1987.4817051600282,0.007678221708719737,1.104961434229727,0.019746835443037975,0
48.33967082310394,1973.8979616130923,1986.9798753037403,0.0032674880342086826,0.9224506187004643,0.01933391549136358,0
46.908809112653955,1973.8409023381332,1986.394397973997,0.0032831379902938653,0.8599941840484311,0.02062532314639393,0
43.36960397777757,1973.178656637681,1985.5630448692484,0.0034348043230996578,0.7433280017252845,0.02394629874488335,0
48.41257213941378,1973.3142444337998,1985.0971142318576,0.0034203178558197948,0.7822639732049403,0.0188899267139192,0
48.35236541182628,1973.4273426517195,1984.6482110374106,0.0034373898058918054,0.7671770197298746,0.016358596519688528,0
45.718790304539944,1973.1195556309563,1984.0380888437276,0.0035896693159904185,0.7328523922388543,0.018576844261152407,0
46.159517806016154,1972.8983794909086,1983.4807508224833,0.0035635432742802137,0.6921432317228953,0.018266693275863416,0
45.69341631214842,1972.631569348484,1982.9190243671546,0.0021157231408521953,0.6363916544950219,0.01862853342316922,0
52.8045035779434,1973.3149664428327,1982.7884503840426,0.0025541310620095232,0.4615156458549607,0.013637740849628592,0
48.3740372039464,1973.3326046766695,1982.4006223881952,0.0027262008632537903,0.47437286739089546,0.007854066379528755,0
48.447956715767866,1973.358089476192,1982.034092330963,0.0027216000372824317,0.48178071118296567,0.0078030120614945905,0
45.23840441810436,1972.9427250882843,1981.4925645979758,0.002791884000462071,0.48089387636645065,0.01015744032503809,0
47.282462681372685,1972.8052303800841,1981.0783689170378,0.002606509694306361,0.577855429710716,0.00887648998224702,0
47.13093504062497,1972.6617926191775,1980.6739574931107,0.0022636755416455827,0.8615318076684406,0.008978821454601525,0
40.01663256945885,1971.5505349189277,1979.8620220321804,0.002769512368630917,1.1423975858064865,0.014278429372768995,0
54.29808378448927,1972.4318792867825,1979.9006546338821,0.0043194886657647825,1.217683193936492,0.004139716765822088,0
53.94877339835476,1973.1815660708658,1979.9170713411054,0.004326520324460443,1.3192572970991312,0.00439324898114472,0
50.45333571668538,1973.3834084987432,1979.7276508414577,0.00442682056301821,1.3612639724849527,0.006935630452701447,0
55.54086522093358,1974.3472483927828,1979.8821375542652,0.004342584827718331,1.453006977096921,0.002722472606031006,0
54.43964921764346,1975.0763248295516,1979.9687187166635,0.004198314343147116,1.5610407657198988,0.005247237343119324,0
45.609862912025214,1974.440294935489,1979.4965608787913,0.004795688124732744,1.6858850456729675,0.012192643620365798,0
48.6439534765265,1974.3030865615012,1979.231837045537,0.004798191775511367,1.7216165957964815,0.009832754391313989,0
45.66224740116715,1973.7026444133694,1978.7748591148836,0.004855578228716546,1.6817187527234065,0.0123983863892594,0
48.12764064850178,1973.5023455133048,1978.4833707454015,0.00489668902369167,1.1850913792873616,0.010549832159509668,0
54.435723984618704,1974.2927626598957,1978.6179250334176,0.0047598932706178375,0.7912450250945607,0.005348660472687677,0
57.945419757725006,1975.627033804257,1979.010188188168,0.0036908814332548695,0.7829604423649511,0.00236380378034245,0
57.6511060655581,1976.7960833909665,1979.369885415171,0.0036899350803617035,0.8660782243610203,0.005080726123998357,0
56.19122583573426,1977.672778057446,1979.6378168043543,0.003584091978342131,0.8599990988297075,0.006042296072507553,0
60.804246208836624,1979.247007663122,1980.2255884990673,0.003581598465496394,0.9947628421795491,0.0037107735408949023,0
60.13896711252979,1980.5950791406588,1980.7567390898278,0.003569013504003493,0.9598723865521376,0.00411355025155339,0
57.270704016109065,1981.4908851632413,1981.128987561908,0.002621124364446871,0.8823500431087573,0.005829133460270101,0
54.787740637570955,1982.0156153796427,1981.3651778421975,0.002699502973650409,0.8410527496914312,0.007347748155982637,0
58.59014852798667,1983.0523198109786,1981.828753471318,0.002519479005108917,0.8563295886289957,0.004365472961661935,0
59.643287288698694,1984.152186825924,1982.3415188209792,0.0025139193101627005,0.8914156664937097,0.0035094756270332684,0
59.54737224696316,1985.1377660323133,1982.8292268823789,0.002096039659102709,0.8031242907935547,0.0035597771802143396,0
55.24119913796065,1985.6008670489496,1983.116607350019,0.0020522487974301827,0.7776371722731406,0.005829133460270101,0
55.24119913796065,1986.0198575620796,1983.3922332749196,0.002050090797195195,0.783650255644281,0.005829133460270101,0
56.84962235289808,1986.5894262633492,1983.7366222370272,0.002030774788422262,0.8232528791194195,0.004819264852378263,0
57.58823579341899,1987.1904655198475,1984.1029510223832,0.0015330889533224016,0.8070514419411842,0.004365472961661935,0
57.004465647015294,1987.6866363248653,1984.4343937981414,0.0015301530977019375,0.8898208042696212,0.004617522113602954,0
33.81907248231997,1985.1449483779807,1983.4989453008088,0.005221797609053695,1.0242743108254853,0.020703710140712647,0
37.31668909012349,1983.2263111539582,1982.7610269227578,0.005337016325062737,1.0641665428825167,0.018625941774013995,0
39.05113073883679,1981.6808966547335,1982.132746938674,0.005205759457363985,1.0690232739312493,0.017590226530725724,0
37.6487902040249,1980.04457141577,1981.4303094129707,0.00515142967382801,1.2585545631039563,0.018885200094648766,0
44.05311848177948,1979.2688790992993,1981.0508862634476,0.00540649972195712,1.5066889964715198,0.015061590752147868,0
46.3776104450164,1978.8432657051437,1980.8021740654938,0.005448201127956187,1.5028465049243336,0.013570957107133942,0
49.42101070380013,1978.829616396988,1980.7185774121401,0.005513922232113022,1.3702395727703758,0.011573267791561866,0
58.19968615250969,1980.0934856802296,1981.1709193827144,0.005977392889559625,1.3116315518612667,0.0047688369642220185,0
52.75429687497274,1980.5322047040793,1981.3111030663604,0.006088227239472952,1.1710012043979952,0.007255517089905676,0
54.24940374817407,1981.1577170444773,1981.5409377785104,0.006109551296809722,1.0445365625356422,0.006038951309665007,0
54.17249924418176,1981.7141332762076,1981.757572547641,0.002803273143351411,0.8380360152362871,0.006089569997955461,0
49.00867857441482,1981.5604018897773,1981.6918240352459,0.003164985790796197,0.8244004019516447,0.009595475094320755,0
42.00890729053606,1980.3546368751913,1981.1846657033332,0.003755578156828954,0.9035613856064559,0.015338488901112383,0
38.37267121624986,1978.6065568351246,1980.4243765173906,0.003909621908028515,0.8592318575040008,0.018909263805268858,0
28.655730967710653,1974.6344662750503,1978.7002188593692,0.005329442400334552,0.84694640914037,0.03211314491603215,0
38.48099205087845,1972.440685342385,1977.6271068410902,0.006046655851133934,0.8684168847525887,0.02433900419871591,0
34.76325169357014,1969.4463097639095,1976.177305376037,0.006072920825064161,0.8137092577699985,0.029933011636237763,0
32.82980514608076,1966.1656844556378,1974.5479926133607,0.005252567520059716,0.7819784035772049,0.03312660236999354,0
33.95066193564111,1963.359405275444,1973.0509406696938,0.005372059518029298,0.7935326276608119,0.03221976867211927,0
38.682521101069426,1961.515641176479,1971.902240633441,0.005620147521554063,0.7907489538700544,0.026491769547325104,0
61.32965853388057,677.9887503409074,678.9487042170813,0.0036190292391234235,1.974415917442494,0.0024888547506226157,0
61.774709935630824,678.4957137570909,679.1356301075127,0.003510896749687288,1.9809349511231553,0.002122072637107357,0
59.70277104002176,678.8873866065171,679.2838992206943,0.0034346225803781527,2.063227715969451,0.005420469292948911,0
53.86598043684571,679.0412498926905,679.3357608081136,0.003392988852343091,2.0967072036455763,0.008523126808183321,0
54.43706674224021,679.2042574016331,679.3958659986465,0.003206148598476887,2.0975278263395283,0.00815275474545538,0
52.2098576324948,679.2753880308284,679.4193401254411,0.0015170316431128569,0.5972857255650702,0.009338885906224616,0
52.2098576324948,679.3397249935505,679.441749385626,0.0014824500151331393,0.508373242954892,0.009338885906224616,0
50.999796732840316,679.3597745637065,679.4463063577836,0.0012012282134010062,0.4480994988866198,0.009933044104558869,0
52.33808205212205,679.4208160164925,679.4695504794045,0.0011690084979416224,0.4642503023633372,0.009264687930836396,0
52.33808205212205,679.4760317219356,679.4917574207149,0.0010937729469781715,0.43591851465693543,0.009264687930836396,0
53.48395492043351,679.5593399956858,679.5275912807514,0.0011377339251700655,0.3965366920913094,0.008745516896516273,0
52.13414728742395,679.6013420665101,679.5472661976971,0.0011058853573076633,0.3928946665153517,0.009264687930836396,1
52.13414728742395,679.6393376857908,679.566075939364,0.00109761990744679,0.29596193885378236,0.009264687930836396,0
55.1358183181562,679.7499500603207,679.6172220646066,0.0006826856010471158,0.3375302689439293,0.008078731049672917,0
46.49977924432574,679.6403621082954,679.5751508199365,0.0012259137344466176,0.356015806929645,0.011346909054016205,1
46.322240197694754,679.5364598272629,679.5328427985269,0.0011890312176430018,0.37321814476595266,0.011421413513258495,1
78.53884213885182,681.1814233671038,680.2439895781075,0.008659042442971816,0.44835732626173336,0.003157308044736808,0
67.0258310489908,682.2074648999023,680.7251541744348,0.00913180588721868,0.5040294848034609,0.010188579620776704,0
67.07939607445678,683.1404670935269,681.187722187418,0.00914221008795413,0.4697650557362224,0.010115606936416185,0
68.66929669949697,684.1226902927699,681.6898922668591,0.009120666026548208,0.5330242178192711,0.00800344321186887,1
68.94774740990468,685.0351202386802,682.1808826742175,0.009123580408989881,0.5712431750310999,0.007640172552551427,0
61.73869165987227,685.5700342907136,682.526537209459,0.009322053751282476,0.5770394660727713,0.012090024311548384,0
64.4306716298493,686.2492650873796,682.941089054523,0.009312917864092045,0.5905201860828264,0.009094828471124432,0
63.03272920693792,686.8066131652735,683.3137270297044,0.009352639934572337,0.6369046140084974,0.009969693190959706,0
76.91902735746886,688.782613887474,684.298354599438,0.011173596994872173,0.691898157646383,0.0006360147195181988,0
65.07672351651146,689.9083043297017,684.9596949377631,0.011987610671099411,1.2454901236494254,0.01056241032248622,0
61.97207925277294,690.7267106559759,685.5082690825078,0.008723500736934321,1.2043363662987387,0.013600572655690766,0
61.520555672113645,691.4385713888146,686.0217976438585,0.008358238516710876,1.1400002102894635,0.014036075081108483,0
62.21241878423895,692.1492923078853,686.5422232178979,0.008352797056242896,1.1023921579950338,0.013020425337038235,0
59.18374019834603,692.6160884058995,686.9663483108313,0.008419557303763975,1.0168917548021057,0.015709077395871816,0
64.11580410139598,693.5003811013806,687.5684257686926,0.008658201802232496,0.9782894240205329,0.00869066159533145,0
66.83021686138773,694.5909430161684,688.2684242926855,0.008468543077355643,1.0068472437417162,0.00432653059104143,0
68.94528745198318,695.8205002981236,689.0421087814542,0.008478558847540122,1.092106701224082,0.0007067137809187279,0
56.164729252143665,696.1280984402242,689.4443168888631,0.009569601945196968,0.951418019076557,0.012803107593618746,0
56.216436051415535,696.4111575916867,689.8319921765983,0.005987628691837949,0.7373867757002373,0.012730689064326046,0
54.620254052103945,696.5577260583786,690.1576269128085,0.005180871759937073,0.6278053794757582,0.014399294529975086,0
49.42869979603902,696.314116732751,690.3116163023112,0.00539502334290729,0.6271966640491727,0.020172910662824207,0
49.42869979603902,696.0937112646537,690.4593071605491,0.005398531609545126,0.655416693746631,0.020172910662824207,0
49.77907977740005,695.9181100575878,690.6109693528857,0.005381269684051019,0.7099266709902798,0.01980554555275477,0
41.27840541608199,695.1020566424552,690.4806033749858,0.006124062563212,0.7995515437244869,0.030042955041148005,0
40.89692784700949,694.3303974582097,690.3415638860649,0.005407270216142223,0.8880105257387205,0.03056768558951965,0
45.038821465163764,693.8846294862399,690.3139591796875,0.005344177218336074,0.9383776252174919,0.026607663215161816,0
49.49739323171294,693.7765655524473,690.4111322488415,0.005455991081852849,0.9742795879924654,0.02201371346084446,0
53.068450045885925,693.9359467389127,690.6119965348709,0.004492132749979057,0.8960056278096153,0.01804585171138468,0
53.84938169213477,694.1372900565796,690.8286303433989,0.0045103863979700865,0.8981733168170002,0.017168324713175098,0
52.97910589665571,694.267075498602,691.014608599862,0.004492826176722827,0.9559447727668015,0.017972681524083392,0
51.27537533086463,694.2844984725494,691.1512985699401,0.00412363773030364,0.9728629579375848,0.01951182598428581,0
45.698375372957685,693.9478720486507,691.1353405963378,0.0044641867046293655,0.9983154874407097,0.0249728555917481,0
47.60586868549203,693.7528349976362,691.165732168594,0.004509663820387828,1.0542855419506605,0.023269222456773014,0
49.112354406132795,693.6620859849131,691.2306496834058,0.00299493804097456,1.0800899182885395,0.021939971817051346,0
49.112354406132795,693.5799800364267,691.2929568721472,0.0029745779475903603,0.9565187313317436,0.021939971817051346,0
48.483630767868746,693.4723624413195,691.3388728931,0.002798385828372756,0.8112992510582873,0.022456477029159986,0
41.46068016481885,692.9654662384806,691.2123873549418,0.00309350849715935,0.647199282014969,0.02811883295712062,0
37.88703052453229,692.2592215397608,690.9878893795578,0.002772143907610079,0.7162665177740555,0.022171996904216337,0
35.53976957900143,691.4440497063415,690.699070471351,0.0026719230542922726,0.8245378360160437,0.023548303785991837,0
29.927219561627126,690.2112706987604,690.2158209855461,0.0032057703666874583,1.0494469988237975,0.03021370670596905,0
41.261689090404616,689.6578136474865,689.9855278057486,0.004781514800222754,1.0868734750784246,0.021332517628761077,0
39.62383634174714,689.0237309493846,689.709021433272,0.004594454783006342,1.076130808950086,0.02342606149341142,0
35.167580944431094,688.0547946669716,689.2793482958975,0.004723756311427993,1.0120599342185406,0.029682588405001206,0
33.41238878663991,687.0067107752468,688.7956247737961,0.0045903766774062806,0.8491884641180416,0.032420076217094945,0
39.71308318689191,686.3917810363263,688.4695849526937,0.005135343449409733,0.8748732995465458,0.02711044381451662,0
36.99417398686139,1340.2832500916145,1352.720520318728,0.005855303273864446,1.3260320718247698,0.02221553215518321,0
36.038238216958014,1339.4066965092961,1351.791727812952,0.004759974043766852,1.251307255963489,0.021711385278435594,0
35.20922788242781,1338.5090082576382,1350.8590725169831,0.004664629314393971,1.0706356585277583,0.02150374104205827,0
31.017814676457107,1337.1246692098175,1349.7136459527999,0.004724787460805247,0.9629528519044752,0.024848961037811555,0
30.432579444015445,1335.7867729536406,1348.5825644940503,0.0026771675911655543,0.6656297921679613,0.02554610343270287,0
34.70737586798943,1334.8533035171108,1347.625946954748,0.0026211465950786213,0.6658387098777315,0.022850715556655354,0
32.208497767943015,1333.6847389590382,1346.5691483718952,0.0023878028895169415,0.6477932855526216,0.02502644503019408,0
34.450752300025556,1332.7707856291554,1345.6231681297472,0.0022491793685728992,0.6750323017289115,0.023336624865043665,0
32.4474220681052,1331.696187386346,1344.6104748077778,0.0020925514536581525,0.6013107090189264,0.02534998108210367,0
36.85794053984519,1331.0006177625066,1343.764376794064,0.002211655728058428,0.5583772352897529,0.023104783314599725,0
38.78720533082154,1330.4953342979952,1343.0101185813892,0.00216614643071479,0.5829558962479807,0.018631722223685268,0
35.88087315447345,1329.7332488031445,1342.155911486571,0.002247313006634252,0.5591962905718703,0.01625708884688091,0
32.970851009566815,1328.7102754695923,1341.1938523010008,0.002335547848128677,0.621275040486978,0.018953752843062926,0
34.12154821708597,1327.8515727824597,1340.302921756904,0.001967158185194355,0.660044415480883,0.01667045602332887,0
24.578524678685838,1325.6739096103042,1338.8428647402914,0.003954364468131117,1.1887493028853209,0.023601569983237546,0
23.155225103107952,1323.4180116357331,1337.3223761260726,0.0037549615536325944,1.5141204006225573,0.025960098946332565,1
50.38407745700015,1323.892725112124,1336.9549093741384,0.007904720206395951,1.6198359053165308,0.0055706295378355935,0
52.181142573524866,1324.569913119613,1336.7101386560216,0.007916731325924912,1.6257630897105613,0.003606347729620586,0
48.540076052938225,1324.7061673359967,1336.270738629313,0.007999799610386717,1.6735846423088074,0.007390685390742836,0
46.048659988629005,1324.4864537546744,1335.7026997354164,0.008025895169858459,1.7795153699073392,0.009981814071520241,0
50.738192467859484,1324.878348329755,1335.412330493404,0.008166909797666455,1.8380406738503565,0.00481711917181089,0
48.46962520091216,1324.9375711060477,1335.0077745070826,0.008164032782627673,1.8611745023360522,0.007167106752168993,0
45.368945867757596,1324.5719860940042,1334.4410552980696,0.008193343698989516,1.925940797163098,0.010521553758940557,0
41.4728312454125,1323.669667161669,1333.6541451472526,0.008325786009832453,1.9728818389057754,0.015131947976195593,0
45.42643737278301,1323.3010497713474,1333.0913056348872,0.007455664182049044,1.538037458568616,0.011516859076775545,0
46.25825422236462,1323.062811073944,1332.5926617305936,0.007360467407185455,0.9486612193588938,0.010751022597609574,0
44.156294610155825,1322.5710272135987,1331.9974018075036,0.00327170157085795,0.7996097536621998,0.012975169033432668,0
45.71350191435124,1322.2880231123297,1331.495781786554,0.003215804006408463,0.6954452924077037,0.011670221808866342,0
49.875263253350965,1322.4796732857055,1331.2049930372684,0.0033134022775798016,0.5923417290673928,0.008079703071326926,0
49.61377055243972,1322.624485910791,1330.9141777720727,0.003188223328489561,0.5496462676759488,0.008308157099697885,0
54.33951593913038,1323.2793769916234,1330.857162704109,0.0031066894179142737,0.5413994651023808,0.004136893569010906,0
54.754968416420134,1323.9195072655991,1330.8226426889294,0.002989545338915024,0.5259421786267424,0.0037593984962406013,0
60.212985745938134,1325.1653933991324,1331.0711571947552,0.003052578191978367,0.5416909104707935,0.0014958863126402393,0
56.93727454264598,1325.9973384914774,1331.1848469515037,0.0026410872805328325,0.500449891984459,0.0050228285847869775,0
60.104034022224816,1327.1500652087836,1331.462489789469,0.002605800512629937,0.4973620828076614,0.0018683207873950382,0
56.68379633112907,1327.888211376925,1331.6003781756144,0.0028667237875026775,0.5702162649784853,0.004269946114037208,0
50.58104452643856,1327.9560029992513,1331.480132131682,0.0032687092796836056,0.5938448960523243,0.009032063992555604,0
52.25072552690684,1328.1983031571701,1331.4408855218985,0.0032712781408278904,0.6437495629472506,0.007591112804161969,0
50.138455489615666,1328.2079937540527,1331.3152234862434,0.0032019695735900485,0.6765345503553051,0.009259900854979224,0
47.955695402481155,1327.9976981699267,1331.10273479198,0.003264553697743665,0.7435235545604855,0.011010539657569759,1
63.555872587510386,1329.8075226843769,1331.7377820500642,0.005889583811333643,1.1952860364676228,0.00564214965548441,0
42.60079116201706,1328.3972249806145,1331.0696472904335,0.009899953984067008,1.3454355031009702,0.030114049875237643,1
57.916955398102836,1330.2451810729556,1331.7370188927648,0.012826515944311284,1.4059535203062583,0.005045204415688254,0
59.029665634368676,1332.212374606698,1332.5009115542593,0.012781667078311375,1.413342899973094,0.002738878603159262,0
61.0340137290307,1334.5255515743622,1333.4569656713854,0.012801204152879532,1.6260903009188425,0.0025064684217194987,0
59.196138877285335,1336.3041143697458,1334.24298054297,0.012802586098144775,1.8593193950177935,0.008720107341051945,0
53.80332389059135,1336.9418335125722,1334.591410266062,0.012982890763947695,2.059830691524758,0.016381236038719285,0
46.357039403493005,1335.9283075625544,1334.261697336924,0.013672214846834436,2.096935858836084,0.02917888090712882,0
48.026892401453296,1335.354173750984,1334.088347130315,0.013691516359456804,2.1349027489875105,0.026392943034497737,0
49.75795945967231,1335.1871042031921,1334.0689475538393,0.013694993660663735,2.090705136136062,0.023545309679738422,0
50.43073773916122,1335.1692844603688,1334.1059129854038,0.012630646177081994,1.5195256315564416,0.02247191011235955,0
50.63414522206918,1335.1912600230935,1334.1572678736982,0.009736702283918418,1.2871423791199599,0.022165624565511875,0
43.85195926124457,1333.8777912191817,1333.6512523590025,0.006033561723761702,1.1562937448332875,0.032995288921135506,0
40.745300609467954,1331.984645042039,1332.8721363111022,0.005930148510816389,1.162452130320334,0.03881278538812785,0
39.20915383572787,1329.9098892845514,1331.9736365691938,0.005416278037813546,1.088236096634597,0.0418257142958298,0
33.731131532935905,1326.5851045654465,1330.5089765442879,0.005971803960989983,1.053130334534979,0.05405405405405406,0
39.59125626936608,1324.5103185179228,1329.4909576641278,0.006917197928453029,0.6413929102189705,0.04613729990732461,0
36.83506090778375,1321.8997882263795,1328.2088336493862,0.006181789925248162,0.6124549468545061,0.052347564329719536,0
37.504379932582914,1319.6426441149836,1327.021435523944,0.006043346408671477,0.5804465966361042,0.051455901510260506,0
39.87469036621748,1317.9623809975972,1326.031730713396,0.0060573050035313,0.5898916081464192,0.04838709677419355,0
39.70397538139602,1316.404047193356,1325.0656773824649,0.0059867524033945215,0.7419972601311156,0.04870930055566565,0
52.54593028661178,1729.8637689661523,1725.054795384964,0.00358492436468373,0.8232238210224028,0.020161770314305313,0
52.768821191682264,1730.0008634478042,1725.3230839348766,0.0020718173283375925,0.6566855901428775,0.019984967717962803,0
52.6799255041604,1730.1152933075898,1725.5746055856305,0.001957384677395357,0.56105208222909,0.020043943057356548,0
42.69718576454806,1728.9879726801541,1725.2643763121723,0.0030426331023089325,0.5554002461769554,0.027701783293552558,0
44.36923539784449,1728.1496327213329,1725.049138154622,0.003096455586011563,0.5598513103175128,0.026566721625038196,0
43.93326830495008,1727.3341602804674,1724.8183067763218,0.002890285875348263,0.6018640864387502,0.026924895025279758,0
40.63645600634371,1726.1578869742846,1724.403698586521,0.002948297842052173,0.5932723612595373,0.029679314527150145,0
42.25947626305584,1725.246494110417,1724.0751521000047,0.0027460423716557728,0.6208253963063188,0.02871959077786723,0
39.42961399438914,1724.0502604636506,1723.5976198806038,0.0026026339272493954,0.5847757980428444,0.03106210939387637,1
41.380730634878255,1723.1397995674913,1723.216753647514,0.0026796480308883728,0.6210361741010102,0.029979600124854185,1
37.87689803490823,1721.8586525563123,1722.6523759313563,0.002662499964740871,0.7567067457532765,0.032871307742429565,0
36.75960169652125,1720.5472266975976,1722.0462963725104,0.0026201157369264605,0.8785500986008076,0.018558675543165017,0
41.412566457836405,1719.7421291183339,1721.6330563546903,0.0028508322636374237,0.9756402156825293,0.016179004519118467,0
65.95819355263686,1722.4828141576675,1722.7467015964887,0.007076187346288032,1.1741798426771197,0.0006290967034243638,0
66.37498154445748,1725.057443535882,1723.8531635862512,0.007083731253774642,1.81922008415195,0.009202615367783653,0
60.547152892031896,1726.6909611462675,1724.6103273363578,0.007307063026179782,2.1013404543556278,0.01480889079968739,0
50.58745235389928,1726.7204080616252,1724.7087459237705,0.007901734146450302,2.210377610902021,0.02374059061957151,0
43.7102458853566,1725.4607548281879,1724.2480213994202,0.008348049466641855,2.2515709077060873,0.03180624452874234,0
43.52144242575992,1724.2830583450968,1723.7906555533261,0.008315291914581847,2.267871546193422,0.03204718066456387,0
39.85970346525602,1722.4649499443074,1723.029321782785,0.008431855776642481,2.3063130788055215,0.0368285542026708,0
42.935858796610994,1721.2678914738328,1722.4925778455463,0.00844740520464573,2.268559783337355,0.03397858047627482,0
45.975008357975646,1720.642184702943,1722.174534195559,0.008482041373743955,2.2872169425063023,0.031084184023973536,0
46.54984195615363,1720.1618432831385,1721.9066320871104,0.008455668804774585,2.2725053584186714,0.030543264840142036,0
58.28653801787119,1721.8325516055022,1722.5491982358399,0.0062747751536336395,2.1450533465195254,0.01743687039162956,0
49.45018814211142,1721.75324326714,1722.4862601733687,0.006861857433931219,1.2843623394161847,0.027309703660662404,0
49.84249557649207,1721.7577018403806,1722.4584212705013,0.006826788257969833,0.6268059935283085,0.02683235559397223,0
46.673245273390506,1721.1425748292618,1722.1684057928373,0.006382041334270011,0.6210435563723845,0.03072345926176534,0
47.17405270506279,1720.6717709048041,1721.9269124152202,0.005867206299927549,0.5405567288180226,0.030182991668747168,0
48.44870470444284,1720.4553817178278,1721.784386371431,0.005875109056100714,0.5229838367426125,0.02886404497279382,0
48.57016406065051,1720.2786524463938,1721.655853940895,0.0056183840270491335,0.47353574824028116,0.028744341391730856,0
47.19282118000434,1719.8996913985413,1721.4399252234912,0.005608941116548384,0.44628350348899154,0.030122909573518503,0
45.735314659122885,1719.3282312131162,1721.1362751823183,0.005564874393485158,0.38307502684338995,0.03156542086195072,0
46.40379998680122,1718.896932503035,1720.8813693897732,0.005564877121722879,0.39250471852946006,0.031023996767571383,0
47.411462176242814,1718.6305314865865,1720.6892092577007,0.0032973541043650237,0.2801517205681466,0.03024300748931716,0
46.04869010104836,1718.2085368202938,1720.4286651483308,0.0015152491957533235,0.30704013031095556,0.031384931956943404,0
48.078827938956984,1718.0553291349486,1720.2750865280505,0.0016006565726205417,0.28552242041582265,0.019282288277232024,0
48.59953466230012,1717.9738590932066,1720.1518454462007,0.001038885706420317,0.27205958820851783,0.012403942134746236,0
42.95495537865581,1717.2048757110758,1719.7413403657,0.0017091639949855654,0.45034419987949803,0.016726109817875437,0
41.53172370905937,1716.3186506547727,1719.2675800233465,0.001619960087645964,0.48667757400863826,0.017916725305063205,0
39.96311894651338,1715.3072956152414,1718.7251818069096,0.0016106992847997742,0.5834576878831699,0.0192296709662155,0
35.734990820451344,1713.7827272811921,1717.9492069914504,0.0018685489990078856,0.6427143362985114,0.023068292853229866,0
22.94759154091807,1709.4222899188524,1715.9553465559907,0.005830508415824135,0.7104298064934531,0.04226618705035971,0
22.02557745022453,1705.1533407444792,1713.9067934393554,0.005728639196976124,0.7425313911236225,0.044395065179578516,0
29.63700847691615,1702.1005375044238,1712.2801160028469,0.006188121547299359,0.7931523317900524,0.038371928861994004,0
39.576005769318904,1700.6052054300433,1711.2491281729965,0.007023692445832961,1.0658997896147124,0.023304035927933058,0
42.40837654086522,1699.6618221308693,1710.4310169141245,0.007087581224076971,1.473865472904361,0.020701485190048326,0
42.74446360048187,1698.855909755321,1709.665839339241,0.007086045231474015,1.5048433523122269,0.017325005720241572,0
40.31237102433884,1697.6696084535981,1708.740654730515,0.0070390658725987855,1.2196853432415211,0.020220573465530807,0
38.168444716939625,1696.1772346208375,1707.6778748970937,0.00704944099554498,1.1453613865455399,0.022889417360285373,0
29.403703650979935,1692.6460025036508,1705.7482156375352,0.008018525952138334,1.0076712630930753,0.037008031654257666,0
33.225552762948396,1689.9558648329757,1704.1065747833572,0.00821921191851004,0.949774256022385,0.03232391610709829,0
31.493400775829997,1687.045741219882,1702.3324617901485,0.0059344162639848735,0.8196680303471686,0.035434449736479225,0
29.07729668432242,1683.7080063636863,1700.3360268518936,0.00605232663462928,0.7545648062025182,0.04007260966820521,0
24.78770774430116,1679.2119506504282,1697.8051106514447,0.006228169367840685,0.8797503710915678,0.049862496538916896,0
29.213520583349833,1675.7250572145708,1695.617328604687,0.005572975115072099,0.9066401790337869,0.04596371674306651,0
26.868807304723816,1671.770245530563,1693.1843632296946,0.005304433258519376,1.058847073116729,0.05134012172372071,0
33.56790299515477,1669.1254362329485,1691.236767012175,0.006003721085105171,1.1588743504158148,0.04470802919708029,0
32.711766066264246,1666.4848991342956,1689.2640918908312,0.006016212477637298,1.1971400002094088,0.04423051937741613,0
30.519355805202466,1663.4482171831087,1687.1011299985307,0.006033597420588974,1.2723465134560603,0.04857459048083053,0
31.89289819729828,1660.8817030530843,1685.0996388478416,0.004780370267583011,1.2922011176419492,0.04735716468072105,1
37.81540376718672,1659.3691507043382,1683.51406345729,0.005027482282628043,1.3000987305404914,0.03252279635258359,0
41.461091948320565,130.35361750920575,130.79711379840856,0.013300561854025148,2.867138526124247,0.06071145134918729,0
39.81044130276542,130.22441323941615,130.7199119587409,0.005928746769418398,1.9352596275348444,0.0631782472595688,0
38.17376024830128,130.07893702533073,130.63346243770619,0.004350219031699972,1.4339574687056487,0.06565654350124364,0
34.64577336547018,129.88153429006513,130.52158255591198,0.004374650510435908,1.10214241579577,0.07140067011845976,0
34.10467654341815,129.69250447324384,130.41016531601966,0.004327306248606119,0.9859048976693858,0.07232206614738666,0
30.63784230618542,129.45095272616857,130.27248557444213,0.0029737559840076174,0.7485548454992661,0.0785623619587216,0
31.045805645746995,129.23628556320284,130.14274029590138,0.002804023972638575,0.5919502402223538,0.07822324832516192,0
30.325401370318218,129.02781300069728,130.0125321945625,0.002328130101028373,0.528749095370364,0.0794961873445372,0
31.579313109071336,128.84972917413978,129.89278272467507,0.002466182840479528,0.5159192406002399,0.0785623619587216,0
45.19457178874583,128.8230622777631,129.8374055501385,0.004681489528123018,0.5242148550849106,0.06673396658234002,0
44.6516461988048,128.7913138017698,129.78114649269673,0.004660745586445824,0.587511782585593,0.06739814797331488,0
41.435316023107696,128.71684135580023,129.70738141004645,0.004739013632673234,0.5827221542994129,0.053823917547941934,0
42.27500609358737,128.6580515125892,129.64059975132383,0.004724603287021335,0.5644970150064094,0.03669006029901507,0
52.46729980643825,128.72399622744842,129.62855453183587,0.005357614993772314,0.6095374506821165,0.02156933246605377,0
44.14105746634223,128.6654849093897,129.56575023129002,0.006327117034606751,0.6472933660064731,0.027632450778762804,0
43.779046865753486,128.60683535387173,129.5031960204609,0.005983983429754858,0.6942845287101087,0.01483790590552659,0
52.39806626155538,128.67097805363613,129.49400364967138,0.006604247426374081,0.6986962712136202,0.008353974638400452,0
53.090686074158015,128.7394871001494,129.48972865641562,0.006538736881502665,0.6870759471323116,0.007496724826329413,0
51.477435252012576,128.78050485167753,129.47661121795417,0.0066311736738377215,0.6599675586892949,0.009212684510917234,0
49.560773831214576,128.79284261580582,129.45340728452285,0.0057862838515398505,0.6157943806752516,0.011248133636260118,0
48.005963626580815,128.78399722372322,129.4226068220994,0.0058124128552089725,0.5172124645647934,0.01289824165867665,0
47.320841327835204,128.76742112009055,129.38944159342756,0.005662588579668737,0.6291202010332407,0.013607028937834761,0
49.642853570979746,128.77814630882784,129.36868291181884,0.005685810115963744,0.7237655193192346,0.01148351700393546,0
44.90590328458798,128.73069197517725,129.3243887665247,0.004882622194023591,0.6542353133406337,0.016214545142250028,0
45.0000477483752,128.6887112973245,129.28236519209833,0.00378840319131166,0.5276285015693033,0.01613537635473945,0
45.601147827321505,128.65644714148902,129.24454032329575,0.0037830752819502725,0.2908643864872464,0.0156602603136213,0
51.0708266869123,128.68155182820553,129.2313917691134,0.002496123969381412,0.27333809645961793,0.011169736750377357,0
50.87748018438811,128.70235927585708,129.21798287239244,0.0024657484968173913,0.24478498054902467,0.01132666239720441,0
53.88512345037954,128.75166588645232,129.2180644364227,0.0025688858895117654,0.23247188769285648,0.008822158945048758,0
57.315227911636825,128.8334231188953,129.23388416334979,0.0026140602391262887,0.2272894470752189,0.005786590513603467,0
56.04889127139258,128.89691440819536,129.244613092069,0.002552884746484735,0.23236328877477302,0.006640931354066119,0
55.33081694619185,128.9486428106156,129.25248189372442,0.002540366466903705,0.238805275656248,0.0071075258930234425,0
56.53032574371883,129.0068729108604,129.26485322010888,0.0024924608598154603,0.2344114016634162,0.006174768962896975,0
49.914173093152044,129.00717023268746,129.2546106661567,0.0023992458461827345,0.2191291334186042,0.010464352848601132,0
52.213910677114015,129.02744151441237,129.25322109480322,0.0024139279208159115,0.2089203788563227,0.008822158945048758,0
51.01269845502114,129.0362567978773,129.24787705698185,0.0024601341100374866,0.22536651225848803,0.009603512546903762,0
47.92578065165932,129.0194693663851,129.23233227362434,0.0021703983835188786,0.1956432773947189,0.006518674017631089,0
45.63798560634238,128.98523245616596,129.2094149985367,0.002222640878017991,0.21129184348216207,0.00808326796619774,0
51.38602968201529,128.99806770124823,129.2058373899521,0.002388938408646906,0.22601015768506755,0.004491959827974637,0
48.27875462662665,128.98491780013305,129.19201174256102,0.002186417230038869,0.26671970185281935,0.006518674017631089,0
44.18410106898707,128.93778117249366,129.16396873403068,0.0023045977515412965,0.3549096921963053,0.009417008353560224,0
60.058576268242035,129.04847377019638,129.20133324869548,0.004807227172258951,0.8604836331269319,0.00784003816925503,0
54.369751658898,129.0962402241225,129.21524160138085,0.005029819813542483,0.964810088116733,0.012118811489355537,0
52.14540285211623,129.11755208716133,129.21941786521185,0.004855631388496226,1.1845963293305133,0.013918865535291789,0
50.78331543229905,129.123498989302,129.21784727994736,0.004845852508093109,1.3976369973860285,0.015017824364453328,0
43.979738020421244,129.05554519849878,129.18568511797244,0.005200083922129431,1.8536411125941161,0.02110420822204039,0
45.111085903154404,129.00454004112896,129.1591985954967,0.005188857311707983,1.978356218956621,0.020230242439259586,0
44.236410315309776,128.9488681426742,129.12980367167353,0.005173061909604452,2.062212035108964,0.02102473903394825,0
44.3525360960459,128.89945043249045,129.10199040303308,0.00500692281721953,2.0822714476542954,0.020945282214545502,0
43.09551659125203,128.84235916149294,129.07013306995813,0.004983790636778028,2.057853094515435,0.021979672629408028,0
44.01557538974903,128.797371365148,129.04233560088343,0.004914026713881636,1.9778627506471618,0.021422451543209584,0
64.33419217994377,128.97476757338788,129.1065303531605,0.006468876165686728,1.2790493535009915,0.0035205222882717536,0
57.909613647305,129.0733619503241,129.1423662200684,0.006532891261779895,1.213739497242697,0.008537809839636586,0
57.81401263691543,129.16161427484025,129.176368950732,0.006492771279812608,1.1539638151363718,0.008615347055288462,0
44.14908213868595,129.07574477325898,129.14005298928956,0.007857177546496725,1.1472373711842034,0.02229846197443219,0
39.942124228592526,128.92948198597182,129.07666911559832,0.007832021817397547,1.0978581611668046,0.028069579551212864,0
46.83735238514256,128.88381632974063,129.0518542300814,0.008208977485355519,1.098776403793085,0.020786284409342298,0
45.29866884874179,128.81869013946363,129.01813537970688,0.008229183591650384,1.0293574069931175,0.02277689733584155,0
43.9309944787869,128.73881461423787,128.97705834130912,0.008243420742222547,1.0462722619795257,0.024535018580180326,0
45.22624463708153,128.68178420941592,128.94394907903765,0.00825336660113839,1.0146396050814546,0.023255780722126303,0
49.469040847403384,128.6816135861271,128.9335120080513,0.008365730921793813,1.0578985551401294,0.01896178567210535,0
54.02827427428698,537.8062284504995,540.3368631021445,0.0057094338446119115,1.3155561267107883,0.003886797461669458,0
56.4759591732155,538.1540315901102,540.3846826441222,0.004840667929795925,1.328472512092715,0.0017545704785541663,0
55.236610125658515,538.4256245349471,540.4110173613868,0.0048553892319070195,1.1974457136286103,0.0036968576709796672,0
53.82332135345455,538.6235456405886,540.4148120969628,0.004890405751282346,0.9862236879334819,0.004625346901017576,0
52.662392374692494,538.7643907919598,540.401431539706,0.004531610561757029,0.88882282853903,0.00536942148704294,0
50.60555806868696,538.8250179835658,540.3590110422189,0.004602628551183836,0.8927192920663529,0.006674036750087411,0
55.42680110195758,539.0515143354759,540.3945249020429,0.004569666021285467,1.043664253471938,0.0033259197198247303,0
48.2427959375711,539.013230338646,540.321079252318,0.004972620814508721,1.3552839039197262,0.008075699227284646,0
49.35166134774431,539.0167349298188,540.2677186893285,0.0022270290395467263,1.1919046309752934,0.007327728961100207,0
57.96070265577395,539.3583382307279,540.365357182744,0.003147819967163107,1.1493128384935667,0.0007372363289005415,0
54.18861824676019,539.5386599687807,540.4022943721213,0.0031872288026018165,1.1651800520169664,0.003233256351039261,0
59.16999421771159,539.9257694511974,540.5354716606372,0.003406830548663649,1.1657272824738478,0.0014717602355714613,0
58.731109272111546,540.2616608878262,540.6565621435578,0.0033889853507701163,1.0605079871229575,0.0017481133235660612,0
56.47497004728259,540.4940408511651,540.7412639418004,0.0034126137418227557,1.1609102251037013,0.0031325081422381154,0
55.55567874039753,540.6756734351088,540.8098669000225,0.0034060975698286425,1.199619139899781,0.0036873154682478793,0
57.06111571602844,540.8971596060156,540.9002527173474,0.003355153258421845,1.2704720200473816,0.0027624309392265192,0
63.9628970496875,541.3976813479281,541.1164643862049,0.003650261709773492,1.1461991898023671,0.004577496820003125,0
56.92465600304773,541.6361070092038,541.2308798951796,0.003552323552781797,0.7735771170826495,0.008733222626928768,0
56.62631326073949,541.8422748194141,541.3362815258364,0.0035711226762884215,0.8026605223470527,0.008918787660841613,0
57.583640940552804,542.0669039698125,541.4535581406753,0.0029601181026931477,0.8433124090360345,0.008177163004800378,0
53.30736949742255,542.1415070789845,541.5106456280366,0.0029593655275145713,0.8423136705503422,0.01068444153813323,0
46.31163256355785,541.9660713970188,541.461234556151,0.0029678441865783646,0.8253965552454218,0.015454445326201457,0
47.61809927165818,541.8502234724538,541.4322529547222,0.003002011312216027,0.8751753240350387,0.014609384029704115,0
43.21414766231138,541.5787066072231,541.33329443907,0.0031180355352561375,0.7189153283767302,0.01790357034148887,0
49.533148571994545,541.5426324186351,541.3278796862951,0.003464167707124556,0.691677630276283,0.013765728083873942,0
56.1079997727848,541.771953013854,541.4342569606675,0.003840395858983899,0.56354431379778,0.0086405222935125,0
52.49245190319913,541.8508267236892,541.4814850766465,0.003356409158211325,0.49667459389737595,0.01115010892064957,0
49.68325886063955,541.8174091281435,541.4822342205474,0.0031762301102631115,0.4187569698587965,0.01320410787453832,0
53.00713048493449,541.9157635075655,541.53750639411,0.0033099780129862435,0.41350583279637626,0.01068444153813323,0
50.2279290360435,541.9047357560999,541.548100935593,0.0033363920207590695,0.4038954632700206,0.012643109589200044,0
53.36286072739403,542.0138207400762,541.6086521498307,0.0033539921968360376,0.40478059909336017,0.010312193623008968,0
48.49457361634442,541.9363065753072,541.5921952310208,0.003171192417706833,0.3704486284571558,0.013765728083873942,0
46.63699341370005,541.794740536368,541.5462453149846,0.0031972441966732707,0.3877291718838555,0.015172563644776189,0
45.14699948950566,541.6095080229956,541.4780736837538,0.00302811137854144,0.35374464296694746,0.016300915487814337,0
43.52486376982678,541.3800133946247,541.3866093760174,0.002712735427441374,0.3056183495301081,0.017525986634070814,0
42.389241166856856,541.1295173264544,541.2808481687981,0.0019225841855979953,0.27393374752494154,0.01837591538573086,0
38.21368816908375,540.7362035359608,541.1092861728367,0.0020036226962344915,0.3298218027783341,0.017411500160032588,0
36.65814835695406,540.3136811136576,540.9167114670952,0.0019766943684584636,0.46047972519910124,0.017434340544313424,0
32.1307873014687,539.7171060810642,540.6419800629178,0.0018012505087017514,0.7122693539232591,0.020878241117730255,0
28.138817646164185,538.9487743553785,540.2825052600904,0.002017883668321781,0.9039781866687591,0.025486668241767402,0
26.443423522142183,538.1440929498225,539.8917240117861,0.0013795826199558773,1.2475872044093608,0.026955679157339773,0
36.93943138394413,537.6970194295625,539.6345853087365,0.0027943423984143445,1.4712486545517398,0.021276549491449987,1
38.85055853694742,537.3496702815843,539.4118170874194,0.0029099188745563944,1.6345380960760163,0.020129201845740654,1
37.821842543359026,536.9877836916723,539.1781476676622,0.0029109472838401,1.8055769240566302,0.021085184626347123,1
48.16799666015919,536.9937080705313,539.0933679471864,0.0038002048701462152,1.9431855305752723,0.014430686483857818,1
48.43211349295895,537.0085957477207,539.0159988523453,0.003800735192456722,2.08435282085983,0.014241763066567917,1
64.76472468487913,537.8268426068619,539.2779662033814,0.006163928803614233,2.2239007907576696,0.0018328446567946921,0
70.58310213816492,539.0338369473297,539.7242197724321,0.006474499230151831,2.424950780421104,0.007084513013737512,0
71.71235325272687,540.2306362508117,540.196209479207,0.006029382494404341,2.3443294165816604,0.005076230877549706,0
68.98987209657992,541.213449612498,540.6074924798694,0.005706486810514212,2.306099311271839,0.006993073665349957,0
70.9151366256672,542.2645670444226,541.0697331589555,0.00535694419450324,2.129199187209705,0.003893208536102309,0
71.53094500940333,543.2679554727522,541.5352308765817,0.0054071171842294576,1.9782303886885058,0.002894422316255524,0
64.09109727787896,543.909111256306,541.8709855808263,0.0060373018857404525,1.8266349233278776,0.008000044389204545,0
50.7844201679518,543.8653870014086,541.9335894781283,0.007615674987495627,1.9354042581197142,0.020149069759998025,0
40.48775131881965,543.1162942180398,541.6984410536625,0.0088283312324096,1.9665312521943936,0.03432840375757929,0
36.91720183919665,542.124257406413,541.3419806066638,0.009026283353908633,1.9799949761366489,0.04073589583211357,0
46.4689349228769,541.8171848100811,541.2452843330566,0.00825347893424644,1.8556275463309668,0.02876229225792466,0
43.17582895294376,541.2631626588113,541.0376615758544,0.007499363036309076,1.5394285785842716,0.03432840375757929,0
37.84724202900527,540.2523800767424,540.6266412420273,0.007631707187868126,1.4553479809411929,0.044756428733277585,0
36.53128747857649,539.1997665359245,540.1746691833713,0.007612834566413392,1.2689275691826052,0.04761906958757328,1
40.5963977548488,538.4997821874553,539.8455033933237,0.007830308822783436,1.1565692880420284,0.0423992664534424,1
35.45510510967274,149.02259457352068,151.17898946428824,0.005719255873463415,1.2142687393768437,0.021366932838392905,0
35.58480196870032,148.96030324258916,151.0583184575861,0.0025363217830651997,1.0557463950215167,0.021298131469327745,0
41.18771656225426,148.94595945605934,150.96209348582244,0.00250605897961582,0.7439868794251939,0.01827835001228414,0
47.45233738654196,148.9864177088182,150.8941971813959,0.0023411216109550377,0.7746853750615227,0.014460760077114247,0
46.499897594057906,149.01347066355467,150.8251689541952,0.002141695023946698,0.7807898480190701,0.015140312468342895,0
45.32404778421445,149.02649234760923,150.75420704718815,0.0022774913365503796,0.7622221389913668,0.0159571235682672,0
57.704852528473545,149.16129473006134,150.74093879169376,0.002990419731844029,0.7703954852176217,0.007245388993629932,0
51.30394278593548,149.22029113967514,150.7004820167926,0.003697647200026219,0.7325136984786024,0.011683803006158731,0
47.28177260579053,149.2288440802873,150.64210932222997,0.00382730440962655,0.7170943031419466,0.01486840303397587,0
52.411060672784046,149.29378148860758,150.61146017128135,0.0038463813480256277,0.5884861589072661,0.010806451054720128,0
53.46737113837477,149.36491376524975,150.58759926363834,0.003829906224983911,0.6139492049787755,0.0031325062765552927,0
52.1254183139474,149.41591561100108,150.55896181911422,0.0038736592749294835,0.6906658980520185,0.0040693838238099415,0
48.826160764791105,149.428695327448,150.51704258606824,0.0039418990621606035,0.6560095254683498,0.0064192005047695065,0
49.514355552683966,149.4469265961648,150.47985962031768,0.0037732212567244917,0.48636384418434536,0.005948398734750389,1
49.41216881408021,149.46246689522476,150.44388402147885,0.0037630594520389224,0.5522689403813084,0.0060155998450153346,1
51.462949798241254,149.494630874238,150.4173113407095,0.0037566490975444126,0.6362093354772396,0.004739595731735826,1
66.10471564174935,149.70286412134953,150.4693148285682,0.004769616121902058,0.5953885903099098,0.018591821336954882,0
64.32632743170225,149.8760029878873,150.51250238920787,0.004471603184187894,0.6916664563015569,0.019667341892232792,0
71.45877698146586,150.1641194074234,150.61045292614835,0.00482517880639414,0.7637753923266993,0.010464396124167628,0
71.34751674454387,150.42382267535774,150.70380580125038,0.0048447378706023845,0.8338249660554424,0.010530450760539208,0
72.27768306094336,150.67782861903078,150.8013565892072,0.004835472511640281,0.964200602928852,0.009210292611133803,0
60.71003252017935,150.80378767884477,150.8502773114958,0.005592527560671719,1.0060446730924975,0.01644736842105263,0
59.12080825073658,150.9015490273842,150.8901994233931,0.005514804962074852,1.1713076505967157,0.017585445147503133,0
57.13118178201957,150.96998935566927,150.91989185256546,0.005584957388678898,1.2346647813383749,0.018994888375946303,0
57.42514206410847,151.03571968124677,150.94995979495476,0.005576657388832398,1.0896610418895434,0.01872607325144202,0
58.86766143585217,151.1132864399001,150.9864737668294,0.005576696219954732,0.9605715133771369,0.01745139143871936,0
62.98989166627315,151.238709959848,151.0449567291601,0.004127850812319866,0.9435921597416346,0.01358005263847029,0
59.44987165232246,151.32170374736555,151.08805013616632,0.004184419475276158,0.8351667421475222,0.01571230938175271,0
59.97966904300402,151.4034577829358,151.13217692731055,0.00287185032083859,0.7204310157243149,0.015245153343918964,0
67.3343910294887,151.58410559790167,151.2196769326567,0.0037980845711226225,0.7163961187562932,0.007827768586782346,0
62.06978546720897,151.7018249432261,151.28419707138406,0.003921261070189467,0.5691820910115564,0.010993277026986548,0
63.23074187747755,151.82547436586523,151.35329660506324,0.003073341553350018,0.4739306155612788,0.00980392156862745,0
64.46711654401653,151.9554424521333,151.4271871087659,0.003011582482675339,0.5697653281680697,0.00855145595480235,0
71.03606863429432,152.18637410933093,151.54585833241444,0.0035789470454457763,0.9560908361108426,0.0007772711063106032,0
71.60609014826238,152.40673751915725,151.66446730119858,0.0035579025427949556,1.0809889575852478,0.0025889572587985436,0
61.87890513338323,152.5213425146811,151.7425076636933,0.0043043991460271,1.2963827812264315,0.008397847021724976,0
60.29317148559461,152.60979173681724,151.81093809107333,0.00424493440779488,1.311181022573693,0.009449312330265235,0
54.55340153779476,152.63171731738095,151.85214380829424,0.004419054323842006,1.325436294523795,0.01347813143124929,0
61.0924512795699,152.74679783922923,151.93167599025918,0.0048156739892383105,1.4096695834002766,0.0068902599052693405,0
58.03498245165613,152.81853494811986,151.99437347078367,0.004362107985043312,1.454556420206643,0.009120481410321662,0
59.19913302299764,152.9005822352131,152.0617088168511,0.004213406133033768,1.5015537303977684,0.007938581981045262,0
45.93350077578733,152.80909471860673,152.0568505710178,0.005629158949660697,1.6749124759562177,0.0194813176748474,0
45.429434390671155,152.71870147207008,152.04899827450402,0.005589690449683455,1.6414662872127164,0.020018393743675453,0
55.966894979380335,152.791208104626,152.10604195962827,0.006135410834329911,1.3575185531373135,0.009252008134441984,0
62.34695708407222,152.98252768112718,152.2133615605094,0.006789816396100593,1.357753896505416,0.0024547132850920353,0
61.69066341357671,153.1470539847116,152.31275889935463,0.00647355474077087,1.1613674953018365,0.0030378510860211605,0
62.401045747480666,153.31019578762334,152.41411013288405,0.006443478687439648,1.193948454410963,0.002970468242633072,0
60.00438120040427,153.42922718741363,152.49944314291227,0.006301629436573847,1.2364787986963595,0.0049172475260740095,0
56.79394413894427,153.49787302367224,152.56504258588075,0.006092700107112804,1.1473510098195754,0.007590097139543636,0
58.203678826413906,153.58283899359895,152.6375353211497,0.006042139664569872,1.1054079276978241,0.0060237576154344346,0
55.91167719314326,153.63304569273546,152.69599638325636,0.006084053308929092,1.1025917179641724,0.007851578152455808,0
48.74963778097451,153.58608819887206,152.7136159825356,0.00515387017139689,0.8586175758094093,0.014235392080833919,0
43.327225330011856,153.45979185060193,152.69562310615683,0.0055519864304387715,0.8041042523519254,0.020097287060163584,0
40.055843326074786,153.28838135075608,152.6545637520946,0.0042934036377212095,0.8270518639978851,0.02413295248405554,0
35.14941703499963,153.03519983187374,152.57433039080377,0.002942380177944976,0.7861960359637966,0.031135911102538896,1
31.33673722930267,152.71565308707946,152.45967516229146,0.003034923878108678,0.879525435361389,0.03768048452978094,1
49.704413301281136,152.70939977406613,152.46721137954623,0.007919414496410341,0.9421592856802223,0.017491081129980098,0
46.08374062849076,152.62659876674783,152.442384485895,0.008015489811741713,0.9489828047893579,0.022918934867358874,0
41.42935061493627,152.44120633281136,152.37264977540747,0.008230470454705222,0.946618719038329,0.030793833780052262,1
57.66485978828718,152.66299810395043,152.46747540106162,0.012442694536992602,1.064286624366129,0.0035536798899971182,0
51.16678418255479,152.697950761838,152.48971807582797,0.012968059431704078,1.0806578050998557,0.01496444202567481,0
43.09695751313271,2752.8506749198227,2769.121129308525,0.004075764074823793,1.1392442367803095,0.016870736946384603,0
44.100264372597714,2752.2254105042202,2768.140763236075,0.003945940640440167,1.091125316198906,0.01616717094066102,0
41.178590770689155,2750.982380945061,2766.90213719077,0.0038791942190160643,1.0830712458167608,0.018655117759617562,0
40.36731093747261,2749.6673664816276,2765.635463784276,0.002050551164403097,1.0911540016347052,0.01746311912933522,0
41.24009824802797,2748.6115960010256,2764.486460248259,0.0020355301545282476,0.9664641207318563,0.015482327040021908,0
51.59368569827284,2749.4689257475206,2764.1947477972994,0.00287676379776568,1.0189989370060546,0.008304286891784335,0
51.83420482390053,2750.2920557285206,2763.9373824572244,0.0027916900518301685,1.0096741639290574,0.00812149724471014,0
51.394164392464134,2750.960301607929,2763.6579424202687,0.0026585839177534504,0.9897846198810688,0.007362292267304274,0
50.641825782685814,2751.440805027531,2763.3364611327643,0.002629764642278275,1.027987460038309,0.00362844702467344,0
51.523577633502924,2752.018450014873,2763.09212129494,0.002570426187895311,1.0692712069131478,0.002103372195149592,0
48.65307429133208,2752.102474029385,2762.6665575371935,0.0025502856000134163,1.0308473314234512,0.003777887628794849,0
51.37990910996913,2752.588346570274,2762.4388838685454,0.002579350814806694,0.9552187925140543,0.002212424838342723,0
51.637295315383916,2753.0660106782607,2762.2378467068147,0.0023638290578997523,1.00566506546254,0.002066997015527931,0
46.59221893806582,2752.77381346968,2761.730583211018,0.0025747751399366786,1.2749965129396448,0.004836381392045455,0
39.39333960062969,2751.251577809503,2760.6995070325556,0.0030661414223261936,1.3346153553752937,0.009682841101726477,0
54.52636734786261,2752.390143923478,2760.8026992482296,0.0037878079569629054,1.2423558588745893,0.0018457215353116395,0
55.16576505587577,2753.5535752194132,2760.959094972567,0.0037889381936443965,1.238169674686178,0.0013744500301223917,0
48.41166764280315,2753.376960132029,2760.5785069342196,0.004097362229694133,1.2698168015320102,0.0060689579053715284,0
53.02128136765344,2754.1318473045717,2760.6081093079733,0.004256065468912182,1.3069129570336706,0.002571199576314832,0
48.500118940244356,2753.928739421853,2760.2555866610523,0.0043983642552266,1.3005407316117814,0.005959266840025436,0
49.93371912956684,2754.0212619600143,2760.0366388372395,0.0043809758296756715,1.3469710882045305,0.004900359533395309,0
49.77943844899004,2754.07640579472,2759.8147550651925,0.004349978752438224,1.389622690290211,0.005009730704373951,0
52.519608129870456,2754.6216633906115,2759.8141558109837,0.0043949316678484375,1.2426702183639198,0.0031161147052217414,0
51.81699364902424,2755.0006554278225,2759.764760704823,0.004288002833320851,0.7645932558104521,0.0035524557168783067,0
45.6748564186024,2754.2766125055423,2759.26242329572,0.004195211990841906,0.5610354370248409,0.0076435905752509255,0
46.1049613059864,2753.6882541299983,2758.809578991401,0.002666735907736533,0.5090802215140922,0.007386850538964331,0
50.670104418368375,2753.879879351468,2758.6835950188292,0.0028547156153248075,0.4961546129875501,0.004608611749067341,0
55.62370862802589,2754.9391136376853,2758.9391670337263,0.002616631625801529,0.4702337096287012,0.0012296211008137432,0
56.877301463013744,2756.1355675548457,2759.285121215946,0.0024061888512799125,0.4562556734591668,0.0009033423667570009,0
57.08613572136617,2757.2561320934724,2759.6328397835186,0.0020536518520336802,0.4199058974237412,0.0008309725457114284,0
62.935091706111955,2759.4224800992156,2760.4539777245204,0.0023809528135340465,0.38065415833951216,0.0,0
61.66351873328091,2761.220543050726,2761.17268216936,0.002409980137459055,0.36809836437155197,0.0012597631423849577,0
60.27479241977037,2762.67587534803,2761.7892987295663,0.0024231516229796545,0.3894137083349868,0.0019088956701332612,0
62.54571724104716,2764.4211884070096,2762.561360401284,0.0024122011507391318,0.31477880250269913,0.000791064786722402,0
55.28481982494504,2765.08588238606,2762.916228401304,0.0022797769622158476,0.3229405322601235,0.004257793621969098,0
48.80234893959436,2764.715766213905,2762.847384091882,0.002699286321096441,0.36458463430333654,0.007967550481327159,0
47.22387014098944,2764.1237487026206,2762.6731555599167,0.0026048661234561246,0.3753090965844523,0.008954124042731557,0
49.2534614718181,2763.8833863724417,2762.6301880013,0.002378273843696441,0.414773354355538,0.0078214994031745,0
43.295925428633225,2762.6849073567405,2762.1768793795627,0.002597759666541145,0.5741023245501085,0.01159448325432091,0
36.70447245153893,2760.24813755572,2761.1743754174036,0.002950355068079335,0.6504558579709518,0.01684258955494533,0
33.38904628598108,2757.22436926963,2759.8691337769756,0.002278172296036564,0.6802002019463332,0.020047627330722007,0
33.68899103289435,2754.5266911017616,2758.6329114425175,0.0023364144272912594,0.6904285492922637,0.019898146055664673,0
34.718140662195964,2752.2097733369283,2757.4987276506886,0.002422928785502256,0.7366439711046747,0.019412497600130342,0
40.24900024321654,2750.7992623990235,2756.6975305138626,0.002592079482168224,1.0316800423577168,0.016731223227162095,0
42.50760893563876,2749.818350672185,2756.0522678502384,0.002628559263379287,1.2196911866759197,0.015581080522486773,0
52.592398044583426,2750.4737590861223,2756.0780536526377,0.0032629040886374304,1.3477570023681031,0.009612943181841329,0
53.300345073118,2751.1905616376202,2756.1545252462997,0.0032546372631876747,1.3626997900412945,0.0091370381333847,0
46.31122983263571,2750.6771679937597,2755.7427708227247,0.0035025803576603453,1.3306751495848115,0.013620766872559361,0
47.466507360143275,2750.3936178021518,2755.4231172235545,0.0033341523711082504,1.045109881764184,0.012919896870420475,0
48.533634635745734,2750.298976503593,2755.1838571375906,0.0028266417063901343,0.928592893250564,0.01229360952523198,0
50.261908172456536,2750.4705146902634,2755.061423110872,0.002529198381045894,0.8942721217887727,0.011300407838403236,0
37.391599719712154,2748.1780410940255,2753.9240332658037,0.004111748984673745,0.9350875416186655,0.02083335198893487,0
37.725700200062114,2746.151524236066,2752.8521222717873,0.004108354230272057,0.9531981900756092,0.02064617361999079,0
36.91949389675345,2744.13706866569,2751.7478651469182,0.003994036667543311,0.969654115065886,0.021247670584862384,0
27.999428991137123,2739.8096761539673,2749.6455738713903,0.0048782291303421915,1.3536405541485177,0.027087152695321776,0
36.204357010403704,2737.132532628334,2748.1424099458154,0.004701986179214374,1.2461728854920375,0.02031939323981557,0
32.35580095189903,2733.5103630830777,2746.2004386435237,0.004725754612907429,1.2673215760312766,0.02508241588767379,0
29.735163323884777,2729.3093323181697,2743.952117445224,0.004688471936423809,1.3069288561662724,0.0287797089666444,0
28.853064168057728,2725.184603351231,2741.659055193691,0.0046007285827324015,1.297817663608481,0.029635181554821297,0
48.336669101885064,773.4546083226311,776.2015817437041,0.007872332145719673,0.6712064745283545,0.03343902338695421,0
48.058626432497114,773.3921240780427,776.055453373296,0.002912227663860707,0.52440152980161,0.03377333984648805,0
47.29689664710904,773.2735895558923,775.888306507608,0.0029754430658152768,0.5186997659985756,0.03464352671658457,0
40.21999741492566,772.5271234001526,775.4431571239469,0.0036253868610500984,0.5453855032578004,0.043699799691144334,0
40.434828473943824,771.8663028948945,775.0248217354311,0.003475978191687663,0.4511356359640455,0.04349536297025015,0
44.04493501664509,771.5070678899002,774.7314790867111,0.003629656595460328,0.46442048808970293,0.04009901029436889,0
40.11726591656026,770.8245166309897,774.2930881836842,0.003629361696044525,0.4657931679925129,0.04520187078129953,0
39.811419371826034,770.1785326928497,773.861840861842,0.0035621013271769273,0.3978371449664539,0.04561224681353821,0
40.13910174728678,769.61328453502,773.4583346971347,0.003386118221611634,0.34397075784006154,0.035590464124345765,0
43.53236855658707,769.2974159644724,773.1586549285446,0.003584735609114575,0.13429852884685264,0.018334840162837946,0
42.64344165409192,768.9449592588211,772.843051427477,0.0034901484027088964,0.14585181372148637,0.0135188570417241,0
41.03217516242423,768.5069825244326,772.4893311107522,0.0034880704362369413,0.1507489286600031,0.0139334398563935,0
41.69652634249757,768.1441446560711,772.1657080996258,0.0035225286376246645,0.15530566370040785,0.013469318201318636,0
38.31036108245503,767.5728925025707,771.750554123534,0.002470762411519373,0.15521418984379148,0.01686016555049841,0
30.26570689629311,766.3175710425955,771.0329715161027,0.0039251994840788056,0.2936309354563548,0.02730643547093913,0
30.367273628004767,765.1867057828667,770.3486001731783,0.0036148613989933852,0.34713115525845023,0.027238368958140538,0
42.1634561825701,764.783010404056,769.9615196473077,0.004690184969924457,0.5201221279119083,0.018463746064237105,0
36.34832403127425,763.8746959765522,769.3568170393556,0.005193063284394825,0.5514569664800785,0.026150281363786824,0
37.24764631213361,763.1053629722634,768.8006271220944,0.005209178879892608,0.6192428021715363,0.025403562473052834,0
28.58745876204398,761.3661140718896,767.8197907069269,0.0064953385609682075,0.9662878528037562,0.04047798268415721,0
27.54810226690948,759.6354324167943,766.8132999195782,0.006465952194111329,1.1193406898579608,0.04090414811569972,0
24.600107581789587,757.5885859710937,765.6434539685122,0.006554893594680176,1.335132660192303,0.047822240229538154,0
28.66963358909902,755.9749494639697,764.6250141199113,0.006809999166470564,1.3974395549532843,0.0421926672111059,0
27.184343587740898,754.2912042305304,763.5539554848446,0.006809755512749089,1.444331487700826,0.041311120823901044,0
27.95406390724979,752.8107589638093,762.5462646266144,0.006417712851922738,1.5312418779387094,0.04067680242703046,0
26.543967968936983,751.2713303767675,761.4956802535818,0.006375633776772141,1.4460619689125271,0.04282900529062477,0
27.758612260372786,749.9404830567612,760.5154119924841,0.0052684482033740635,1.2419719597500316,0.04021432918074064,0
24.209960910197623,748.2268214741649,759.3596094748705,0.005247411954941315,1.4800991615020052,0.0478174730736944,0
27.654082620510337,746.8526316939057,758.3267125533152,0.00542182759120066,1.69828035873534,0.04517583124219853,0
33.30033556015648,745.9141587681984,757.4659020660782,0.004066775084830728,1.578083518858346,0.04029852402582259,0
31.717494163631756,744.8841103935371,756.5641803423187,0.004079910622277533,1.4869193889512562,0.0425793087575281,0
34.19936946152934,744.0855351905286,755.7561472738428,0.003630506413795294,1.3797541877230528,0.039307552215928375,0
35.01697495229496,743.4058934277022,754.9995782221791,0.003424552234754537,1.2855261437298013,0.03867290796922261,0
33.42661142079541,742.6385935496265,754.2098774795375,0.0033513949852532685,1.2460039723824836,0.036105323600465936,0
32.38710094942191,741.8443754328837,753.4104941898863,0.0033454509370980105,0.8620944748890341,0.037518709316302336,0
31.24119596031356,741.0162805076035,752.5977944544566,0.003273916838326255,0.8422652789443261,0.039146082269876696,0
29.9035372518194,740.1384793663733,751.7642883169414,0.003262067770885042,0.8149696849664266,0.03956000640877492,0
29.450869844998294,739.3014281225069,750.9468550955912,0.0023324587176566545,0.5103139469477646,0.0342517941674307,0
28.077759573369377,738.4155291007554,750.1087903668188,0.0021952963397580626,0.2899654390120432,0.0350684597067637,0
26.40800120224131,737.4520962721219,749.2369316398314,0.0014294150006456932,0.4259070959892235,0.028559643198678028,0
25.31145982074932,736.4709023954498,748.3546270616698,0.0013542348193511643,0.5810454782495328,0.024135305237884756,0
22.090230244065893,735.2260061628909,747.3584952329863,0.0014586996907849268,0.7154595863645491,0.029444272980528655,0
24.03356401060809,734.166345149121,746.4307186049278,0.0015267410917196252,0.8197916409509467,0.024306086472177964,0
26.158920164470445,733.2790422700826,745.5704479546121,0.0017503834815084823,0.8268527212095703,0.022763331110913138,0
29.14771920291473,732.5762574620942,744.7868352997366,0.0019739107990501574,0.8837168184265726,0.018046528647676568,0
26.964936068343548,731.7546878692194,743.9572721707441,0.002031224390080018,0.9105337148613272,0.02078871129111168,0
29.445136470015797,731.0923191227757,743.1950302545652,0.002155383353742963,1.172856455247555,0.019591628650920078,0
27.16587272125122,730.3073164835328,742.3859921227122,0.002217642371364444,1.1611925673722947,0.022342152534447268,0
27.63001251167759,729.6113675107159,741.6155157941963,0.002242636763992369,1.0731903810711487,0.022130013831258646,0
27.07270792458739,728.9388428554416,740.8581760745371,0.00219131441456731,0.9656532038485299,0.020690626890322302,0
28.28441859255264,728.3637077716432,740.1451863509475,0.002205885543489092,1.107382660246962,0.02019639658716477,0
27.648393513169268,727.8004902372116,739.4429796696784,0.0015210945111844747,0.9592495358346922,0.020762682187762876,0
23.47894768825357,726.9766251884143,738.6380604697857,0.0020067849483653183,1.0278026335993053,0.02502954792314128,0
22.6431913419309,726.1597960553477,737.8356801236916,0.0019143962617073557,1.0400043122616465,0.02449885159774639,0
21.131086474896833,725.28742485213,737.0099611601838,0.0017470543021965356,1.1768031673659447,0.026499302649930265,0
19.90414847971114,724.3838503520606,736.169757084987,0.001681474452922605,1.2510194206268184,0.025146689448122973,0
33.575893936416776,723.9425272646793,735.5195696129654,0.002634227959429029,0.9725908426678207,0.019520649938129558,0
35.23358313629666,723.5956158943021,734.9171367722864,0.002569307539820302,1.136765533831508,0.018742191071479262,1
29.293135780043542,722.8865066744019,734.1745555031966,0.003069883621686278,1.2746682901498736,0.02094533196765951,1
34.0537927263953,722.4020730477492,733.5268713038648,0.0032391025434309207,1.3110689133881492,0.014906676496235045,1
46.70184347879419,722.4780677156696,733.1185381089508,0.004150613361575892,0.7213803197064025,0.006982836985244802,1
61.791960746088485,1578.8918549825894,1579.471999392753,0.0019118758628692233,0.8974745980073001,0.00490816075244229,0
62.48386032442098,1579.9521395577597,1579.9242695915693,0.0018472904773313024,0.864613522619476,0.00440251572327044,0
63.11321441719089,1580.9778114509147,1580.3854536050542,0.001847551424052221,0.8207349055964697,0.003960551343126483,0
56.54563335695331,1581.4760682442484,1580.6334174901142,0.002249885152055641,0.7725689498899391,0.006808756248003909,0
57.60149699651333,1582.0221023855308,1580.9124952871002,0.0021482698385338556,0.6708160800831393,0.0061744261149260645,0
61.43617075684357,1582.878420710999,1581.339810968572,0.0022159982505858,0.6118714826761205,0.003771213073538655,0
62.020233195594365,1583.7101702549094,1581.7730779641934,0.0020422623395610537,0.6310055277440585,0.003392827655752203,0
61.353038165627616,1584.4243569220905,1582.169961102022,0.0014675284961381794,0.5932317331415164,0.003645078560902056,0
53.59250350928578,1584.5936486222029,1582.3391405402033,0.0016855304736318332,0.5167173875175475,0.006808756248003909,0
68.22326319627773,1586.357923753352,1583.2082800671828,0.0038018517830440673,0.828349291675422,0.0,0
66.22751472713416,1587.8108649305696,1583.9762030380075,0.0038427714069038735,0.8922872787641057,0.0018107045818363853,0
56.396600115616245,1588.3340735008408,1584.3645233294435,0.0042841924091261375,0.9112650267193488,0.007029404900924081,0
58.24619230206511,1589.0265780922816,1584.8313229220082,0.004301748974399252,1.0297118129881504,0.005577854443620323,0
60.88752803164315,1589.9770659891751,1585.4186200860918,0.0041831593350314085,1.076671056249367,0.0034396497811131957,0
44.16307739561616,1589.0358189151143,1585.1986517708685,0.0057880878597471805,1.6047015951916759,0.015442076318629401,0
46.8262717809981,1588.4892546874544,1585.1202972732551,0.005769208317693404,1.8369072175938512,0.013389724321404577,0
57.31011453457075,1589.4526595762204,1585.6754573663068,0.006607215355652641,2.020116047397672,0.0036907447167324986,0
44.761998942073,1588.399553835829,1585.376407819715,0.007806866358498708,2.0771860004193385,0.01653571666385801,0
41.560148667377774,1586.818004785766,1584.8194166644082,0.0078486098791323,2.129669897981454,0.020804141847593688,0
36.9077474528514,1584.3582412385338,1583.8439546308502,0.006883228778860617,1.951446614774563,0.02786675208199872,0
33.88209349905304,1581.3707465491766,1582.5830108664097,0.006895693320389478,1.879832207776753,0.03316162266580811,0
33.69616460437781,1578.6203224031055,1581.3552206771421,0.006900402039795027,1.8973577919226525,0.03349436392914654,0
33.65639485243206,1576.1224698009034,1580.1753455569979,0.0068189662997208255,1.783038063811632,0.033560921648144205,0
36.79049487335546,1574.2341541457188,1579.2039564913744,0.006850107006916118,1.7656539930871384,0.03097086015525668,0
34.41139183365887,1572.020883345009,1578.0581364571606,0.0060759641498297195,1.012602342382917,0.034493874919406836,0
33.61630118244294,1569.8470220479176,1576.8873889569072,0.0059325820851051925,0.43059936908517354,0.03569587565910643,0
32.45003095023284,1567.6326128530657,1575.6603197136262,0.0042734275679992,0.4531085505864799,0.037436974866191096,0
34.52021548014102,1565.8387386548363,1574.573509483543,0.002972933617253843,0.43286593277803354,0.03596329378606327,0
31.324770275380814,1563.568042828042,1573.257172407489,0.00299153831569615,0.4084794647221511,0.04053177691309987,0
44.107125750648905,1562.9995785131746,1572.6252006869984,0.00436723590341905,0.36516226926163725,0.030110442442976837,0
43.05597703252133,1562.3042907460067,1571.9428294388683,0.004041300382859296,0.340032314753423,0.029825818519252617,0
42.36923270242134,1561.5609425821235,1571.2403645111253,0.0040500038150219865,0.29484507133522697,0.030620762679921195,0
41.189986759114355,1560.697909136134,1570.4864414027545,0.0040750902810905276,0.27655285810166536,0.030531416691827698,0
40.04956507851232,1559.736113927435,1569.6872213312456,0.003990983079339933,0.2742277516987821,0.03153619578485048,0
38.595926484924725,1558.6373415756132,1568.824506119056,0.0038750042241249777,0.2703233091774199,0.033135286426856286,0
42.35149512577274,1558.024211243764,1568.1576523117799,0.003949260678493675,0.28781185144968785,0.03047290962251001,0
38.42827749321677,1556.8789713214894,1567.2696481344453,0.004135214047542593,0.24851981772284695,0.03408793736861255,0
34.8913085930148,1555.2427747010076,1566.1656978571707,0.0042832730709067585,0.30302146047984624,0.027472916912110165,0
32.488886752857795,1553.314785356902,1564.9187864710711,0.004170457065998068,0.3248127924293153,0.026123762596701953,0
27.101414888188188,1550.370375890771,1563.2189978818271,0.0028205185861253524,0.43099851949333773,0.02489491842240962,0
23.619834874749372,1546.7158898428813,1561.172955135414,0.0031277280107080484,0.6000924150259023,0.031679910326760916,0
16.130911586563315,1540.0855326849294,1557.8169501513185,0.0070213468630612305,0.770527960673563,0.05605581896735175,1
32.66608160490671,1536.477249080483,1555.598401741578,0.00990396970074007,0.8819297897167258,0.03841038151890189,0
33.56528858280147,1533.3650309931488,1553.5335700206808,0.009981989521794219,0.9218814042081304,0.037305475305480174,0
36.147857743586904,1530.9778178135912,1551.7315976555208,0.010157843351238734,1.2678936489829111,0.03421068349499037,0
39.78884684468165,1529.4370358527246,1550.2612654908003,0.010269016510196603,1.7205967901995003,0.029772890237776007,0
39.159885039049485,1527.8810869245403,1548.7826690328584,0.010259269356900658,1.722573057158122,0.030929911825556673,0
38.24086839367368,1526.2447517183268,1547.2682778741241,0.010236226910724452,1.6603441706150193,0.03256773339008993,0
36.6211939350407,1524.3642611568655,1545.6479845789684,0.010233040307099423,1.6418618858525813,0.035446415143752075,0
32.09054076299252,1521.4247539465894,1543.5765108689675,0.010263029248778303,1.465360860542221,0.044459340083068295,0
26.164397103551693,1516.6604151457177,1540.7108989674696,0.010975586077405803,1.4904763556881657,0.05905941482410103,0
25.861840165295447,1512.2260211725422,1537.908809439227,0.008307676470241913,1.2730377943517976,0.05999596946257591,0
24.412022349909037,1507.6234829403165,1534.973254155282,0.005640852601485409,1.1819310344827587,0.06209442099739424,0
22.750512676377795,1502.744998524229,1531.8580499378418,0.005536856916631334,1.1828786808310663,0.06756387171419521,0
21.833005547205616,1497.921609517454,1528.6972337756492,0.005102124643565651,1.2005753812293665,0.0707252082975533,0
19.685667088075405,1492.5290258224077,1525.2351138718525,0.004326457924975608,1.2338627730868796,0.07874834951423419,0
29.98549838255512,1489.0786157389932,1522.505431852658,0.006467299036267631,1.3201557039114329,0.06262442361741524,0
26.17734444410891,1484.4520429076151,1519.2594316769375,0.006771234295273352,1.408337363865308,0.07247485207501736,0
31.62270820297266,1481.1422952903797,1516.5070867063998,0.00763001208086525,1.4374856843689672,0.06084022640056679,1
29.436836124997626,1477.328715392975,1513.5244128884233,0.007487047868441461,1.671848634159041,0.059399054219769425,1
33.5765604538491,1474.564063664702,1510.9453835133504,0.006761484360355268,1.3742685346752546,0.047089656060605806,1
45.457982844765525,171.06578964601613,172.55541711188346,0.003314800790416115,0.9485659733870623,0.019170068160678344,0
43.986279519334104,171.05091970368954,172.48473213609117,0.001844965384430046,0.7825671603768702,0.020303090201573858,0
41.26060236654191,171.00311684398693,172.40192845286526,0.0020305627923510525,0.6704603393731942,0.022456767883448085,0
38.28029342671381,170.9198111514468,172.30504046065005,0.0022689077652247504,0.6286838437828726,0.02286486379829304,0
43.79720231687712,170.89502661948956,172.23512636777443,0.0022083018513052756,0.6332903095734126,0.019278057046375596,0
44.30303837926817,170.87737928794667,172.17052094128059,0.0021643664970904353,0.6329972053553823,0.011598592054757518,0
41.79167556206247,170.83185241947976,172.09575499336717,0.0022536909750854196,0.6145946644088228,0.011737089622285856,0
40.20817328193233,170.77160195846548,172.01594121153974,0.00215323414621232,0.6287013921490341,0.012925951749054417,0
38.937062703089005,170.7018476911428,171.93299069451575,0.0018947154858057482,0.5613839322235784,0.013879091411044101,0
43.83670179092861,170.67783784827492,171.87090607796202,0.0019880205447880897,0.5199185252198031,0.006160182285463168,0
41.559418888098314,170.631335175398,171.800721982486,0.0018973646896452106,0.4727575832392006,0.007697265055535572,0
43.149764653059584,170.60166056384531,171.73905305739066,0.0019261781784127357,0.4766107533125693,0.006928091974156816,0
48.70052344654301,170.6205643533471,171.70003832527127,0.002051032776494287,0.4911570509922513,0.004098342715076335,0
50.12087202255201,170.6500535174626,171.66811963422685,0.0018372540982463505,0.6156843488328373,0.003744308640154657,0
52.30889505320063,170.6957909563119,171.64586430295554,0.0016157864648785767,0.621183835334755,0.0025711589367835154,0
55.66005802065991,170.76765959979377,171.63778094448605,0.001692718071308779,0.7059741512901025,0.0006999730423605173,0
63.86392925756805,170.92415114125333,171.66958491085882,0.00215788394330056,0.7509369280381164,0.00406007153514159,0
58.855421635816704,171.0266590583534,171.68316629951892,0.002330288557173357,0.8904442257860112,0.006453491920648619,0
55.754436269659344,171.09367078192642,171.68508754933498,0.002397723912717959,1.0089875696113841,0.008035898894459699,0
57.36717153989146,171.17144541547162,171.6942984016341,0.0023462749286888994,1.1940484289719597,0.006980378818447309,0
70.26890852414648,171.43139379824834,171.78447030124207,0.00396695144458347,1.559732450510101,0.004427856811307825,0
63.414604433788476,171.60369447873438,171.84387565254522,0.004385844748741898,1.6954480846790365,0.008254402161385736,0
63.472711285512304,171.76052826193668,171.90117283396708,0.004395204609992717,1.7575776978282251,0.008196237627389972,0
64.14763670940607,171.91289656647905,171.96052662406652,0.004397530546892352,1.6487951708143493,0.007556515655177774,0
66.2249327836859,172.08313461638122,172.03119472153608,0.004399625545834986,1.5962877601528596,0.0055843479432654145,0
70.16697748436465,172.30573802254196,172.1281060705001,0.004478970140807421,1.4720641672618253,0.0014333218818053592,0
77.56818846770193,172.68716579444012,172.29753190957476,0.005225748724505503,1.5703519291088694,0.006976324341053283,0
66.8028399810456,172.923665132993,172.41375656455162,0.0057606460596097515,1.634313489827737,0.01352968625884053,0
67.27479646795578,173.14811144513507,172.52958506924887,0.005656976549461919,1.5374618931098114,0.012893624615331044,0
67.5458124711019,173.3568906517495,172.64302175047428,0.005675415028152841,1.3917482770422689,0.01254703430016425,0
68.8426349942607,173.57245081353193,172.76304367570964,0.004573380064069712,1.091780988223868,0.010932685470490637,0
66.2954410039133,173.74366448317957,172.8680319152831,0.004353634128090881,1.0119746502592588,0.012373828074154046,0
67.48736869819416,173.9204766515618,172.9779389808985,0.004334091530073034,0.9784322728244262,0.011047762614960113,0
62.23215147410971,174.03186958410575,173.0628207616752,0.004539235855664704,0.9046875093409429,0.01399278656396883,0
58.03351449506642,174.09074339845995,173.12654586019272,0.0046533341383434386,0.9478746334620701,0.016547377558806843,0
58.30894922864142,174.1478199268078,173.18926013898127,0.004479185949186505,0.9642802186473833,0.016314561823207334,0
56.03224898173265,174.17755399954646,173.24018738754327,0.0024516349440218484,0.7807347411050042,0.017654399024053278,0
44.808874659561745,174.0739707826294,173.23417341317375,0.0028056510350108915,0.5705965075879496,0.02570915155348034,0
43.50730451133025,173.96215731040806,173.22080319293127,0.002733535335881859,0.5788538936793264,0.026836318990424116,0
35.93459418381663,173.73908314380898,173.15680708464689,0.0032459974044367194,0.7235881391368468,0.034494804436411695,0
33.759324396593584,173.49534926855802,173.0778393783361,0.0029689978859098114,0.9354597273736007,0.03715387827126238,0
27.355635979449858,173.12434909262566,172.9390120658429,0.0035984551682752206,1.0742053246400034,0.04681596047685874,0
24.58968127007732,172.7058238234828,172.77111543935703,0.0032323575630207636,1.2869829613449326,0.05221358253822226,0
21.854425772199605,172.23191963095508,172.57016187028904,0.0032619526589808007,1.3819640553199455,0.0584868408065134,0
21.62132865660361,171.79458069939898,172.37375848820335,0.003436167769187884,1.431318098952813,0.05905508191677843,0
19.965037249165547,171.33698961783242,172.1594185688972,0.0030917264868850023,1.5085733981092437,0.06317736059599463,0
26.409579605217118,170.98869559311572,171.98118839238472,0.004046459971295944,1.4776695870965464,0.052540632169620086,0
25.236103403831933,170.63833557072996,171.7954345781408,0.0038292406736890514,1.4630490532840994,0.05176022824981842,0
27.21302009454753,170.34134563347686,171.625511995696,0.004051185464184777,1.4917195223484736,0.05044171879615517,0
27.066185713067753,170.0688311340408,171.46083970714642,0.003843363820412505,1.3945311084505991,0.049677618440795525,0
30.690128028718732,169.85655764052544,171.31708192172303,0.004105505410268228,1.241580600670692,0.047247426761174674,0
32.78816308115567,169.6845022463671,171.18743275342075,0.0033030193334503024,1.0542245183679477,0.04587915093761421,0
28.230658956560063,169.42978377289006,171.02173484453132,0.0034661762620752878,0.7259283711465122,0.05233223028940536,0
23.609208598768305,169.0697993724092,170.80876065330278,0.003863063571212159,0.7740695738265604,0.05680654397119833,0
23.247595239304346,168.73267176783102,170.5995630769658,0.0038597165612785497,0.688573576269406,0.05654564537773823,0
18.928365489372254,168.26955505926094,170.33298044971656,0.004718035598578515,0.6657769304099143,0.06724845670850395,0
25.649591931999126,167.92197476666414,170.10675837640403,0.004782619374318705,0.8502189197154044,0.05983480983888824,0
24.31797243792569,167.5636888616421,169.87136949530836,0.004791367363918851,0.9044559550097938,0.05506818399407346,0
21.824482915151933,167.150001250291,169.60818667846038,0.004791026820122834,0.9587945848210364,0.05979655945253088,0
22.46201086730109,166.78237897254616,169.35827510210913,0.004831857808708821,0.9871071321158338,0.05076862567074337,0
30.952683407781436,166.54310373607797,169.15708034724946,0.0053691620363318015,1.0296979399938837,0.038594972746059,0
27.094330770283904,2477.122115406662,2501.0391745552297,0.005538052464197125,1.5324832555505654,0.03557097926473598,0
52.97682609060576,2478.876304564981,2500.801218302107,0.008275336914327382,1.622822299651568,0.013784773529853737,0
43.374491982224995,2477.5616305896747,2499.2732605592337,0.00920543644061632,1.5081493528963943,0.026286885773567525,0
39.796976767347104,2475.0368726837955,2497.218877615261,0.009000726626042111,1.4150234585009933,0.03214875017256481,0
40.13875536327808,2472.8392527896112,2495.2970745211724,0.0087137257138856,1.354106334298651,0.0317699438596044,0
35.76507082496532,2469.134736950887,2492.700475866032,0.00903457669625502,1.3701569989885218,0.03931797500898726,0
38.221857053253615,2466.3657871091204,2490.479263177405,0.009002143452113413,1.3866495120515732,0.03671974506360903,0
35.20305415231897,2462.6502024100673,2487.8235432893434,0.009129793561689312,1.3899523400265645,0.040619634845106375,0
32.726394354800206,2458.2119438523287,2484.812584942968,0.009067699117757105,1.4232926426921808,0.045486485618025076,1
33.48455062992022,2454.359331633084,2482.0071465387687,0.009078564780473256,1.4278637698727212,0.04475140581799477,1
41.35584213572944,2452.6664412923215,2480.111230208559,0.009498540115259791,1.528694312491976,0.030493228970551428,1
48.572176369636324,2453.1080995095085,2479.1611882622374,0.006664165007711174,1.5022171321175812,0.018109306603083266,1
46.71788206951249,2452.9167192119603,2477.9953334873017,0.005555056311646534,1.5201884439517805,0.02068456984696564,1
56.49710084153348,2455.9743227470185,2478.2856796329306,0.006834298625307876,1.5518344210717907,0.006760583029426559,0
57.84880454714188,2459.264481221592,2478.790839072081,0.0068283664996219295,1.7686982693754703,0.0045372611235193734,0
57.63836909276266,2462.183744900352,2479.2493051641795,0.006131248148851725,1.7845338444387944,0.005582612566589826,0
66.70267756661046,2468.7981153569017,2481.4053707732432,0.0076523421184847545,1.7198068577237362,0.00924312744552885,0
62.88044680537649,2473.733858202181,2483.0164316379487,0.007545085063857778,1.672494717232027,0.013647504963495137,0
63.12865617663268,2478.3134548883077,2484.60758960299,0.007065405692323515,1.6162798529075015,0.013165179843383279,0
60.030441792208045,2481.6372025040137,2485.778515136271,0.007410288375721345,1.5852857349886478,0.016632201830433006,0
58.48489095888783,2484.2345156112506,2486.7237496035573,0.007466298005812038,1.4449533550635045,0.018374626111302594,0
55.78704190284684,2485.8698073784826,2487.3227334097533,0.007402098338893431,1.2782133439192447,0.021428040197022487,0
54.629157413295026,2487.0444272006034,2487.765961578449,0.007331407571843008,1.1746176771302401,0.02273639017624702,0
51.29682045127829,2487.2211827424935,2487.812097032722,0.006175547355896543,1.0550177321959169,0.026557957430913468,0
51.773778925900864,2487.514473574769,2487.913173100266,0.006136917209230054,0.5073625629841318,0.025980785408698536,0
56.463290251170285,2489.142004678477,2488.590144816183,0.006396064991288091,0.1765560724308946,0.02012293395297442,0
55.44816712264056,2490.3763343936366,2489.13748926601,0.0029580703564298537,0.14490635064569587,0.021142200663075802,0
54.937523141636966,2491.378744739568,2489.6134156227417,0.002741320441821197,0.1216953587440369,0.02163225229668305,0
56.86249482170533,2492.8000339870737,2490.287743759655,0.0028754732735891434,0.11347385639439311,0.019431013934124018,0
55.67672038788352,2493.847796293777,2490.8331411752483,0.0027111724943881255,0.10082228313208387,0.020448897744785394,0
55.67672038788352,2494.795745979338,2491.355924898559,0.0026709264985303946,0.09022914144997705,0.020448897744785394,0
55.76229050301492,2495.672438756279,2491.865132383138,0.00248466339057423,0.08781573092527156,0.02036741214057508,0
55.70431244224957,2496.4560852905433,2492.349290051034,0.0024383299221771176,0.08635057727653955,0.020408203062917282,0
53.49042324015865,2496.8126762949087,2492.6648014144,0.0021159365549866813,0.06911046210115457,0.0219182664980213,0
51.52352588798439,2496.82098421955,2492.8348409759546,0.002187831338958543,0.07120757459974279,0.023268893399256228,0
57.977967283471905,2498.0476435933188,2493.511344075136,0.002018689711276324,0.0787188373833248,0.018049985938347998,0
62.32500296410275,2500.1384846834544,2494.572920309941,0.002305195404340235,0.1084699957005098,0.007063511439732143,0
66.74862481770869,2503.201677002028,2496.0835961089883,0.002600737328678863,0.18453239666311233,0.0013426143340807407,0
68.89129897069111,2506.6112286221187,2497.800642616575,0.0026240508681865237,0.22573563143063108,0.0023237110451949585,0
67.01716124409432,2509.438876017305,2499.3397479010446,0.002630537663404336,0.3469875555068253,0.0033907082561459895,0
67.33611602041455,2512.08290697795,2500.8521475473385,0.002613488172000787,0.4721706539633612,0.003034822371141292,0
50.198713955916524,2511.6654656111023,2501.125496526014,0.004877014357542312,0.5956656815943018,0.016788331329901002,0
51.76716310047989,2511.621129268578,2501.527364043926,0.004891635001087631,0.7013430457546096,0.015371176492033978,0
48.8332297697205,2510.990524501061,2501.665793327367,0.004941494246952507,0.787950852160127,0.017884251029191618,0
56.64399821842427,2512.162895521083,2502.527639354945,0.005379520207973576,1.2612168356716211,0.01050212003614361,0
56.089688539650815,2513.1188316764856,2503.3108405403063,0.005197452411836543,1.9303410386648698,0.01094286662063661,0
60.91926820797202,2515.2123372817064,2504.575691224784,0.005284215411427148,1.9592011718052231,0.005798568342711751,0
63.49983806927482,2517.8397970906576,2506.095714806454,0.005149088490426689,1.8581887578070784,0.00275287079816835,0
64.16178924883255,2520.407492022971,2507.6339787748857,0.005093287774496348,1.8238087162964218,0.0019647909085440678,0
57.28149465323608,2521.5591805149825,2508.6217314110813,0.005334300863152385,1.5162751394287646,0.006831213752467917,0
57.79662280531625,2522.724996790366,2509.6213822612935,0.0053361604896910286,1.2947126742754467,0.006314626131371318,0
55.79031594718496,2523.4369078670766,2510.438012177588,0.0035771091056171402,1.0828420206351332,0.007746461953401001,0
47.545355161470695,2522.4905228686066,2510.559465793242,0.004278707387793938,1.2611315044694147,0.014442032555450566,0
51.604109991677426,2522.4723822614533,2511.024946388935,0.0042969323701552535,1.3662978269564057,0.010902747281306463,0
51.55524416774028,2522.4464361556697,2511.4678123434796,0.003615494334094087,1.3284987756639668,0.01094286662063661,0
39.21138414756932,2519.4800837906464,2510.6688939856003,0.005298806411784668,1.611264542785691,0.023481715912749102,0
46.21307531324665,2518.2819603955973,2510.5196499294916,0.005461089173833638,1.6485191457722332,0.017112827857333597,0
43.90881836612508,2516.5693833233872,2510.115130055364,0.005274432568515518,1.5416581329619465,0.01979762389845984,0
40.062556201915385,2513.896088855869,2509.259857789622,0.005276709061907171,1.4917335278385606,0.024633332862417118,0
38.52271851891853,2511.0012037873694,2508.2409452196766,0.005196386447655069,1.4740610726609091,0.02669621454726193,0
44.45451389117523,2509.6105951908307,2507.7727398512,0.005634286145576745,1.4241256727503824,0.021390862271000798,0
35.63468048258899,409.43714091575765,413.1998747557756,0.004547457830349138,1.400390545127387,0.021971232491349857,0
47.49447202196051,409.5051835114066,413.0688555552592,0.003104132605352653,1.2077720066755246,0.012190662134355473,0
46.830766892437666,409.5476338544859,412.93537344723217,0.0030332979188896765,1.0776410073273126,0.012562492360369895,0
43.706139782433254,409.49538280360696,412.7675463086148,0.0031669974457606276,1.0690046077398963,0.014425412949839548,0
43.706139782433254,409.44812538636177,412.6074255242242,0.002755674885508067,1.008104706321914,0.014425412949839548,0
44.38560605467081,409.41968939063713,412.46096564200377,0.0026835357914303244,1.017865205208895,0.014053525811501684,0
43.81606513740403,409.3796648234296,412.3148157271065,0.00270702201929854,0.9048193845346325,0.011124664530485941,0
45.32708334683526,409.3720672349999,412.18788770504096,0.0026210419297479177,0.8462565308559523,0.008429055240471514,0
50.14083466578972,409.4605386010492,412.1086334535588,0.002583261740403991,0.8145564810611294,0.005971270484822655,0
54.65542454507068,409.6406683767875,412.07687398845457,0.0025616540864207516,0.892833880713116,0.002309424274601964,0
55.88443764812533,409.8322063546181,412.0590501272408,0.0024858733138417165,0.9092099316263786,0.0015789964924615687,0
61.17337107949204,410.1389132999902,412.10032078012506,0.0017011586691298168,0.866542308468654,0.0012105072382924578,0
60.614508069761555,410.4068358342222,412.1356229293249,0.001683697215293788,0.8713621652458339,0.002784825917156842,0
53.9749940420709,410.5300782381109,412.1175666958149,0.0018346244653118465,0.9150405810732986,0.005829472492892451,0
39.05004384015453,410.2556177594748,411.93279697454915,0.003805952639039739,1.408780250060922,0.01582242684558734,0
31.42509524208195,409.6928692488747,411.61985857345894,0.004510733646551918,1.6264353916551384,0.02411277322326527,1
60.4253829281866,410.2795549863331,411.7940770556758,0.010415239112684849,1.7099546948706843,0.003727276109701243,0
57.90294947512651,410.7055032997377,411.9155773735349,0.010504871828781777,1.7514366674380122,0.0063893764833860755,0
57.98877553925559,411.095613008296,412.0339147784971,0.010504249336011228,1.7838974794360394,0.006268095901712795,0
54.181186104942654,411.2961058225482,412.0816692548132,0.010603456185864722,1.8060524573604793,0.01016452460158387,0
56.48874972769581,411.5918127490531,412.17644559059283,0.010630977786081623,1.8261339787421296,0.007239382346007923,0
49.35097070841073,411.5544871582726,412.13659401675494,0.010897415307074767,1.9412613662791767,0.015077776034528798,0
48.93476091132543,411.5016644484865,412.09027973900356,0.010897305563848547,2.001997794631961,0.01557176130531478,0
48.93476091132543,411.4538750874883,412.04592067494815,0.010858831824728118,1.973414422035372,0.01557176130531478,0
46.87184704100786,411.324906386006,411.9668655288555,0.010355909206573513,1.5086214562298408,0.01780050642361151,0
48.051028229450196,411.25108970205025,411.9093842267205,0.009891252502559499,1.219170832439996,0.01668495020628263,0
49.91342667285177,411.2509859019291,411.88266982578426,0.0031061365993628413,1.1201549178188217,0.014954392453457447,0
47.18113327760907,411.1508766129444,411.81458676282546,0.0031012059970268054,1.1405762390167014,0.017552368296418375,0
49.7216995734338,411.1460310774847,411.7857096467089,0.0032571411690957954,1.1127503559967948,0.015324708585342135,0
47.4026438627621,411.0606832300328,411.72372377026716,0.003122423700629594,1.106279459259517,0.01742838244115631,0
48.617149168700934,411.02156516874396,411.680434459024,0.0029277193402344765,1.0907064979809387,0.016437355656460872,0
58.74733231275961,411.36240683969123,411.79801267025834,0.003517368306478191,1.019944038629874,0.006753467804507606,0
59.50909285095923,411.70411780353,411.9248173162905,0.0034871018424190692,0.9357317411885537,0.00590428152157941,0
59.17287199210343,412.00375339520696,412.04237815456304,0.003495315539674399,0.9284126335620317,0.0061467705326065806,0
62.58724128753728,412.41771620165395,412.21532968039446,0.00339883628288734,0.8429315198790093,0.0025218873005316954,0
59.54813895796413,412.71128884050387,412.3470862847207,0.0035820904731253688,0.7834046521493352,0.004572789161213899,0
54.060511257151276,412.81974539065476,412.4073182559833,0.003927142407359854,0.855937743867068,0.0064032713722409285,0
50.84907906539484,412.8178636002918,412.42304159326994,0.003925704107153123,0.8570997557327895,0.008842113667631922,0
52.859585330114385,412.88283254497895,412.46612972515976,0.003906889990215393,0.927666729776303,0.007134249593787787,0
50.78239956414685,412.879706061641,412.4814760959392,0.0038724284468200604,0.9372875824238426,0.00871988870120782,0
44.293780762433336,412.66258200442405,412.4063171082629,0.004317810397339914,0.9736789909102145,0.014247457419766308,0
54.910256872963906,412.8328203869073,412.4878968378525,0.004258055781121427,0.9471146773883871,0.004825672435982304,0
59.156044754277566,413.172563718665,412.64394942730246,0.0045133082626929305,1.0821091117488597,0.0013208893338351193,0
51.52018587755686,413.20851006723746,412.6800667293507,0.005060579772198785,1.1007161402538312,0.008221556074049794,0
50.29364845353954,413.19341225229005,412.694803312229,0.004872008782034019,1.2449824089367532,0.009442015565479916,0
49.657088486408796,413.15594223337524,412.69899095477774,0.00485197170280302,1.3483414822892117,0.01005335401352739,0
51.50783952870939,413.18871044898265,412.73086199962245,0.004749689652455264,1.2930239780028279,0.008343439436593108,0
55.6468415064563,413.3755035225438,412.82706080480733,0.004821624285942118,1.2363639341772377,0.0056606193859214836,0
56.25607559705266,413.56831602757165,412.9293193856137,0.004805838552833843,1.1606627933407674,0.005055383087075673,0
53.56215727639351,413.6618102867682,412.9936971755815,0.004830495658107929,1.043258192001358,0.007116179698223804,0
51.985173827804246,413.69878018489055,413.0356349189284,0.004426910718562001,0.9750159827504518,0.00833235674132252,0
51.17389114942027,413.70841914903144,413.0659671264915,0.0032616708167409188,0.8849591927243824,0.008941547404980663,0
38.68942913427822,413.2599922028669,412.9046907147998,0.00442992402804914,0.6724985476589806,0.02078239608801956,0
38.27045609054017,412.83522467182996,412.7419509636716,0.0040638102322962995,0.6521425032959004,0.021281830887522564,0
35.28712955321339,412.3128171101945,412.5282679403775,0.0041344048339512105,0.6665744825732929,0.024917132059413944,0
31.300257327509584,411.6306366262497,412.23598770917357,0.004308880199910362,0.7115075368004383,0.030482552855896242,0
35.40841457012523,411.1229511763295,412.00093473247836,0.004427192964635393,0.7434197601400074,0.027565868923280022,0
35.94654259701838,410.6779057144703,411.78121397635346,0.004036732246584678,0.6962525981050396,0.027186584970110117,0
34.60143749115393,410.2133386506939,411.54454749057817,0.0039311385501497875,0.7162861529917498,0.028831967863440076,0
33.66237665688776,409.7501610083093,411.2995268799882,0.003949746263827607,0.7276897876969641,0.029974080951121508,0
33.23067364869857,409.3120471897624,411.0563688755227,0.003976705897406724,0.7438052967871336,0.030482552855896242,0
48.95341568383321,809.0237662399725,813.4016755286691,0.004342650627939371,0.7019169878485821,0.009693198564850411,0
46.93446338530357,808.9499094071939,813.1803657660173,0.004386752442514386,0.7096414857853818,0.010454701153147231,0
49.39292629219366,809.0501203566391,813.0442505850525,0.004211975698871661,0.8102143531356046,0.007962978033371914,0
54.862170732543866,809.5462532629308,813.0956707302848,0.004426567520709662,1.049682669437399,0.0021492170709241634,0
56.64315779537164,810.138064375272,813.2084797709397,0.0035576924002724028,1.0666881873239857,0.00030646644192460924,0
57.54514859576483,810.7448703664792,813.3479114985859,0.0035715794473923307,1.275462662065594,0.0014697026418018983,0
58.89578149996078,811.3986219877786,813.5274679775529,0.0035746969962958232,1.3154366977005367,0.0002446333329302146,0
61.58771483445676,812.2044992392432,813.7936534457646,0.0035864319281643086,1.3129890945146612,0.0,0
67.45379816694577,813.4816733260711,814.2892841823274,0.003544141972793459,1.3762887037472955,0.0013929559690772943,0
67.82196188066179,814.6750907166584,814.7795460616758,0.002604415326084924,1.4564943343676875,0.0012106537530266344,0
69.1377967490034,815.8880888319644,815.3064988496725,0.002491370225564597,1.4778738127816196,0.0004833978330971055,0
65.14212195182512,816.7994957644851,815.7289567229341,0.002563359520577967,1.590051060219945,0.0028469023577264206,0
64.2197316392268,817.581076188872,816.1141409705805,0.0026967978152937183,1.7420749577932813,0.003393924597537879,0
48.768500212920955,817.3970429295541,816.0949031591781,0.004712729879235904,1.624271908462747,0.014896049794928166,0
59.040811177381144,818.0929865914779,816.4507929614598,0.0058468970355075025,1.6199613139870246,0.006365951160774385,0
60.22703265916065,818.8416862555405,816.8428215077922,0.005847809979362594,1.495811997458586,0.004842908094778703,0
60.95764396570354,819.5904706117896,817.2487895716345,0.005847953689337344,1.5085319233972707,0.003931293034971069,0
61.81376488464171,820.3488610871165,817.6722102364475,0.005819936971678644,1.460932928068187,0.0029001564249468916,0
62.79573713056632,821.1254761728446,818.1164370820661,0.005423036237078562,1.3957367717196811,0.002293330614438745,0
48.403576112898996,820.8562828956096,818.1239539223079,0.006740926400037909,1.3313448590077144,0.01478679799779623,0
50.152593255763044,820.7508874988965,818.1904289475406,0.006744284496727513,1.225695116383497,0.012991795564577616,0
51.25706212988221,820.7412785937889,818.2908134202509,0.0067503017531929665,1.0433988032846098,0.011880825820923384,0
51.05399809943755,820.7182934101879,818.3808340251026,0.0067513774131309585,0.6031497064641492,0.012065843283439976,0
53.997510620026866,820.9118370427014,818.5585976819109,0.005620476845461834,0.5577604556703017,0.009298115361972045,0
54.326179195396755,821.1107541227694,818.7390350527324,0.004329068375754254,0.5113551245579208,0.008991524196916768,0
57.16086915649572,821.4955242666057,818.9991224315723,0.004390754915218632,0.4552919031094926,0.006362479360923506,0
56.89551889753545,821.8293448790372,819.2422429716701,0.004376783680421622,0.4190892835266285,0.006545484138257575,0
56.800903320786155,822.1266004515408,819.4731885947574,0.004356411111720256,0.4237628991718793,0.00660647569717655,0
57.33584470862753,822.4288730464676,819.7086569842842,0.004335533170342373,0.40366276279356855,0.006179615529538968,0
56.68784914767761,822.6737754349268,819.9222315588047,0.0011784883249707032,0.3621030102105548,0.006545484138257575,0
68.73749525413047,823.8002205104657,820.5099599723374,0.0035987161302958154,0.4796030318568822,0.0029359043823022767,0
64.08877791243538,824.6002893364303,820.9807466487271,0.0038767861659300034,0.5377619859964436,0.005707762473353959,0
67.6717901456714,825.6575118043709,821.5729013229899,0.003925125749886233,0.5955176548669139,0.0014957520422894676,0
62.75878337631007,826.3711491731747,822.0381760092989,0.004196058699219087,0.6475580852515531,0.004560988635439583,0
56.364457474818245,826.6643982932096,822.3357616863354,0.004568533853231737,0.6860855376794588,0.00904213622234295,0
54.11759805927018,826.7963689981867,822.5649740440166,0.004580341188579265,0.7713064552181739,0.010748172870316746,0
56.89341084200652,827.1157862131668,822.8689573505112,0.004625021222696001,0.8638876626898416,0.008191275785082733,0
57.09303580404688,827.4190619424243,823.1665118767189,0.0046216347562423364,1.0017341854512807,0.008009182839733646,0
56.52907860868381,827.664879086877,823.4399135565641,0.004632678290271163,1.026922415854693,0.00837350868317018,0
35.66284587195862,826.3157758495232,823.0425418828812,0.007976896410789708,1.0959433277591146,0.028826075239128765,0
36.72987719950131,825.1618416447332,822.689309792223,0.006668245613061743,1.0187990078383127,0.027941537286805186,0
36.08536504748614,824.0511448155761,822.3224931333111,0.0066851817953602986,1.044460091456259,0.028826075239128765,0
34.236884287807825,822.8557536338551,821.8907865441223,0.006290679169302018,1.2097777176648774,0.031361690951363215,0
32.06967278991503,821.5408749469516,821.3789152761817,0.006290610555692383,1.2023704756160338,0.03448492038195538,0
30.459433045617402,820.1702764030956,820.8120775097547,0.006268901076724066,1.1873501211989308,0.03692001101604571,0
28.10021078734809,818.6492573425766,820.1507119642373,0.006264342959731627,1.1785434459903577,0.040723699953847954,0
27.103935093927618,817.1492933530535,819.4643309055052,0.005995794674592116,1.0215591010185459,0.04240875172200627,0
38.1797182207434,816.3731528340953,819.0482080262713,0.006871169684789663,0.826482231317042,0.03454884079979141,0
40.18532015876517,815.7899836317085,818.6985322926441,0.006965186504403009,0.8204130269545787,0.03295280741379975,0
38.933843456168475,815.1528283540429,818.3172489500101,0.003289045340839806,0.7178464779465892,0.03442100786237843,0
29.64123369772348,813.5525301783902,817.5244913775243,0.005141667565698241,0.8158808519337823,0.048224464429579866,0
27.17237392157722,811.7427371389423,816.6127823553522,0.005197223619357274,0.8241292894066568,0.05323766716108819,0
26.12405074130355,809.9434021393023,815.6702316439793,0.0051974079483953495,0.8218096896165507,0.055495997168295064,0
24.284201053410413,808.0201974108694,814.6425684665805,0.0052185004458228015,0.8849898489564547,0.05558724205642608,0
30.95669578734328,806.6563551243069,813.8126139968832,0.005719965374766139,0.9115989556650059,0.048884953000162025,0
27.256622398876843,804.8843023607749,812.792062808556,0.0059539884471086655,0.9113560001489065,0.05640506680485967,0
25.92759233454396,803.0667320929144,811.7232340233209,0.0059577618432855185,0.9541343182332103,0.059429896834428425,1
25.747331762532752,801.3936962478041,810.6852464129319,0.0049603972075057635,0.9028871336015913,0.056651814131126674,1
33.24484091790838,800.3085742558842,809.8667679896374,0.0055243720883356605,1.042958998239782,0.04702534735957278,0
50.67539260734054,178.35869419482125,180.08853824866546,0.009167503235235354,2.711511551815261,0.013730695494501096,0
50.82666394655816,178.4380434749832,180.0499382349161,0.008906649363832269,2.605887270985005,0.013560983551946983,0
52.449546357246405,178.53938679942627,180.02640165205986,0.008168107355726607,2.4773499002634263,0.01181055775591922,0
55.12498682099709,178.68065604032896,180.02612883070577,0.008061548834329281,2.471031357584013,0.008776812540584928,0
48.963124206539035,178.70539658642284,179.9799684400546,0.008349429422874389,2.4636172282607838,0.014250603649079577,0
53.6630822980813,178.81457026461365,179.9744631197614,0.008424846131179085,2.2042762459658656,0.008673881043383829,0
54.45715471630927,178.92857442814932,179.9759635418211,0.007423505765905298,1.8800039807153004,0.00677740824361169,0
53.83619455214294,179.0221584303313,179.97318654849002,0.006857535120166568,1.5393529717179,0.006336498062606239,0
53.118606811583255,179.0963210034532,179.96591628574208,0.00690850423360649,1.0991145175772046,0.0066740652273334635,0
53.48280463485826,179.1691253444365,179.96148219145803,0.004351082780893853,0.6524499443239825,0.006338259678527025,0
53.26001611011232,179.2321230740735,179.95599238825508,0.002856949522679998,0.45125479149381176,0.006506134443820411,0
52.55275453065911,179.2805325351733,179.94699694839733,0.0028701696504641575,0.4489212436358993,0.0028374011975610728,0
47.15738086493053,179.25570189253384,179.90848316243137,0.003117392274901195,0.4632238987550204,0.006870716669557558,0
44.23636827740384,179.19225876554717,179.85383137181805,0.0029672579895941432,0.47318281281633856,0.009295054012816393,0
42.776471938691586,179.11390033998578,179.79246292333676,0.002358382132900071,1.2310470273153253,0.011044465294787118,0
51.21017254917956,179.14497476251282,179.77791703626974,0.0025964836344434788,1.5824907311318681,0.007857800060885493,0
55.56081974633282,179.2359753817649,179.7911822635545,0.0028653307304508957,1.5885566001424043,0.006607368918872893,0
54.29676239183174,179.30305575916103,179.7972993712239,0.002875113006500138,1.5806640268620498,0.0075024498522287125,0
53.15719222461027,179.35040334682543,179.79741029390536,0.0028796603282999576,1.5784744573943024,0.008286931085012755,0
50.468374602698745,179.36179781719338,179.78400210994977,0.0029332376300737957,1.5811111287671733,0.010140926355661821,0
49.1697152075898,179.3568628147391,179.7646241446239,0.002940907480983803,1.5792748412823019,0.011042305250670991,0
46.43536696012742,179.32000774181563,179.73219287521107,0.002985020915284918,1.5896225855621324,0.012963022012659586,0
46.90302976296544,179.29142818688797,179.70317239800207,0.0027086873841962187,1.5980927686409467,0.012680085797657824,0
44.716764285810726,179.24080296108366,179.6647983119825,0.0026305108246168067,1.5114439544619416,0.014153047980766892,0
45.03510049786611,179.19785911712066,179.62925829386637,0.002588778244795725,0.7360616895833302,0.013982885473903663,0
46.14836683126436,179.16853321836211,179.59926730498066,0.001642355267124765,0.08541321762710512,0.01341603166567651,0
44.49845407116961,179.1258080755606,179.5636445743281,0.0008614033789487126,0.0776931153015958,0.014379991315331173,0
42.295241685354,179.0652454327777,179.52020339155672,0.0008766461063893482,0.08330080721610579,0.015687084468580994,0
42.42863812189347,179.01140447819083,179.4789756709115,0.0009185310689043541,0.08353107586210287,0.015630214488139005,0
44.09947994764882,178.97412234895046,179.44430462317595,0.0009239927443787518,0.09233621188013139,0.014947924319411176,0
45.93037302256392,178.95277474854726,179.41631250927088,0.000982767765175336,0.09409289306566973,0.014209752649694056,0
42.261155656096136,178.90298046146222,179.37659102411897,0.0009642021547711011,0.09307782569721498,0.01602869880484929,0
37.88198365564199,178.81697369867197,179.3212108962008,0.0011426351702959173,0.10239888073046803,0.018483108349060744,0
34.727532521786955,178.70582268180175,179.25404611275843,0.0011969658010146597,0.11404652604593112,0.020489724259542864,0
40.23962747683922,178.6395478921276,179.20409736462906,0.0014506616616891603,0.1225222283419284,0.018425924838568076,0
40.68910313835065,178.58244321282746,179.15740214546216,0.0014259144352921072,0.13465469744714303,0.01825432555918399,0
37.82916353875464,178.50410950153199,179.10139874749026,0.0014620765830121196,0.1313041211971676,0.01592035282688905,0
34.90405834654638,178.40371172667176,179.0352730488057,0.0014948781711476614,0.12475606807094189,0.0143702625844597,0
42.747618135737994,178.36145178211135,178.99225261517802,0.001851790226285977,0.15692952460954798,0.01050795148706737,0
39.1607173455887,178.2889295372152,178.93659425121234,0.001890076576327469,0.20058736791238257,0.011993184407786312,0
37.023191737795734,178.20140803295692,178.8740133939667,0.0018433073670534636,0.2335523251329929,0.011388647054572733,0
24.541968894408996,177.9326920249622,178.7345404022785,0.003797345043902544,0.2759142091614348,0.022408442047924672,0
34.36139314235814,177.76766736420362,178.63343808729294,0.004283428875807972,0.29291618841629924,0.017026106991824944,0
46.29371753990077,177.74217438421053,178.5882559765755,0.005008846471200371,0.34126635122415333,0.009577447595730634,0
48.09160849900416,177.7410144771528,178.554065376107,0.004980060540820816,0.6305065042756138,0.008270979891073896,0
50.348677254771864,177.76758565914102,178.5328031425005,0.005011730488396693,1.781155577115627,0.005785859760571931,0
50.18657411824756,177.78972090493485,178.5116036405107,0.004981998166381541,1.8495588042420676,0.005898893549201194,0
56.71383800109145,177.8926064621716,178.52585537762744,0.005141274955407946,1.9015179853962174,0.0010063618241414915,0
42.30418898154922,177.78568980643735,178.45607088043144,0.006409761764406061,1.8239205937913434,0.012275828005302466,0
39.04799724248995,177.6280026437282,178.36367259120325,0.006467374139828428,1.6248777083047377,0.01595411049050599,0
37.775854975193575,177.46057058464078,178.26466649934395,0.006469131184126667,1.5098325684461946,0.017228628324450088,0
47.95835885182233,177.4471834070119,178.2271791042553,0.005898907728376278,1.4485835434395067,0.008910368300271478,0
43.5638166168031,177.35602237073687,178.15827418747503,0.006012581447405816,1.357377990051852,0.013655098466262203,0
43.35757670208269,177.26973317763301,178.09054587240206,0.005456320874658146,1.2126007144795095,0.013884936189377445,0
42.75820901365873,177.18118582999983,178.02117151367582,0.0054166327607596005,1.1258996119433922,0.014517396006340264,0
35.947230729479045,176.96773765139432,177.89911521657115,0.005778279610047201,1.0245451597597146,0.02263628329606586,0
41.14003290964128,176.84319042656475,177.81045115938477,0.006057627127045731,1.0096461972101842,0.01844466678144491,0
37.09201292453756,176.64478918564757,177.68970570866887,0.005739204625031619,0.9489482512269367,0.023689628746735265,0
33.46692501444828,176.37766407227906,177.5373795534452,0.004853534310636106,0.9031154715552606,0.029107211603701923,0
41.557058824000094,176.25121931543683,177.43899317241568,0.005490113027955237,0.978855047487879,0.02199366339678508,0
47.92525743367744,176.2444357846817,177.38921117283883,0.005906784636804527,0.9791879150356916,0.015438763388466371,0
51.17392744840195,158.81536969261046,159.56527816722647,0.005206857899493725,1.1165453673280963,0.016077357453266543,0
50.24697912924908,158.84540196518648,159.54657935230185,0.002132745436452767,1.0305948251809283,0.016715819277949483,0
55.692527180856615,158.93268223184347,159.55571322070477,0.002186811947346987,0.9703262759857822,0.012706552635804039,0
50.0715818482723,158.95437151113367,159.5388378710504,0.0027730946606801055,0.9662164526400505,0.015330500033075409,0
53.445014586038184,159.0121456660115,159.5397371581432,0.002775008007881089,0.8774758264256849,0.008899462212788388,0
59.6158492991183,159.14451962746182,159.57617839954503,0.0029750903639071064,0.8249180999958244,0.0,0
62.66158403764935,159.31002785280694,159.63123648138716,0.0029752451547629534,0.8377576430960246,0.0006837432061969955,0
61.61889444868843,159.45019665727287,159.67960080913073,0.0029969242892033555,0.8378104624865077,0.001306174371573819,0
61.07169165556962,159.57221741760915,159.72369650641153,0.0027015768020662288,0.7346858443661155,0.002613066509733946,0
66.34927114003922,159.76076688049884,159.80015370109783,0.002921765204629083,0.7330949517896066,0.00030952058689712555,0
63.739140905648895,159.90940071738294,159.86361334832262,0.0030651896066428825,0.7672246590674717,0.0017356729889934687,0
65.93524484725975,160.07721431092375,159.93884581095438,0.002995626012209965,0.8627314813299708,6.182041782108039e-05,0
64.25875378427128,160.21567749181162,160.00495347982024,0.0029598185414230465,0.8929801846947374,0.0029096838002537306,0
51.23219997681817,160.21704204952206,160.01428156833245,0.0039039471039505522,1.1133315311320153,0.011046647442160065,0
60.72891981369294,160.35550293631294,160.08275863821615,0.004698235269635543,1.3674191492776135,0.002041206375903062,0
52.08212367629184,160.3721307272118,160.10121603959166,0.005143771287473653,1.5575610876065635,0.009157174558533088,0
57.10200590520245,160.47007116214246,160.15470616147442,0.005348945684321402,1.5217970670369998,0.0037175100756227128,0
52.350003057190264,160.49197871284446,160.17711980525533,0.0055481521152866715,1.546006102011754,0.008089627109181053,0
51.753682258451214,160.5032234710347,160.1948794107497,0.005550082512697225,1.5562229413413449,0.008654500867730211,0
52.40251624750488,160.52292436919157,160.21597510480973,0.0052603263994105975,1.5716744251389692,0.00802683860519995,0
53.48035184292569,160.55598974452886,160.24271235255557,0.0052691942612753204,1.626335722237651,0.0070243359054579175,0
53.76232866863097,160.58971552385017,160.26994678486994,0.005205132348499966,1.6000878821853175,0.0067739501154911366,0
52.9843258453237,160.61165406066834,160.29236081857408,0.005203370736139819,1.5873259696815487,0.007337349969163623,0
52.26033172958784,160.62388102425064,160.31057366623494,0.004471110671078455,1.354572393759319,0.007838711358570423,0
51.878551898395564,160.6311317789363,160.32639446068444,0.003278182298844482,0.9429721890322207,0.008089627109181053,0
51.17422731105093,160.631024433809,160.33871162960006,0.002373585520344648,0.5084190239511088,0.008528886730639017,0
50.024748714596704,160.62044915206275,160.34605654952975,0.0014479090577029043,0.4780879193566168,0.009220008024837642,0
49.26628901024551,160.60421292368406,160.3502621470504,0.0005757546673459724,0.4188060503232822,0.009660349524704641,0
49.61879051364032,160.5923809441072,160.35550484655417,0.0005658156301496701,0.4056955766864817,0.009471612119441863,0
49.61879051364032,160.58167614093625,160.36052967425084,0.0005114450474922171,0.3650930357259783,0.009471612119441863,0
52.67010419998628,160.59485157186685,160.37502240285733,0.0006427294875431333,0.3056773788850146,0.007964153618560278,0
54.52380434058805,160.62105862333055,160.3949561511764,0.0007155129836390222,0.2671109626564731,0.0070243359054579175,0
71.04967261600487,160.83812184210174,160.49573358495616,0.0040388913482939616,0.507606931797155,0.001780285793664071,0
64.8031910409525,160.9868850569752,160.57226418000357,0.004242349318864762,0.5251339001339002,0.004864584819045225,0
68.39415566118633,161.1786260272878,160.66973792178436,0.004292628969336158,0.574158745045934,0.0014724263384298312,0
68.96254954521538,161.36162819584692,160.76722225112962,0.004254612585251019,0.6703056652284635,0.0011035724650250043,0
63.77509321923426,161.48719515437094,160.84387965614133,0.004403600290408214,0.734250085787795,0.003688259961453453,0
62.33251010903247,161.58937302324512,160.91259672752662,0.004418166613629776,0.8586246005810672,0.004429141434033333,0
68.26039004341101,161.76944223220696,161.01531603965137,0.004598031104467816,0.9653169989653365,0.0025691104717502854,0
69.7111733449498,161.9571242631274,161.1242419777138,0.00455371115595133,1.1545356240160134,0.000977088053945325,0
72.56753902789791,162.17931226880125,161.25070408688046,0.004567861129158081,1.3913338747677073,0.0036521159415390247,0
51.20049193408352,162.1650913571824,161.2818117850475,0.006826901381508969,1.4908937439978878,0.01765105617415455,0
47.71890836709536,162.1026988814693,161.29091393769585,0.005465931106422985,1.3554348669408023,0.020927527693460735,0
46.539254178701036,162.0291062322289,161.29247209384505,0.005412153662694802,1.5006196569006474,0.022066556239934785,0
45.99499647983606,161.95490340002232,161.2907801287408,0.0051965268522075345,1.6945024550907386,0.022573639625726744,0
43.27032916671104,161.84967221365804,161.2732318740036,0.005177451377248719,1.8589046127921045,0.025116525538288508,0
46.43144310889729,161.789702066606,161.2711138997453,0.005280510450805551,1.8385911217009816,0.022763913541479545,0
45.04338149241246,161.7173477558552,161.26152575511819,0.005280951455357749,1.7376613561017709,0.023970692663557485,0
43.710288125323885,161.63474211897233,161.24517032959898,0.0047490651052046265,1.6140601857819705,0.025116525538288508,0
40.81899781674147,161.52190718169646,161.21358366776207,0.004616919764928615,1.3837118011482958,0.02767218775852331,0
40.316476873586495,161.4131527820182,161.18048821792357,0.004268669462833126,0.9178626169151364,0.028120678198827402,0
39.42035509800689,161.30332653995663,161.14395979335228,0.0015193588960953992,0.7887321688733769,0.028890584309953945,0
38.349486845182376,161.19062678247604,161.10334427838785,0.0013257054128076155,0.9310988874682746,0.0297901849732752,0
38.18996700686809,161.08675687327334,161.06356478447913,0.0013417053086494121,0.7869926329303378,0.029918757673474124,0
38.73902655201677,160.9965884939607,161.02696384531976,0.0013784936979754755,0.7308392019055931,0.02966154626017217,0
31.689592574377997,160.82643614104234,160.95498757454027,0.00208110650526635,0.7572611674983342,0.03567610348757383,0
28.668993092975143,160.6248696039162,160.8660911053061,0.0018094169020392294,0.8312099981030934,0.03893889745038538,0
24.11429228953523,160.35487916568218,160.7443307068058,0.00223802821226192,1.028286611246056,0.04499655495035502,0
30.68819996708892,160.15917522436285,160.64761300737982,0.0027894653650426594,1.0767539976441423,0.04162979286700303,0
29.44922250804234,159.96020551518768,160.54565767624467,0.002771768891906585,1.0930130343889832,0.04314538969711783,0
29.06457374395498,159.7735181400295,160.44500010724417,0.0027714881912046384,1.1459040306544552,0.032215166695510285,0
46.594865233803944,344.91028704159993,345.30042371137034,0.001769978565510053,0.9463577661682864,0.007107576451089983,0
53.31078526791168,344.957030095798,345.30470112634185,0.001304706904489476,0.918758851728642,0.005066589551024923,0
54.19700394413503,345.00884612956975,345.3130596434075,0.0011730438145072884,0.5046554832013382,0.004775669743804269,0
46.992956880628334,344.9841490036065,345.28904751594587,0.0013170558499525733,0.4976611701988659,0.006961548648250544,0
47.98578313418502,344.97135234019004,345.2703882481945,0.0012975346319570374,0.5543424297422458,0.006669530962044841,0
47.50651337462829,344.95500746654335,345.25046166607035,0.0012864788844341214,0.4971523745036381,0.006815563186523834,0
53.50553011269837,344.9974445394572,345.25677612423317,0.0014271046973759354,0.5438325099334507,0.005066589551024923,0
54.893302641476,345.0501321986923,345.2691207017587,0.0011445535211494235,0.4034982169990773,0.004630317349263648,0
57.18703828429242,345.12162619480614,345.2914065621909,0.0011432358035267142,0.355924080223397,0.003904008534331924,0
54.78701804425627,345.167231882949,345.30432589124393,0.0011718564370106475,0.3664244341169508,0.0044849183032262185,0
57.65772908135681,345.2370820654743,345.3291972873446,0.0011851177793746242,0.4118637469742287,0.0036137612664256962,0
47.8432422652245,345.2144842857626,345.3154868518184,0.0013485296206888744,0.4610870569630805,0.00449271824048913,0
50.37042002165859,345.21786924676115,345.3127660680841,0.0013698840358366813,0.4625740974598122,0.0037653520433562635,0
45.183572348310285,345.1685163914284,345.28736718271915,0.001280797668148792,0.6418405728231191,0.003771359869253386,0
44.73243260361928,345.11910327873267,345.2610067203989,0.001276713432419067,0.6323258833305737,0.003917035042574524,0
50.09642164545556,345.12204686021823,345.25642527061257,0.0013614439373439782,0.7164895105315887,0.002462715105162524,0
62.308985919216795,345.2724040449024,345.3158793495127,0.0019003501391673433,0.7972075763228356,0.004614870290174889,0
67.0682929633962,345.4894144215339,345.4077101891944,0.0020109222736635394,0.8579008058552307,0.002157962958832747,0
67.0682929633962,345.6857394237955,345.49560044594534,0.002018152275159279,0.896333771751306,0.002157962958832747,0
64.83438913136001,345.84429941112285,345.5715427890875,0.002017978518417881,0.9426091885186294,0.0027349407593504284,0
55.82295241696161,345.9020055735089,345.60745584070696,0.002234114299205077,1.0412251450165932,0.005339805226596423,0
55.82295241696161,345.95421242151957,345.64184343725015,0.002017590398525222,1.0061215102084144,0.005339805226596423,0
58.07557834937099,346.0300223941804,345.686998937,0.0020204422607444203,1.284074902209259,0.004470044103731074,0
58.455722805902695,346.1033705345755,345.73228194299253,0.0018976029363600884,0.9882275426285205,0.004325259667815974,0
54.21920702476211,346.1316266880642,345.75940855317674,0.0019676292068733607,1.244531411093546,0.005484970929451446,0
51.22097957984242,346.1286145952881,345.77322625261655,0.0019806870098827175,1.1448714017747637,0.0063564913338809035,0
56.79576450963228,346.18780497699925,345.8127994247583,0.0014693341836361856,1.1053342848222647,0.004470044103731074,0
52.796938123999055,346.20325525851143,345.83453568038396,0.0012275529357365883,1.1285219210855553,0.005630089952619556,0
57.25351476746932,346.26962124962023,345.87759220622587,0.0013714351064118527,1.1195201073325558,0.004035727648072937,0
61.8390619142137,346.3915774307954,345.9450951397548,0.0015062880315741122,1.177273187891773,0.002157962958832747,0
58.70885292391695,346.4733419762335,345.9977046777933,0.0012450228004111865,1.1378175258201229,0.003023722945914327,0
60.8433737234195,346.57589103764974,346.0602188731055,0.0012570982946336743,1.1685499102954333,0.002157962958832747,0
62.908500400884954,346.6972474976334,346.1322218456876,0.0012569700510740068,1.1613318313151928,0.0012936083989005776,0
57.46873700662629,346.75942062409075,346.18116355461615,0.0013751458836108003,1.1787870565890832,0.0027349407593504284,0
62.681529695590626,346.8871059117603,346.2582052004117,0.0014219764374533731,0.5848806171535844,0.000574494932337507,0
61.069462000015484,346.9883426006468,346.32606794603856,0.0013819458089893866,2.22842647155675,0.005029458079049426,0
61.42551843989711,347.08469739830593,346.3931535124865,0.00130100025428313,2.29820691316979,0.004885092548940374,0
47.05472674918563,347.02424751490224,346.3954302575553,0.00197293294779635,2.307150709478995,0.009380862708868568,0
43.84730913469761,346.92669476713786,346.37960945056375,0.0019304921173832232,2.310416417500932,0.01069367689893425,0
44.74863566780448,346.84795859540384,346.3684316420897,0.0017964436043920095,2.290314610270638,0.010401635481158857,0
41.85483408806417,346.73862544547654,346.3417303243517,0.0018068774446721673,2.306185525321345,0.011570725654485943,0
38.81373870409962,346.5968458181704,346.2981508957476,0.0017616797313516367,2.3110715010942897,0.012889246073950035,0
33.31118734586779,346.37808937249673,346.2184446610457,0.0017845848348723267,2.322184290459258,0.015684067980012803,0
41.738177399594136,346.26588780582875,346.17784700651885,0.0021104140138353765,2.3810804526649783,0.013035920744119665,0
37.74336724231096,346.09770294074724,346.1110064453818,0.0019032269823529373,2.4081395264774987,0.015094375056694484,0
43.181396829670646,346.0074424727641,346.07274626658597,0.0021146643505857857,0.5656386339920765,0.013182727483725506,0
42.56534953615459,345.91625406074354,346.0320521179089,0.002097417381348117,0.2882722120194584,0.013476379013386696,0
41.296588158832336,345.8147043671679,345.9850470685333,0.0016722501726610254,0.24034168711527093,0.014064103284544442,0
40.325690190102414,345.70854106281365,345.9339746789523,0.0016462963416698905,0.22606027084411298,0.014505366472099037,0
40.325690190102414,345.6124889386991,345.8849580038046,0.0016358441387571685,0.1980771060550197,0.014505366472099037,0
40.86306582054444,345.5303457756202,345.83989694135687,0.0016210808531080109,0.20743481579806075,0.01435826601024293,0
40.47058832090933,345.45126520406444,345.79466231016255,0.0015803527186522611,0.2006585222292076,0.014505366472099037,0
37.37678317980898,345.3416182509566,345.73537610954145,0.001354141421305152,0.14324831424263362,0.015684067980012803,0
35.20338342658292,345.21384351809127,345.66657340163323,0.0010121515048227311,0.14867396321281542,0.016569802927416423,0
32.80646195180506,345.06490380722767,345.5866562629107,0.0008656200379942292,0.220464177724078,0.017605175085116647,0
29.417006061335556,344.87776881500076,345.4881510191115,0.0005586370140504958,0.39271720947582256,0.015447355577632101,0
50.10810300562739,344.9036952485917,345.4747607159804,0.0021592032080167663,0.4151257195855877,0.0089816200444302,0
40.20230548427056,344.7747696701135,345.39857291835324,0.002618734426113173,0.4633982567068069,0.010624434707481608,0
38.659181686705125,344.62955243194364,345.3135577080221,0.002623520436579396,0.557495828900157,0.010196649672250545,0
41.48146106287036,344.5314997414272,345.24577941190955,0.002661134100516912,0.6138578035980546,0.008440028652417136,0
41.1898001666465,344.4380218443779,345.1787263028105,0.002657119274521128,0.702933305340399,0.008295753761554796,0
54.11269919652912,290.74985659474015,291.7901133064928,0.005182689839250866,1.2247102475612919,0.014733553890842122,0
52.708680790908964,290.83100429395824,291.78194653051185,0.0041028876911517725,1.177297263758764,0.015603524340646074,0
53.74260727886108,290.92347513132955,291.7827186711664,0.003942795838212892,0.9885019815059446,0.014907492410869947,0
52.810013426925295,290.99279401775647,291.7770585173189,0.003957673467471103,0.9674322645839035,0.015429453434506806,0
52.160108388620664,291.04594793939026,291.76740800753964,0.002553680209567683,0.8231040160056686,0.015777761262614473,0
43.035191829965285,290.94141680176153,291.6904215032354,0.003338284005440128,0.9366446559876684,0.021382933017523687,0
44.02383254398419,290.8611738892829,291.6232613232847,0.003238796756219168,0.7979690673332293,0.0208548351109305,0
44.71279270243437,290.7981289399646,291.56334075760765,0.0032284180578413635,0.7968273716951789,0.020503037350695752,0
41.418942816121465,290.6838954927959,291.4809197471377,0.002175404330321946,0.7979859282422647,0.02261736068688997,0
44.01005764556531,290.6139317429509,291.41682924922054,0.0022377152893140145,0.7014693634129539,0.021382933017523687,0
49.507363823543464,290.62690238337063,291.3889866015662,0.002211777287104258,0.6550393942494629,0.01857263592943895,0
53.50206395093049,290.70059058781305,291.3894450342845,0.0023489184395248594,0.6825297001975101,0.0029169736490028114,0
52.80979865433939,290.7577184312392,291.385728352228,0.002334814734381993,0.7326677073022159,0.0032612847471399065,0
55.59415390738002,290.8522849331023,291.40082755341064,0.002391109760390323,0.8812945539996668,0.001713796058269066,0
54.820050214071514,290.9283033957347,291.4111325664068,0.0023911076864958102,1.085539253941002,0.003943061616838378,0
53.6142319232833,290.9827806338783,291.4148000858005,0.0014439314218766268,1.125063294854954,0.00445964937553602,0
70.86728011092153,291.3893846772533,291.572752663885,0.004157380926101859,1.2461104642190768,0.006773920406435224,0
70.49089581840359,291.75246494428706,291.7218476151915,0.00418006317003754,1.3155781148075667,0.007621950904331325,0
70.08976128984952,292.0761709032549,291.862492626049,0.004029471458588101,1.3877262248236448,0.0077927100054541835,0
64.91966942670997,292.3070968212864,291.9705048558515,0.004234342976192459,1.5230450581395347,0.010017019378713922,0
64.91966942670997,292.51601436072514,292.07391413547765,0.004237873894650787,1.5959864712514091,0.010017019378713922,0
57.70455757059283,292.61451771911925,292.13415773155094,0.0044491724003831975,1.6092636849891886,0.013285725008488368,0
54.936126800822215,292.66552936527245,292.1755513317275,0.0044883622863963095,1.6310473835482264,0.014668321337455922,0
47.831170443495466,292.60212996914646,292.168408859488,0.004694501404282686,1.48079048762001,0.018664425366545376,0
52.700519835362805,292.62574249263025,292.1960995764876,0.0047728535500536,1.2171474817497363,0.01570772070221378,0
54.58044672521012,292.6804458981159,292.236827300392,0.004766246070625322,1.0082539058661686,0.014495224498827904,0
59.96573070850481,292.834716182269,292.3204145236846,0.0024836238981434194,0.93611045723516,0.010703447314712252,0
52.10306305843058,292.8504601019827,292.34791165694224,0.0027984149082699384,0.8054865878000097,0.0151877549728029,0
57.82887868679818,292.98376956318674,292.4247774736011,0.003219505341991812,0.7495517324933366,0.0108751476874469,0
58.887446654098866,293.1281920137857,292.50853971823256,0.0031633803562180667,0.7789335657346627,0.010017019378713922,0
56.74004364641226,293.22551839995475,292.5747178348601,0.0031858142245330978,0.7997101980048247,0.011218828417546046,0
57.92039568617943,293.33738560637806,292.64822611637106,0.0029987377331112974,0.7301323702497461,0.010360116758763619,0
58.40926553053903,293.4481218898707,292.7227228062042,0.002942078202938035,0.7267696152816211,0.010017019378713922,0
52.79498051155441,293.4673495395444,292.75998903912404,0.00278439319065723,0.7667863151121413,0.012940638139043972,0
52.15974131786416,293.4752204954237,292.79170753744876,0.0026676787768250675,0.7574636744483032,0.013285725008488368,0
48.39739801807058,293.4251969436495,292.79805754633355,0.0027348753355225116,0.8294008181725385,0.015360982462836686,0
45.7328319868715,293.3370770283924,292.7861124023938,0.0024022770148064794,0.7232536271866088,0.016923118656517095,0
42.12524676676129,293.19544261615533,292.7486286821481,0.002096663699745656,0.7487778631821674,0.012335124304361834,0
40.282539423038294,293.03396300944274,292.6986721777914,0.0013139527032023828,0.8662547107474022,0.013035978706582333,0
37.272532178491986,292.83071774197185,292.62676573766066,0.001190407430981139,0.9085675745643317,0.015125452006884867,0
39.69887890968506,292.6754054603664,292.56977128573874,0.001389100243402857,0.9732524687038334,0.014079585899957264,0
26.841359887887265,292.20630011716247,292.37737681436613,0.0035796426418741316,1.0605705278536004,0.02623801144385317,0
25.798119483182745,291.7437788790557,292.1768362332417,0.0034795796677668175,1.20916944009397,0.027666544355628812,0
32.18483523998202,291.4110269377458,292.0203012169505,0.0038916675229694457,1.1954151153780734,0.024457893470836947,0
31.535214199430484,291.0909183140654,291.86213543895184,0.003878046405788556,1.3428142503231366,0.02516924251776334,0
28.725606142687866,290.7155819338017,291.6745339574384,0.003898036020470759,1.38830765328768,0.028382357895582588,0
28.573334176169013,290.3712328742992,291.49251980510724,0.003939268566371022,1.4529986860566109,0.028561412452553458,0
27.47512086059173,290.026345846607,291.30392953460205,0.003941639863156866,1.4996452953964683,0.029816871117589364,0
26.686150320734896,289.690496595343,291.11300229359006,0.003948117715713499,1.3798400464430578,0.030715489678773997,0
26.686150320734896,289.3866342187675,290.9297600637609,0.003982119955773396,1.1910550944106097,0.030715489678773997,0
25.660681857823477,289.08314138560075,290.7419756146274,0.0038875220194363575,1.0814861306717287,0.03074768489738225,0
24.0049561125509,288.7609337822842,290.5418927918909,0.0016096656704082193,1.0446594232222894,0.032551583463810124,0
20.095100797137036,288.3360760277648,290.2943078978106,0.0020858911181588493,0.9072573593704458,0.037636344236578544,0
19.484798816741517,287.9278721449928,290.04673843439775,0.0014896686709622825,1.0095706316754811,0.03397297950632537,0
18.867695153681808,287.5347359422696,289.7991794185983,0.0014800802397846378,0.9499122600969975,0.03488380845627287,0
14.361324583537083,286.95999341928,289.4704187809695,0.002546659368389267,0.9936698372717331,0.04316161242090364,0
30.96097925363719,286.6447525078032,289.2399423298169,0.003965696919798083,1.070169928700777,0.03208181314763784,0
28.60064032637581,286.2785814322776,288.98503124544146,0.004006222625668155,1.0475346150014941,0.03518392021401154,0
25.087168435543603,285.80918981767275,288.6829268752431,0.0041690712003426954,1.012569823147823,0.03909720903276905,0
24.310817512934676,285.3511686603859,288.3790342516468,0.004127599297021843,1.084065269943594,0.04039148079542927,0
31.190208387996393,285.0367685700456,288.1287781246872,0.004501422208698036,1.0955062786656038,0.03651841431068357,0
64.56220553442054,232.24574728331024,231.61827060992727,0.006437229814288379,1.6448321699066129,0.010135705507704491,0
63.927845999705994,232.57259577060148,231.7923279354374,0.006060712774721708,1.4410483378086765,0.010692936275471162,0
59.250031462925385,232.77561529417642,231.9167720789672,0.006104680115636562,1.2391684602101085,0.014870070466740163,0
62.814717934955276,233.07181250151726,232.08578730206165,0.0058770764329535985,1.1790357617378795,0.009793104590367375,0
61.827457560557164,233.3206218220033,232.23854109367,0.005939624668333202,1.1333239012020526,0.0106500757112546,0
62.179520731603745,233.55615224660013,232.38898377072726,0.005830976975225322,1.047646437770947,0.010178587826502923,0
63.84451147819573,233.81782538728132,232.55413858421252,0.005233716603181652,1.0598555601500006,0.007998304550315485,0
59.57985948763055,233.98108936282827,232.6794260157865,0.005531718469454844,1.0336727912564352,0.01129369369462753,0
60.7175099815817,234.15832440523565,232.81210711478624,0.0033522718865092813,0.9022487483320967,0.009964408666919859,0
64.40654256893552,234.41969768101967,232.98324396819143,0.0035004666644865294,0.8614652806406252,0.005445371794671958,0
63.73760721178112,234.6456449566669,233.1421901753227,0.0029649116030660474,0.6588199189067258,0.005912450673461067,0
61.36652284197223,234.81381705892264,233.27828833847465,0.0030215486376749057,0.6520259575815132,0.004568342347298838,0
57.26127667319833,234.90113697146293,233.38014948159346,0.002839393546145948,0.6295971630901689,0.007466210484554756,0
57.261276673198324,234.98012893863068,233.47755152051917,0.0023379526552599,0.5965635906232928,0.007466210484554756,0
52.74763258548207,234.9801162441483,233.53968955605157,0.0025335040628363848,0.7156050609413415,0.010681801903407019,0
54.64700270360546,235.01536322271232,233.61440051346366,0.002593995501825699,0.7669064043340297,0.009092837621203149,0
63.762028726168545,235.25211302938598,233.77442879622149,0.00390206981965901,0.8073608170187155,0.007957892166940789,0
67.22632537858708,235.56633917209186,233.97072409922373,0.003832290304085581,0.9923895702961054,0.007629394433647551,0
68.25353033547354,235.882054903048,234.17213494708582,0.003832416822817554,1.0294063215483618,0.0062374003847912906,0
61.014316378946745,236.05716190265744,234.31742854931016,0.004094898429505476,1.0444693010775918,0.011147542835590336,0
53.99604857297188,236.0898234525546,234.40256671722634,0.004503529999180704,1.0719554221555223,0.016793575817271478,0
50.936780194721806,236.0584016985368,234.4579679711142,0.004556134092767085,1.1192229434656298,0.019553786553120633,0
50.695183281106196,236.02521217035468,234.50898642557775,0.004463480610439677,1.186866652477454,0.019770006663217994,0
49.58058755487119,235.9742275227838,234.5489001157087,0.004473239487012815,1.1793640723044974,0.020722703767422083,0
57.61001913262755,236.09575680052134,234.65863558359527,0.004904064444881856,1.0442575042931888,0.013150664350632245,0
56.999044661813166,236.1952285719659,234.75930201304803,0.004918601860265541,0.9873285935738606,0.0136206280503181,0
52.12796770770498,236.19949382029242,234.8192914772065,0.004107536805363187,0.8506351266709044,0.017482177141851383,0
49.30447396318092,236.1500093370402,234.8541168470489,0.003744436903775181,0.5457091283561285,0.01989987520009033,0
51.76628338082876,236.15191332021004,234.90729329008997,0.003803833769835138,0.5009784045029863,0.017783787021235866,0
45.24714061326752,236.02504795513218,234.90377016505968,0.0039057189488631208,0.4937776245392532,0.023635072054596338,0
48.31084005085032,235.96646513258372,234.92417986022656,0.0037408065063601072,0.48441733586709984,0.02106958658476273,0
45.65302523782819,235.85917049973892,234.9207895861806,0.003722371077544389,0.43832415443000994,0.02354794270793739,0
48.38895844812923,235.81067378988064,234.93805692645677,0.0038099526868531825,0.44118125113284423,0.021329886906669118,0
47.82967898847499,235.75631949740983,234.95019198138803,0.0038020987787393762,0.44735302079170913,0.021807471111339148,0
49.32064397206381,235.7319061129115,234.97226680699043,0.0027916990879006645,0.3898343938682472,0.02067938478635881,0
43.365790570974845,235.59933343225399,234.94690480657076,0.0030844711986704842,0.42265234433065507,0.025731837814840314,0
40.463064896346054,235.4184320888539,234.8969329335868,0.0030015713467158736,0.48212272992072136,0.02854085689364611,0
36.701325234585475,235.1680893656543,234.8125665145012,0.0031112066654620523,0.5816904928597465,0.027750362559299954,0
35.872552590212294,234.92159128117618,234.72324362056983,0.0028943009618952096,0.6309281150280253,0.026743491150289494,0
28.483629672979802,234.48522719135087,234.54801289054666,0.003681622040884524,0.8932999850364128,0.03282103707036545,0
23.794592535455735,233.90089411288332,234.30042142344914,0.003874311994972799,1.1019144989882386,0.04182171025929182,0
20.089759073736232,233.17506499084448,233.98026412067998,0.004303535662298296,1.2417714956092818,0.05135228557483382,0
22.839876389061416,232.5602743544798,233.69065401933318,0.004269566179150259,1.294919345402003,0.0493118940348715,0
31.34129986523216,232.14404410251828,233.47138218490468,0.005299650736128251,1.3482200858261306,0.04255222118055509,0
34.51281417097893,231.82460105400278,233.28488922119655,0.005451388029759979,1.4780940264161975,0.03916258130512504,0
28.68582684424004,231.3022434893311,233.00839663664271,0.005974903727226272,1.5071857173952699,0.04771584000396942,0
32.72963316080386,230.90678138060164,232.7752988738102,0.0063789269250710086,1.5636576527890365,0.043011246026769756,0
31.33581604385303,230.49279271860954,232.52814221353736,0.0063678493306987055,1.661745189117452,0.043741188951709864,0
38.204810116261726,230.25442721156557,232.3477786346974,0.0069728688393819495,1.7093086742601258,0.03596647550626096,0
38.34415369523538,230.04162113443567,232.1758665102583,0.006444359147425659,1.3572990492584787,0.03583018163258601,0
34.341104908228985,229.71193764958602,231.95369475860457,0.0061742069840077275,1.0244060144497937,0.042413278015228754,0
38.87483280710188,229.5041308361683,231.7781469596788,0.005588514837512593,0.8173288760400275,0.03806093134342932,0
33.23041129331274,229.1094464202634,231.52357145999326,0.006394919519851072,0.7107515877055166,0.04805645101936172,0
30.789906394448977,228.64758819618243,231.23559137272053,0.0059969671207149656,0.7309229838848524,0.05154736957344587,0
28.89907274814024,228.1430509732575,230.92308526509717,0.005828620864863521,0.7568111263283084,0.05439889663962328,0
24.56141863791693,227.45513428027357,230.52682665612946,0.005855981923926619,0.8093451033814294,0.06300922634582044,0
39.622451177527694,227.18988081413997,230.29490869970437,0.008369635898407075,0.8370519744369209,0.04152758226329266,0
35.915864074020135,226.77845974962133,230.00101023165092,0.008650154285768182,0.8787107308612713,0.04993944957444909,0
34.19349065044075,226.32050791524887,229.6832374837935,0.008205096589708307,0.8616130691977293,0.050051811277439115,0
33.65278211260157,225.87950442893214,229.36707084476427,0.008164496696724808,0.8608674124178672,0.03879286729224329,1
37.88402330583211,225.58716866300676,229.1077983342051,0.00840560412037993,0.9014046792786597,0.03159646614632056,0
57.777324758620075,103.20290949449183,103.7833733143624,0.005237229458169745,1.278782408076555,0.0024045397428563127,0
55.911098206470996,103.26467484440295,103.78623545080922,0.0027242548511045993,1.1664144402704526,0.0035628575061966332,0
54.18342352324361,103.31003528414992,103.78425654712633,0.0027615474344730045,1.0233185031555943,0.004626984449758039,0
48.86199794063123,103.31671052233301,103.76701658720073,0.0030301810379108358,0.9840837329402174,0.008125401331033445,0
50.32160860772572,103.33228796580035,103.75481851986555,0.0030103530172085266,0.9931941082716397,0.007151119441087149,0
49.86174090750722,103.34351513312454,103.7419060066809,0.0030580291348721936,0.956512889669166,0.007443250799187398,0
48.12546365172256,103.34317955576788,103.7249341352537,0.0031279906874668198,0.9571188268394205,0.008515627191771416,0
46.083171971019986,103.33048015668234,103.70325472637343,0.00315281228174526,0.9406770285182591,0.009785894246581944,0
43.340579356078045,103.30183115467311,103.67499136569404,0.002408082612174024,0.8944988407518827,0.01155005780360518,0
50.40433611335275,103.31404998368525,103.66473496637367,0.0026796577587487173,0.8627924199897411,0.007638024878627125,0
49.9018696941205,103.3222432726381,103.65368134220434,0.0019271733877709023,0.5834170950503577,0.007930364436396933,0
50.95492035871339,103.33537364369172,103.6456148477061,0.0019445173180228348,0.554402402145481,0.007345854851689539,0
51.3223139193292,103.3491581317437,103.63873418330098,0.0019358311916946567,0.5609356567428287,0.007151119441087149,0
51.71171477036177,103.36353367621071,103.63298359755713,0.001570768001059756,0.5927318049627979,0.006956533533363527,0
33.14714033333156,103.25265329585055,103.57371818529319,0.0042674859723684485,0.6711990111248456,0.01976520873561221,1
33.048907911173444,103.15139279643672,103.51661285299272,0.004272647473078232,0.7861985442789052,0.019864945012217184,1
59.536719579936126,103.25512105224897,103.54640544006931,0.007974733122090169,0.8847392846040378,0.0067153165002128016,0
60.83899823414,103.36420636820782,103.58149167124063,0.007939746879756158,0.9868531287477437,0.005172422486923883,0
59.17260330806725,103.45050723971538,103.60973865409731,0.007920915098539939,1.0260493336744725,0.006425681594997892,0
59.17260330806725,103.52858260527644,103.63677779656108,0.007871190389022021,1.094530642006296,0.006425681594997892,1
59.567790615772566,103.60302788444443,103.66429995677669,0.00786335265365919,1.2637877421177106,0.0060397363393533705,1
61.088815029123744,103.68466880346364,103.69677514973301,0.0078641040300268,1.3663403721246845,0.004595092486507051,1
58.55837556407208,103.743288055387,103.72135566325844,0.007902347196342968,1.5279886655260906,0.006136139702036675,1
60.00787605589267,103.80870536711014,103.75018754184778,0.00790012004965377,1.544025501892843,0.004883674564206545,1
74.4935347612761,104.05459779996133,103.85743310871317,0.008166510165932481,1.7433805934535311,0.0007519675863676293,1
89.14314753952874,104.92290659292799,104.23523449010396,0.020375247974918877,2.6300446854953994,0.005920280814576923,1
92.9210771851512,106.2657320515829,104.83422677395858,0.02414214978424421,2.8701159830762717,0.015459620393060623,0
92.15367033004685,107.46824209850546,105.4029461861928,0.02430181591894819,2.885540658665622,0.016569948951271084,0
92.57047873344969,108.63429819329909,105.98111244698785,0.023891830054070185,2.894389861596382,0.009606561980402443,0
86.58991042196797,109.59497139432789,106.49529244658915,0.02456967039009889,2.9130477622293225,0.025943411382963983,0
76.34235815020105,110.28220091951586,106.9111479525941,0.02604180728963263,2.9262376698598422,0.04271899321512267,0
76.63854273189375,110.92206221816991,107.31745042486955,0.026033635485732613,2.926633318377679,0.04102566710904113,0
76.63854273189375,111.50097148073498,107.70697848705335,0.025951531086387373,2.9215631507466076,0.04102566710904113,0
75.31476377707735,112.00282892814762,108.07121344390576,0.02611672876167833,2.923665207397538,0.0430761886896918,0
73.35697222693213,112.42545156965426,108.40722083443045,0.026343457864708257,2.892812556640088,0.0460322955854348,0
66.42578401978342,112.6906662660969,108.68009782816102,0.018668074366381387,2.532751261085401,0.05719993073216958,0
67.98824471364605,112.98681347663289,108.96543968170289,0.00710653738560015,1.5433796372541428,0.05181347013711431,0
69.1920406481675,113.29856468108986,109.25752973460428,0.007409148301041791,1.3265929333913289,0.04765182189688689,0
68.23091052318227,113.56538257443493,109.53129072078323,0.006708003425338171,1.2185843703266774,0.04909564730879183,0
68.78540559250762,113.82488294870404,109.80148622768978,0.006579592983367332,0.8956490866818725,0.04738156413149326,0
71.07461280660864,114.13586012962944,110.092639976491,0.004936912129050195,0.8486868014310248,0.04022552618650153,0
43.71367739225399,113.81338412416531,110.11888031586119,0.01784318446808335,0.8918027277361582,0.09977429392106377,0
51.865708825977705,113.76829791142838,110.24736984171469,0.020018807075467143,0.9122392976376698,0.07464272972663691,0
48.94751959890701,113.63321727024875,110.33118668246856,0.02009468938690392,0.8751316289735128,0.08411219141950813,0
47.21370834713497,113.45385783332955,110.38770809230152,0.02009875369374401,0.8740037480756022,0.08993291321483501,0
45.31233058188948,113.22872202174568,110.41566784566093,0.01998123531383744,0.8160004870097918,0.09640838119475402,0
46.09165755039708,113.04598184553467,110.45125199112951,0.019855816721893675,0.7571678909205971,0.09424135947574797,0
45.02381694418044,112.84826498718893,110.47188048854228,0.01967509003405917,0.7033675522998485,0.09759395973615784,0
44.79372159415353,112.66271233489434,110.48889571907159,0.019689511058990354,0.655455596391811,0.0982867572218685,0
44.066148609578185,112.47483176564243,110.49688427877498,0.019600840714747974,0.5692107608687034,0.07317732672748678,0
43.1320268605922,112.28008268934788,110.49422879469452,0.019205951281743253,0.414605168718594,0.07570407124194978,0
42.133202802383444,112.07816737776729,110.48096556714782,0.008899717639480637,0.2777556132570907,0.07834056796047785,0
41.824143069487555,111.88786331908386,110.46506135775215,0.003060063074827943,0.18282206912011864,0.0791242636227453,0
41.41520653516083,111.70616014321071,110.44583019295429,0.0023149038222390816,0.15341353887033668,0.08010544907878775,0
40.7290015679125,111.52652382272082,110.4210285014722,0.002023406880531002,0.12967100977327334,0.08167912261545816,0
36.02815581599195,111.2525665695554,110.35087169097487,0.0032779443234491647,0.14799739087827438,0.09332719049463825,0
42.004533873125474,111.09708288925458,110.32193083461054,0.004695359148653168,0.20692327335909033,0.08365259933576524,0
39.04798489308335,110.88688273429906,110.26525105600372,0.004957432507334034,0.22465281566664821,0.09091745414060536,0
39.79813788457256,110.70813087284193,110.21558308801396,0.005035592621992111,0.2434638784767051,0.08971652681076688,0
44.346724514375715,110.61687970001472,110.19716728523252,0.00570376543285902,0.3116740696912429,0.08236902884307375,0
48.11230138039942,110.5971771003636,110.20558302490217,0.006059550205190248,0.3630267005917989,0.03251513648054197,0
57.07886901730656,114.07940886286012,113.9856689743167,0.005044322239360276,0.5025156266956783,0.008271698652662859,0
56.58452906574075,114.14819036528452,114.02065178338432,0.0039309626404946466,0.4417464872311116,0.008710801162166763,0
57.06509050916681,114.21611896208522,114.05657473246646,0.0039266461486316415,0.4185220319243358,0.008183897234992125,0
62.04240948016338,114.34052503831818,114.11898352673698,0.0033470801272462284,0.517743529751244,0.00882967713038069,0
57.47612311941627,114.41297558117327,114.16067667925773,0.003590958760673331,0.5219346499078753,0.01251088149866499,0
50.85419606276362,114.41269211739751,114.17123839225007,0.0042955219856822555,0.5346395363344681,0.018617229134163443,0
47.36233747152582,114.37333485996545,114.16400732466859,0.00448857097631019,0.5468462227026003,0.022280709785327577,0
41.98597178471405,114.27003375305728,114.1272105630595,0.004990834413169838,0.5859908881786924,0.02868743908320121,0
38.96675859552384,114.13368871518216,114.07317316454031,0.004573809090402742,0.7110440384190443,0.032789832485968375,0
40.201674910150494,114.0217966346409,114.02657081972784,0.00402213137186473,0.8849388565832031,0.03169265102753343,0
37.54304428561206,113.88340479750592,113.96575345656994,0.0037000874756397103,0.9127984631448279,0.03526695595154789,0
35.16689570772347,113.7229486294426,113.89221308520888,0.003676163371793948,0.9729592911006045,0.03868096332736264,0
39.92553228115524,113.61878071783929,113.8397717750989,0.004083212474659824,0.9598054027396392,0.03471547329715236,0
35.489355348448925,113.45974214610227,113.7614398750591,0.0032252200403599576,0.8130355700133329,0.041000483183641814,0
32.35772314822185,113.26345713169417,113.66377558951469,0.003272433009084984,0.9020357615123186,0.046140029795730154,0
30.26595170104943,113.0477712376881,113.5538427576559,0.0031343735400860906,0.8839773045933478,0.049909918157904,0
45.897044662903454,113.01082261831976,113.51703002489285,0.00646972249542006,0.9033812394774217,0.03443988218795804,0
46.97652426424922,112.99073552664652,113.4875573333544,0.006247369137410033,0.9122846242223109,0.03315600853355872,0
46.40671079997508,112.96494080661206,113.45606715500737,0.0061250041074465715,0.8503077503004669,0.033889280105176264,0
46.58112763177498,112.94350977599592,113.42674240634369,0.00611286669472137,0.9235484632586932,0.033705899625344884,0
45.70004370133034,112.91364148749327,113.39417035634382,0.006014847699865835,0.8960946890445765,0.03471547329715236,0
41.685953300901964,112.83708117861813,113.34175901286211,0.006111240132300265,0.8789220712340461,0.03951476479402268,0
41.61024426643089,112.7668636718516,113.29115937777327,0.0059573427679070895,0.873687397730537,0.03960751562749797,0
41.52901840621552,112.70238420262042,113.2422889215765,0.005625826696582092,0.7606715647803608,0.03291999787637508,0
42.73272054038675,112.6535750407375,113.19953850352505,0.005338788047121357,0.49197846302030146,0.026383804439424827,0
47.82216557941204,112.65132908343233,113.17643278886344,0.005191399067487256,0.4985237365675193,0.018023674493428985,0
53.57789603458214,112.70359271901899,113.17738747108946,0.002663181171340436,0.6106177279828386,0.007067164958702194,0
50.82394026101943,112.7261116548707,113.16778248684236,0.002783268450172229,0.6249488037726082,0.0077031618415172,0
53.1195767032264,112.76839288751785,113.16787202538293,0.0028266421962027687,0.6347327130541046,0.005655203675916097,0
51.32463886142996,112.7914064077185,113.16149992017161,0.002884880939056355,0.6379594104106755,0.007078978915502618,0
51.97991861232806,112.81794235201853,113.15781092740853,0.0028533328713430312,0.6307745859918236,0.006544599502669006,0
50.873585639294035,112.83337844408139,113.15065018651018,0.002312373513922065,0.6275851444586682,0.007346381456884772,0
50.61570534262368,112.84543876193682,113.1429803105386,0.0023161880981636706,0.6185652306703827,0.007524774088263369,0
45.97373393486386,112.82110870486872,113.12075635711048,0.002643142237030116,0.7040700549985621,0.01083578701825173,0
45.97373393486385,112.79909619651733,113.09944630984963,0.0026415519112879043,0.7305946240898152,0.01083578701825173,0
42.54899821071908,112.75251191447613,113.06777948285205,0.0024517393081352093,0.7241223304030167,0.013355890237798538,0
38.57062314952188,112.67607678214836,113.02298251852936,0.0017407065378863078,0.5211362067432099,0.016614565976375114,0
36.430771803822935,112.58692098924419,112.97160903889757,0.0017136555019926756,0.5041049208031396,0.018525145287257908,0
36.020834041026795,112.50244738691744,112.92073298915189,0.0013634467620832452,0.5510571371747921,0.01888988959712561,0
36.975540687026474,112.43078216482816,112.87393015483269,0.0014699642544339594,0.6404894665849433,0.018433982627237135,0
36.16202041811767,112.35927591117772,112.82623629884877,0.0013675723415476663,0.6354315448817963,0.019072324924763226,0
30.749696770920593,112.24505485373969,112.75972402506562,0.0017272626156577505,0.7812090005216319,0.023839454922469267,0
33.233060085416085,112.15314136391815,112.70069814896493,0.0018827157972977917,0.8697282266981766,0.022735431407711063,0
33.66016721842914,112.07188738666191,112.64486240312856,0.0018362738089412053,0.9301898804422218,0.02255161220138256,0
36.081523972589174,112.00884893962917,112.59566921039169,0.0019292979335237869,1.1324121008533923,0.021541996388073137,0
32.07049927248114,111.918479674698,112.53453049577561,0.001993468513769476,1.1644937261502095,0.024761390783834093,0
31.96123844181561,111.83576557261661,112.47546319681851,0.001870435190118544,1.1485574002614871,0.021341693399890324,0
31.272377142352212,111.75521446713744,112.41639242421275,0.001832802604411168,1.118357234862339,0.0218938674830717,0
29.02680662042914,111.66328750854659,112.35175316559706,0.0018619863981133799,1.067957980001814,0.02373857958014848,0
27.040266813045704,111.56202003392873,112.28216823687814,0.001824100128202031,0.9387967054377511,0.023960231125129454,0
33.490118079887154,111.49420733456685,112.22530702183845,0.002102651281537149,0.9948039627399741,0.02165089363027107,0
31.680453034436297,111.41856711759618,112.16477735900635,0.0016249350103284678,0.8024278376116838,0.021680231183755384,0
28.576367461446452,111.32346402460364,112.09557076726242,0.0016569665498502241,0.8877059152499692,0.02390870705874468,0
26.480720839546763,111.21741844481319,112.0208132337124,0.0016545440805839663,0.9351481222022225,0.022048818849125105,0
25.15622695227316,111.10813925677516,111.94350240326362,0.0015028273636531393,0.9060608872663517,0.02334877534250658,0
18.632571765535218,110.9226006719033,111.83323790904988,0.0026623410062605627,1.0004703104427866,0.02949792491099273,0
35.93455359390006,110.8385427891897,111.76222953654356,0.004084984525736842,1.1671965356811769,0.018720442943063183,0
29.871405117094852,110.68820434938223,111.66318450504245,0.004521394253768306,1.2301061572290959,0.024162541991869662,0
26.75501439251913,110.50456467873865,111.54831074041202,0.004621850970293668,1.3226615846985688,0.028870902243228545,0
26.63528767300599,110.33650956647584,111.43722995286579,0.004651640870365639,1.3808065267225655,0.028232478895855253,1
37.35097265763159,110.25207927972257,111.35865299212608,0.00521563194604005,1.4575027949052173,0.021562363418498615,0
45.22821324217362,130.9813791056493,132.27949477108714,0.004755980021762953,0.5233737726133666,0.024140594419036442,0
44.99126310220748,130.97074738228758,132.21894436721826,0.003542148712572443,0.4872464223442159,0.02238869140284324,0
49.45884750266868,131.00598509289665,132.1813266279793,0.0034127791644806512,0.49089510853874313,0.016445894033318392,0
49.002868541506885,131.03308299130683,132.1433150068912,0.0033350289026220312,0.4996486120305836,0.013024653829788891,0
47.13123353093547,131.03851228305203,132.0985489449299,0.0026121183087623122,0.4933576484793129,0.01212904403317195,0
47.88163765290956,131.05010021808323,132.0587913310764,0.002396583723677939,0.4314814362716402,0.010216501223518451,0
42.33542146530349,131.00336054042884,131.99550015602446,0.0030701393361643784,0.40680502909077965,0.014859087604804836,0
38.86137197791412,130.92008187403104,131.916960474698,0.00331039638122021,0.5407445820267455,0.01821251846814099,0
37.85006720427495,130.83235787699957,131.83648625751536,0.0025058823949813502,0.4784220611107589,0.016846172626201923,0
42.325891932448705,130.78732634912276,131.7746740985082,0.0026765439285342126,0.4854917923084533,0.011660051130286953,0
41.96433120569504,130.74277939037745,131.7139362492037,0.002456031014677873,0.495061188875499,0.011970514663283319,0
41.39292771932694,130.69676213291615,131.65338236469765,0.002454900756491876,0.5574002190664694,0.012052874178006797,0
42.5166151111982,130.66275920413585,131.59881508532183,0.0020566078758584754,0.6727469201910993,0.011431682791377438,0
42.66473928397152,130.6329531817289,131.54705146833348,0.0020710728397886754,0.6748703836327622,0.011354013488605015,0
37.10919577042012,130.55452881374862,131.475210452833,0.0023335005381656983,0.7257771458281698,0.015561238043696489,0
40.653695579718246,130.50549848146719,131.41597967975707,0.002452427520156821,0.7888442056735055,0.013765061806664656,0
58.73192753522398,130.61931684061975,131.42767692130417,0.004663372498708228,0.8052242349014163,0.010174611761131935,0
59.53172335200692,130.73181376178908,131.44298102227347,0.004430725826338928,0.6648113135985597,0.009408119921575846,0
51.0143258444807,130.75736570987945,131.42480703972575,0.004977559292295572,0.7336112124056217,0.015572467833074904,0
49.30510484103045,130.7633337759934,131.40003904608864,0.004965789859317961,1.0827080127288493,0.016969774022502104,0
54.503644248688346,130.8230361100164,131.39962861096976,0.005112697874444952,1.4339226724980225,0.012557986940780592,0
51.22828351287634,130.84561067312114,131.38576711033974,0.0052104209906901735,1.335508257318309,0.015107551994679799,0
51.88881190711145,130.8727032262655,131.37534523351354,0.005210500265377557,1.0597819507242212,0.014565609183246961,0
50.214920209341145,130.8819719894689,131.3588534283506,0.00524148083967191,1.0396950074715505,0.015805085486266857,0
50.32272239008546,130.89130966864096,131.34346187348706,0.004991243673237102,0.9375849328855191,0.01572757387226443,0
57.29709601681169,130.96643751407203,131.3571145890563,0.005184003266707791,0.8289391748279821,0.010328073253315844,0
60.218620480557455,131.06679554970387,131.38397101064078,0.0033498679129860985,0.8681965211147374,0.007726018638560537,0
65.97030492955263,131.23189023431476,131.44126596924232,0.003802369264231597,0.8997492787989548,0.007002956735014473,0
67.71065206892773,131.406975202762,131.5070854853722,0.002953109923185272,0.8740135172717326,0.004959708176105244,0
66.89179381414931,131.55966437891277,131.56774742957973,0.002863843479514482,0.9120265367756513,0.00541313623365439,0
67.8002511806996,131.71019091261334,131.6311355368811,0.002705948478888246,0.5392745694720033,0.004431398081683459,0
67.64657692671071,131.84542627763906,131.6914986305223,0.0024160375209958834,0.5300510808371204,0.004506804046576154,0
68.78988197955984,131.98206593056767,131.75540384267015,0.002394959879327512,0.5360794645336987,0.003376327673797128,0
62.88643147955252,132.0704489704967,131.8018062230004,0.00263883199542699,0.5452456185571656,0.006169528574495516,0
73.9030290726886,132.3113789486019,131.91415411948807,0.004360126855003196,0.6731331343252669,0.002154481968669377,0
70.82177499995313,132.5074521918624,132.0126642404858,0.004461072273497638,0.712366121746649,0.0038699433754345865,0
67.27602749332382,132.65913418422144,132.0963178815762,0.004631328355792956,0.6458803224774214,0.005891075691100224,1
59.9705607323023,132.7382695956656,132.1521241469601,0.004723618097647551,0.6790433026952998,0.010487630825335967,0
58.9532623540402,132.80129442400846,132.20205028710888,0.0047053394224419115,0.664758450514682,0.011169456981536865,0
55.998406487828326,132.83355364506147,132.23954703218462,0.0047539984049412695,0.6617565556452679,0.013144058945639905,1
56.98084624109829,132.87321698842172,132.27991154634714,0.004751164875520823,0.7547085104183106,0.012307687727192776,1
77.10195800380693,133.29197569254683,132.47910486802644,0.010626184840949994,1.1527938464219498,0.0029867297338065594,0
62.65640121345338,133.4956038623817,132.59681505687783,0.011851499374325294,1.4942071477772272,0.02156105431331502,0
63.61401055307104,133.70269593996554,132.7193209980325,0.011749001372750553,1.5623149688658355,0.019753873153539724,0
72.43224609066482,134.15483348627103,132.9476145162843,0.012743413522271934,1.597122728296511,0.007150635716764687,0
69.81066833164067,134.5258121426241,133.15075265207355,0.01279616012577742,1.7405337133188619,0.010068811002686454,0
68.5416271898689,134.84336174383796,133.3381271314984,0.012771388188176247,1.7628812925613027,0.011460915595963295,0
67.56699631883083,135.11733353006565,133.5123760231768,0.01259181920384022,1.745188927590291,0.012489117088713482,0
65.90890606727298,135.34330685683628,133.67046281754014,0.01262969601176063,1.784455284368469,0.014182826898927867,0
61.39404611036428,135.48680464791644,133.79676377394114,0.012777896538451754,1.7657777334121676,0.018925803597929756,0
58.62350365027109,135.5775868925156,133.90170787077963,0.012900896750484128,1.891930697807983,0.021987686501899185,0
56.224322874958965,135.6254366507343,133.98815022846614,0.008480926120780654,1.4941680376401476,0.024691362177692005,0
56.27782066218144,135.66968102984092,134.0715198642528,0.007242563899688155,1.2140478378898318,0.024616108411069926,0
52.93215015384593,135.66399711069914,134.1325162331749,0.007333219525850239,1.132457546381473,0.02824276833431657,0
50.31485121720776,135.62171131891523,134.17561331334707,0.0013674589317974536,0.9353239271795122,0.031208409869892928,0
48.718353388991325,135.56059493510696,134.20747782211942,0.0013646743486739393,0.7365534623843938,0.03304198292367587,0
55.38766696911723,135.60530046895192,134.2796457773285,0.003465938936015029,0.7397264539270613,0.02506802685223843,0
50.78166159665798,135.5809865201668,134.32201357819724,0.0036497958299716257,0.7869969551530165,0.03021792503476208,0
48.666524611373454,135.52755924241401,134.34963182897903,0.0036565078137599043,0.8995303708500294,0.03273587638188831,0
49.35485662457879,135.4887433504692,134.38010299245323,0.0035866952931123608,0.8693857148878329,0.031971636177695786,0
54.42312313061773,135.52695844380526,134.43980563912194,0.004132892103622175,0.8359377951350669,0.026124093514627227,1
59.94393295549062,268.5382898321752,269.70240424907576,0.004448008279169972,1.2250492392393544,0.0003695716971911987,0
55.294192957884825,268.66826597248223,269.71089246183817,0.004211788282418438,1.2189330939330938,0.002964128672243352,0
55.82142370249308,268.79535437058826,269.7232658577839,0.003319822694585951,1.0309372517871325,0.0025926378038194442,0
44.741375968445816,268.7242371694663,269.6519075804832,0.0041559529279326145,1.0831715897373686,0.009886306788826547,0
43.5479491534138,268.63606770111625,269.57320095693694,0.003928693942941414,1.0992248990422582,0.010829068507293793,0
44.50459262758006,268.57063123513046,269.5044412362167,0.003882646257459277,1.0773950932816916,0.01026310832139547,0
42.93755924577096,268.48283270636966,269.4261314958385,0.003918715071685328,1.07548853832046,0.0113955478427042,0
43.296029258022905,268.4081870031613,269.35345971756004,0.003914459251266103,0.9981951917183137,0.011206574012704524,0
42.15559596583062,268.3215971069597,269.2756512693323,0.0030516731653353344,0.9604822278838182,0.011962662456191589,0
42.15559596583063,268.24327128106927,269.2013147264664,0.002572680614663178,0.8869813580663986,0.011962662456191589,0
37.56563701896964,268.09616086047674,269.09687586928237,0.002356855920265753,0.9722875884282205,0.014998124547871859,0
37.56563701896964,267.96308516935613,268.997051095599,0.0023599484834447852,0.9320453463718577,0.014998124547871859,0
36.13949851685867,267.81887596293916,268.89122921248406,0.002299349730814442,0.9453966646940972,0.015950459017797892,0
34.182906715380355,267.65506408243976,268.7755319312772,0.001014246345864936,0.8709344118068296,0.01728675685082914,1
33.622778716723104,267.49734311792685,268.6607415776912,0.0010171285452971978,0.9140900252676396,0.01766921882342575,1
36.42722822195122,267.3784832059121,268.56125134677296,0.0010738073193797106,0.9907780127110547,0.016713660871478873,1
61.16513942839173,267.6044543207471,268.61020991964335,0.004468627492354446,1.1529992929289696,0.008711792784117238,0
63.56445223259117,267.8612873502796,268.6796665843086,0.004479183740944423,1.1754634241716089,0.006659335522891572,0
69.77957084866185,268.2556109796054,268.81588840536944,0.004724397937359706,1.2435068980863373,0.00036766949821920953,0
73.11985836312624,268.7219144288856,268.9933803824226,0.004746514270402359,1.4042848259048708,0.0049423618293297005,0
65.64552302546048,269.0389794525698,269.11833874462997,0.004879542063251414,1.3898992574687716,0.009005742756716168,0
51.47832595950736,269.063844886532,269.12575246130984,0.0062062742336103345,1.4915676855547324,0.01930936666446822,0
51.68257667961581,269.09110577200295,269.13489041674404,0.006177658050351729,1.560195892835096,0.019120080860533368,0
50.76237729203983,269.09671554931094,269.1355049161255,0.0061554665934364546,1.4893555843401747,0.019877414916729473,0
50.04279395243953,269.08750248737107,269.12999986410637,0.006160753816023314,1.3935008489153677,0.020446096654275093,0
54.65761247888014,269.174424573259,269.1652948930297,0.006213160683784292,1.3690913622731622,0.016666666666666666,0
54.3871534646349,269.2483035664656,269.1970870592635,0.004650763690156762,1.2528494382265594,0.016854927161400732,0
53.251720060462254,269.296092082478,269.21945881578444,0.004603766289164943,1.2049094459483243,0.017608897126969416,0
54.27964086096167,269.35837950965185,269.24898141037687,0.004034768452995095,1.101531193318429,0.016854927161400732,0
52.41777436154128,269.3861560687775,269.2651674846577,0.0036366375577185717,0.9342086198633571,0.017986301551252727,0
51.15811459604625,269.39223835075035,269.2726198252453,0.003507269868070909,0.8267166501626823,0.018741835458105694,0
53.27434187180601,269.4310759349796,269.2938582087678,0.0014519584721898507,0.6475502934141011,0.017420357374655658,0
54.48800782679164,269.4852646125803,269.32226622686585,0.0014625194657281642,0.6123576202174996,0.016666666666666666,0
51.945314844509525,269.5009545391582,269.3354373219192,0.001513533980803832,0.637487984044608,0.017986301551252727,0
54.24473711369839,269.54848657960304,269.3621195541237,0.0015258708568597846,0.6269487885662982,0.016666666666666666,0
51.95026181844904,269.56291866347584,269.3756733005402,0.0010345171800382983,0.44990716172244116,0.017797506769425393,0
49.328573539872565,269.54263991431907,269.37464464561515,0.0011011032257341388,0.45673179363182426,0.019120080860533368,0
36.982350580801224,269.31951895024025,269.2875676608081,0.0027002034090195474,0.587276247207744,0.02732031234831154,0
35.007352933458435,269.074789399637,269.18604187358653,0.0026400448301383992,0.8236208298775233,0.029053420805998126,0
34.56557627255128,268.8438450023597,269.0846573269839,0.002652681495866083,0.7787607597563443,0.02943936352221729,0
43.40942515678871,268.7444255539142,269.03333869736775,0.003163975304631355,0.8887356260859186,0.016430263684194334,0
33.95479818101913,268.44494483555997,268.8962877523582,0.003876517998697372,0.9634943622633702,0.016566241699442995,0
39.14523524305397,268.2501804251781,268.7967112044355,0.004087137358157109,0.9889518522801743,0.013513536734218122,0
39.782345102188444,268.08349101686673,268.7051576726739,0.004122875673756716,1.0217494440719115,0.013133208255159476,0
35.21651426119111,267.8231512660418,268.57149815979164,0.004132128431633354,1.2780990678121003,0.017524001467971954,0
32.75236577750033,267.5209375529892,268.4153738152813,0.004135010168593667,1.391787668787566,0.020215402331005664,0
38.6919574651051,267.3332234161415,268.3013640585136,0.004462568480192638,1.456464140030057,0.01675771949385523,0
35.675622173042996,267.0871966410669,268.1601410935117,0.0038893668946736065,1.3657518039394136,0.019830028328611898,0
34.23838998222983,266.8265065577366,268.00871119507474,0.003885937282985711,1.1418338032664788,0.021373155914632055,0
33.33448970657935,266.56683509813905,267.85344575379867,0.0038816129620046704,1.170740182012445,0.022339999091752525,0
33.33448970657935,266.331895115374,267.7044235186955,0.003446685540887115,1.1043989918221546,0.022339999091752525,0
34.92823660111236,266.1383772347501,267.56932354775915,0.00251231083673711,1.0543659581109952,0.021566448998462228,0
30.94445572458946,265.86805076866534,267.39998052814803,0.0023758552651836767,1.0891315380416915,0.02544630656154618,0
30.384657650142472,265.6091850365481,267.2314806927381,0.002325945272646258,1.0928796121888953,0.02603080472124282,0
30.384657650142486,265.3749737592624,267.06973118290847,0.0020842506737114522,0.6860661263217194,0.02603080472124282,0
22.98883065406774,264.94402013481397,266.8233452837924,0.0032433282422071213,0.7256067926470168,0.034119201411682176,0
33.585735995714316,264.6874444595044,266.6422505335253,0.0036084981452791016,0.758732584325274,0.027073426514835557,0
31.89758353548602,264.40768554659,266.44860182352255,0.003564949863352792,0.7682048620443571,0.024832855778414518,0
27.569703370571816,264.0164733296175,266.20531209824145,0.0038301562294273373,0.8057156143525295,0.030541731002132595,0
26.760734010695344,263.6339494883079,265.95986545994987,0.0038271719705936943,0.8645318170599045,0.03173076923076923,0
42.97833763962645,263.5450025395043,265.8309679625372,0.0053873910216401125,1.1739195040628576,0.021126713114100887,0
45.43034982619085,214.18070830439117,216.00757176322753,0.006613435564486961,0.2958836609713542,0.018218310660295615,0
52.224191582499536,214.28372735130253,215.97545674661686,0.0035089275722286753,0.27586316719673076,0.012589458250595313,0
54.48080079304068,214.41888304353697,215.96366745473577,0.0034158087270694843,0.25141507408202707,0.010523895709676951,0
53.98154496174016,214.5334840083195,215.94901127386603,0.0034661636695492784,0.2698772948244348,0.010898832004139589,0
55.517948731888616,214.66384325269482,215.94692803446506,0.00233719241219991,0.2752753055650065,0.007225626963800554,0
53.72430232405279,214.75694972644706,215.93392626378383,0.002583971577385682,0.258932449531902,0.008440026569143635,0
52.529297205079416,214.82495139170476,215.9143356025123,0.00211009839989551,0.23245782440790794,0.009235649890425933,0
54.76046959513683,214.9198347651945,215.9103642641639,0.002008135610576113,0.24298660028854033,0.007598921944176957,0
54.89086802630381,215.00756636099047,215.9074102106733,0.002028284874669748,0.24785679395979082,0.007505607873716269,0
55.23844363013616,215.0916918954856,215.90668131741268,0.001961844292804134,0.2760459496889932,0.007272255911146337,0
53.80967059721763,215.15253789780556,215.89930402460467,0.002006253724817399,0.2834048744083637,0.00801933444857191,0
49.82005937694961,215.16373435525452,215.87309489709938,0.0013279074420787249,0.2836548125702989,0.01017328191546105,0
48.63808577037383,215.16051963886292,215.8422217192344,0.0011263610032013838,0.2928316497415256,0.010830668796404791,0
48.19825068875242,215.15284612394353,215.81062740903369,0.0011257517951320576,0.33225935131486084,0.01106567259880346,0
47.458784866499556,215.13828050177446,215.77710150869694,0.0009856229502511933,0.5959591997766647,0.011441891692405523,1
51.46794694772789,215.16321929417347,215.76153844554355,0.0011724654773644157,1.0163093928964166,0.00956366237583461,1
69.39016089257913,215.45734467379782,215.86402565006588,0.00434953470965418,1.158472538805014,0.00041235435459621993,1
60.89307870138528,215.62815060259848,215.92099476842023,0.004723426663749067,1.2432904546963928,0.0050172443631329115,1
65.52971916186323,215.8798581782182,216.0173665215753,0.004882405609589704,1.3884446677358893,0.0009620719795102856,1
74.28527119314293,216.36671818891978,216.22100797055433,0.006029208824413828,1.6971290927231664,4.522605813612988e-05,1
74.94049689326314,216.83194767568412,216.42660015926182,0.0059498065643844725,1.9618762923439774,0.002983067399364407,1
81.99185954416633,217.60628199368423,216.77487756059313,0.007174677023258881,2.177418636390815,0.002222617287862921,0
83.50117407498938,218.4135231301104,217.15404558683684,0.006948562942235315,2.414442683924493,0.0026981626212450424,0
84.96707688582087,219.2591099321169,217.56643622125017,0.006701457328013882,2.471822494605751,0.005323625102773106,0
77.9974522372245,219.91648469582043,217.91556035006215,0.007285972300138118,2.4017214417007815,0.01202688882498825,0
79.81234262506155,220.6207710650185,218.29668320201714,0.007197633368640658,2.349274146065949,0.0069068995692283565,0
72.83595416721803,221.13984082715058,218.61161293310968,0.007367860241483574,2.3512653328228823,0.012429767185187846,0
72.67037380109122,221.606599206515,218.91217727942728,0.0069443507240915915,2.3456371345247087,0.01256419961526303,0
73.88460213114607,222.0831849374955,219.2232561412407,0.006954036129598934,2.337882519362927,0.010017229011724575,0
75.33393119817336,222.58104401566234,219.54966143236234,0.006249625448533841,2.292130912800115,0.0069068995692283565,0
75.78871174676482,223.05243077919675,219.87140278991578,0.006256145630833516,2.2207532758687334,0.005933310379986971,0
73.85570431882157,223.4512916207593,220.16815424206092,0.003970981272424411,2.055759723051818,0.007217036393258549,0
73.88043027673471,223.81310964941702,220.45305623335668,0.003722687443353076,1.7044344823068622,0.007172738758250825,0
69.82452398102919,224.0861708995184,220.7033114890989,0.003406024795949785,1.4172788238261536,0.009705365617237827,0
71.92139404241112,224.40179899571038,220.97218369767654,0.0031169096400085515,1.073846613249809,0.006508403808497227,0
69.11961378991985,224.65021701589683,221.21437587295537,0.002736489463039711,0.7933076842378554,0.008237568482564106,0
69.21894456384348,224.87783004884304,221.44784702439608,0.0019992059293841872,0.6562803436642566,0.008104350119323546,0
67.2767740175012,225.05995190442127,221.66175811144547,0.0020522443977412787,0.6535765911778877,0.00921562528573646,0
68.0491799082034,225.24377664226532,221.8749364705077,0.0019191432658998014,0.675324560694151,0.008326355098948865,0
59.503605693278516,225.3024675597932,222.0342488828312,0.0022263829599024967,0.7646415712905775,0.013371133730186155,0
60.40400096188518,225.373664621648,222.19466601374944,0.00221657795998448,0.8993617053809636,0.012519362056397374,0
42.852855170362766,225.12854401102032,222.21882971209223,0.0048887224440368115,0.8647015049341366,0.02728905631855968,0
53.39719349393554,225.13058693254735,222.33575313045887,0.006293698690374559,0.8278760200528724,0.016566782533616438,0
53.03847692397633,225.12481725364867,222.44474838754175,0.0062697318961047336,0.787122308408121,0.01692805542546305,0
54.75716785179098,225.15959813530466,222.56606260329292,0.006193069427205164,0.7734395512363934,0.012284309486860382,0
54.248067176873505,225.181541710885,222.6784901948765,0.006185832587478926,0.7469451403628553,0.012733462553615462,0
53.97783760981642,225.1966330004456,222.7843878525177,0.006181561312706653,0.709731272706999,0.01167127418813341,0
52.07821597765044,225.17790562956836,222.87249352448103,0.0061855943201740045,0.6548675055291899,0.013200005425347222,0
54.70382759393474,225.21048711138315,222.9777161175729,0.006244359353371146,0.5829641678681718,0.010863767744888099,0
53.25356987033199,225.21710739132416,223.06916966166008,0.0060616532384319445,0.4057118870111713,0.011052936375427985,0
54.33987404339284,225.24214479007134,223.16488631685,0.0060625936589221744,0.17446491368423134,0.010156149495802852,1
53.47014423526308,225.25241744992587,223.25159954730992,0.0035258262250783276,0.14444542896986454,0.010738842260486447,1
56.09021261519279,225.3045691661221,223.3526818630183,0.001369372759345925,0.147538108721829,0.007528772919690859,1
61.16638266181953,225.44413612498718,223.48816893943487,0.0018364065499866457,0.16523586991831077,0.0032191017938244734,0
67.7480928525176,225.7218405841418,223.68123985307017,0.0027002180502917177,0.2263489342905847,0.0,0
72.88410208496983,226.1302402934371,223.93194480959943,0.003202225361174591,0.6879059461617372,0.0016521233506712084,0
73.13543594633478,226.50831665982335,224.17618692348748,0.003159781984000089,0.925808078848318,0.003302887816934855,0
75.59793292095837,226.93705140464414,224.44668779294503,0.0029310965460892266,1.1801976705013242,0.0027271758702797477,0
75.9629821718935,227.33828700450235,224.71192569734123,0.003001326217853255,1.3035742648047013,0.002119859425060167,0
76.89364103937424,227.73464328794307,224.98042307373157,0.002765154865655837,1.4030711418847004,0.0019438313099014578,0
63.75430183411009,227.92848837038724,225.1698073748863,0.0042497533307575,1.5435264565130908,0.009487716565458292,0
50.938494681038335,1653.4367657644236,1663.1859220563013,0.005089598089103116,0.3922384689461275,0.007056313500066811,0
52.0821247196132,1654.0155080949885,1663.0275792936613,0.003051278170089841,0.3698630136986301,0.006206718185070804,0
54.137954661758954,1654.7774742721158,1662.9836003453886,0.0030484121876309853,0.3620126926563917,0.004332100584762334,0
52.115335610862786,1655.2662289864281,1662.8520987910374,0.0031449249060449564,0.3587946008161557,0.004156891567308808,0
53.10367152315051,1655.8132064091485,1662.7733845598382,0.0024473962647562513,0.36948226638849235,0.003491901762868754,0
55.358870910078245,1656.5463783051314,1662.804164636856,0.0023620731056610313,0.37771125169453235,0.0009017132551848512,0
50.16315253361634,1656.732689573819,1662.6224080520042,0.0027155363159130945,0.39867672395071735,0.0031956881689026227,0
50.956333856108884,1656.9774996383078,1662.4825325784811,0.002714010066706582,0.39046217604132255,0.0027119869026570025,0
48.16994452933819,1656.9415051037079,1662.2355821717017,0.0020062192667228023,0.3953207616369693,0.004346295634611997,0
47.65032125028728,1656.8612790489517,1661.978718794389,0.0014968061780805206,0.38011641006383773,0.004649521982791631,0
49.41333005945801,1656.9316949370384,1661.795889675144,0.0014944818813421713,0.35114838835519585,0.003740391731120691,0
53.360248547671965,1657.3289999279993,1661.7669061882848,0.0016248092205024848,0.3933601609657948,0.0016254730491071583,0
52.109259220512115,1657.5930983624978,1661.6976501843212,0.0015570564162430754,0.42752442996742673,0.0022288255506307973,0
52.46932871332222,1657.8606042661058,1661.6438630925045,0.001504609470946522,0.4551434116885918,0.0020477140231688036,0
29.52395072180218,1655.358071749029,1660.4013090324654,0.005671429607697439,1.0742028903211154,0.019735274407946632,1
35.62917846957417,1653.646840977388,1659.4520562634093,0.0058375396606187785,1.301350130298705,0.01612313669258045,0
65.03921664803839,1657.0821788692492,1660.6978147869045,0.01204209780375897,1.4841031410199046,0.004201987253018381,0
57.4221470031533,1658.8465724039709,1661.3103535127013,0.012475709670634265,1.6394294460378913,0.012652228187562538,0
53.5427574596611,1659.6710439883911,1661.564293346646,0.012592761613410558,1.779215995122199,0.01757124367503748,0
53.62604557260322,1660.435983548126,1661.8155631969423,0.01258964059745128,1.9411402536633418,0.017449240575801224,0
46.566705011216634,1659.6322887280683,1661.4142893215335,0.012993647704649438,2.1988116809236864,0.027118673624773004,0
46.71108385669836,1658.9337695667696,1661.0423061078143,0.012968766317953993,2.2325523152270708,0.02693215438174266,0
47.222918558636614,1658.3970783356863,1660.726822259766,0.012972876616948714,2.257292857445277,0.026311013557903915,0
46.078997114357286,1657.6828969394073,1660.3270096800184,0.012975928955658196,2.252454835281615,0.027803030913609285,0
45.19472798550279,1656.8652932901725,1659.8708977655876,0.011573415253539696,1.5784638408136682,0.02892491295152637,0
45.03963508484312,1656.097019555576,1659.4217645788997,0.011546602023017438,1.2779727201977034,0.029112080651693163,0
46.998841653603066,1655.6877094307636,1659.1129771342853,0.0039107839545185165,1.0931467565916997,0.02724300682272373,0
47.60223730485223,1655.4031139585768,1658.853495677399,0.003342864707138944,0.9859842519685039,0.02668366851767623,0
49.261293756729835,1655.3742393168575,1658.7018111416999,0.0032074078791587144,0.8297955820614432,0.025194896898856435,0
50.32003536484271,1655.4909919103093,1658.6169747148795,0.003240344520829266,0.8177448585611851,0.024266614653286337,0
50.094946946242004,1655.5680543892001,1658.5235637664764,0.001033895004109127,0.6685904986258343,0.024452091291463036,0
51.49712761305346,1655.809216467081,1658.5065048459796,0.0010653636155589154,0.6137168658285003,0.02334001194862313,0
55.32714795310707,1656.5131665454378,1658.6953217519097,0.0013729371191814172,0.6907489868414469,0.020202079510990657,0
54.330646070599435,1657.0452918699268,1658.8321518807902,0.0012599377865470957,0.7135430882608372,0.020877247910406075,0
55.1220075355701,1657.6219757471522,1659.0035052637963,0.0010996289393858944,0.68929246145408,0.020263407935120922,0
57.04579062769524,1658.3723194922914,1659.2640964352622,0.001049748418777373,0.6700875339571385,0.01879318452604323,0
58.48326203490842,1659.222636560362,1659.5861503782212,0.0010116575974501438,0.7042183450573862,0.012115366508909237,0
59.1376976704528,1660.0681488181053,1659.9270623480368,0.0010146481905017855,0.7545469659185371,0.006894071199755581,0
63.269032670135566,1661.3379210931812,1660.4661033758234,0.0012360881141476336,0.8209559295901324,0.0020915501069300613,0
72.98219264610883,1664.1534996130247,1661.6827717171402,0.0031996695632392083,1.1793014876386858,0.001005352857845084,0
65.32781543988165,1666.0151502445146,1662.56229088352,0.003731888672409277,1.5022290512465373,0.005285991965414015,0
41.96046858910916,1664.318395501689,1661.98897846003,0.008114827586280208,1.5093524663677131,0.026938493950624105,0
42.27366127940926,1662.8308697900193,1661.458882430073,0.008023319311072294,1.462935844042661,0.026627055082314353,0
49.28763473851927,1662.61839659038,1661.4246439263886,0.008420519420111598,1.4609806556188283,0.019270143604999693,0
55.45869236861841,1663.6261940981076,1661.8937380337723,0.008764116493235032,1.6949371837175298,0.011594564296081362,0
56.05291670747617,1664.661822928922,1662.3956230896215,0.008759868759369838,1.8324654477115228,0.010809182195244849,0
56.101418404981594,1665.6083370338035,1662.8812174384377,0.008759254497449203,1.8585332026112533,0.010748835699523914,0
55.835886007454505,1666.4266042831118,1663.3313163614334,0.008762129098278894,1.8466073370112353,0.010990338639768324,0
57.56615706661448,1667.4717130430286,1663.8904627006425,0.008726617142650273,1.83756564156594,0.009061613777658397,0
61.70623675681175,1669.1982458177426,1664.7528293973019,0.008164013219631894,1.3894138008131762,0.00415282398041487,0
63.30491014001248,1671.0841583785393,1665.7155110692636,0.008065142260408152,0.8016004882845614,0.002131424266392836,0
61.59453731674587,1672.5904538880227,1666.556186989668,0.003151601334392993,0.831250157816327,0.003378950198222241,0
60.01459975671272,1673.7723314333612,1667.2877600417073,0.0032833299367933094,0.8268798422077542,0.0045103712676186946,0
58.40133666890171,1674.6606893839246,1667.914669241096,0.002900243306632062,0.8004833624633088,0.0056443468230060224,0
49.121003719677844,1674.2834720377305,1668.0250500923717,0.003169959564955767,0.6817328784833143,0.013108292963497855,0
44.513593969587504,1673.227888030909,1667.8339104003956,0.003426793479757442,0.6321858821797482,0.017676782874691356,0
55.62904367855462,1674.0442917084413,1668.386939790004,0.005091572429470609,0.5905056911768322,0.006421647308987693,0
54.367849231307275,1674.5924635554331,1668.838701985584,0.005114484389605624,0.5626582952878207,0.007619910933293569,0
47.52218837798151,1673.9646052178625,1668.8055160391818,0.005570834563425886,0.5663472682457028,0.014748186802120804,0
50.80132252671902,1673.948933075376,1669.0030711763732,0.00543400996600436,0.5555474077876367,0.009917537998376576,0
53.65131545210048,1674.4395115367538,1669.402311758397,0.005509237154644607,0.55859516725927,0.006729824901689814,0
40.81680144094006,1121.4127738302827,1123.1209157820858,0.0029957965440814078,0.8406715954900311,0.02277008015603989,0
38.423661401257746,1120.6288509367957,1122.6947231170113,0.002799241116383807,0.8525851289781097,0.02488328643297855,0
36.23528750805319,1119.7099623179927,1122.1942054185713,0.0027870995989356987,0.7442979525907634,0.02691271324398065,0
30.968532228803326,1118.2969108556076,1121.4566812797227,0.0026902487787922686,1.1051227417244756,0.029052380194271765,0
30.968532228803326,1117.0189047404472,1120.753023071686,0.0026816806249405378,1.0899609046661978,0.02850936673361439,0
30.46344625473766,1115.8057711244924,1120.0560604331324,0.002415298467695791,1.0850479636664616,0.029068164598925587,0
34.30960880635304,1114.8992377943791,1119.4751705505523,0.00256718313757869,1.0788222530672154,0.02720778654743948,0
36.02427566653828,1114.1650737495884,1118.958368480851,0.0020373835668214624,1.0757609396640129,0.02637289968382112,0
33.03210203832775,1113.2245059138866,1118.3430105666762,0.0020558140184215885,1.1358823291316538,0.029068164598925587,0
34.248930182657105,1112.4309029629264,1117.7802282604666,0.002104546749204557,1.19154823398803,0.02850936673361439,0
31.012202155583907,1111.407980202972,1117.1088157666613,0.002177131015844718,1.2734332224380833,0.02169376915070216,0
29.51053263120943,1110.3301433079587,1116.4004302008077,0.0021600879321844917,1.2646417843410864,0.021179937592230996,0
28.399843285038926,1109.2407521047696,1115.6733404402466,0.0021419377582068805,1.3779664310638926,0.021020998337182212,0
28.64082298426885,1108.2647870828612,1114.9822240076783,0.0014993613645372878,1.3619550285792623,0.0186533212010919,0
21.59474066534699,1106.5242261789685,1113.949010051503,0.0028252818342226955,1.4097221490400726,0.02706422018348624,0
27.36759659073357,1105.20690451551,1113.0720708580639,0.0030721329317319333,1.4293721015059142,0.024526448270985157,0
26.06626049895921,1103.8531928067307,1112.1630333701385,0.0029034525333122654,1.4979509696058813,0.02612282309807516,0
21.798163228925915,1102.0092019266685,1111.025971474167,0.0031149137507972173,1.652653520269242,0.03227293683725219,0
21.798163228925915,1100.3409797922352,1109.937702409819,0.003172719594716196,1.672167636181933,0.03227293683725219,0
22.701540015674794,1098.8698707933472,1108.9123496634688,0.0031588336395057346,1.6904584187414038,0.030970573167868,0
19.385694996731758,1097.0149816043058,1107.7058447602305,0.0033121150283439314,1.635648529664509,0.03622380461512625,0
17.948380608434775,1095.0701089492304,1106.4363082377586,0.003309364713301107,1.6347087241051352,0.03557500436248874,0
17.354544938616627,1093.196256414746,1105.1716323304495,0.0033085247997684916,1.6034662686943366,0.03338294922730992,0
14.994717351480546,1090.996067612103,1103.7447087507433,0.003310772632615263,0.9641617297460473,0.035510700744753265,0
25.13086474445801,1089.4722923478948,1102.5769199983279,0.0034007521227292967,0.9465912287358861,0.03079067496366279,0
36.1709873495156,1088.722396392838,1101.725906499351,0.004005658619749381,0.9387802747318954,0.024500740198005366,0
35.9118284279151,1088.0153769131132,1100.8983699445118,0.0040068232738823956,0.8235305625940733,0.024507536117028543,0
42.82496385574315,1087.823404506204,1100.2955576744391,0.003880412606137978,0.6293468884043036,0.018508264812097146,0
46.277319023151854,1087.8973747248256,1099.822924280825,0.003943808294841032,0.6298915007743107,0.015616388371540953,0
47.46000314585739,1088.0500263693336,1099.406259900055,0.003946265338771989,0.6501887765032627,0.014134946685692979,0
45.54065350283734,1088.0357387187898,1098.9423657481348,0.0035310976156824074,0.6246197172992753,0.015258732616426003,0
45.68845667778953,1088.0323346540445,1098.5016902148711,0.0033421571568251415,0.605368090289202,0.015165441176470588,0
42.00446394920085,1087.7435119182028,1097.9585184825917,0.0034976191490303237,0.6002133513609781,0.017972350230414748,0
38.959741680774854,1087.2250398275776,1097.3292179647299,0.0031098705850719608,0.6375474235334766,0.014598471814650738,0
37.75877717881235,1086.6511747588856,1096.681626915683,0.002919638923088486,0.6020551874871934,0.01526082199885065,0
31.01926324373578,1085.4462114908986,1095.7718083183133,0.00301500695100437,0.5892656509514868,0.017039151609054934,0
30.134330272543195,1084.2512562442355,1094.855184148736,0.0030126003691415175,0.5931929315924335,0.01705650698237848,0
31.096587695035694,1083.2177427671008,1093.9960731628512,0.002482871102267454,0.42920280985036263,0.015464854861540495,0
29.191414753339046,1082.0731282329023,1093.0840209380067,0.002150856301078026,0.5540544795083415,0.0175504571369314,0
28.17742381905977,1080.9232492763579,1092.1611823254507,0.0019879291631726237,0.5662421114208934,0.018691588785046728,0
27.744955719103814,1079.8352717902667,1091.2559372086073,0.0020313647604992316,0.5930447147192586,0.01916783543712015,0
27.293825532208956,1078.8032991064376,1090.367530058081,0.001983600883340636,0.6079500920417309,0.019644527595884004,0
25.675255162572412,1077.6981776212483,1089.4433810346047,0.0019523351629289966,0.6249515218889322,0.021364364572064153,0
25.404921183569442,1076.6697477844914,1088.5447378301892,0.0019718315038142575,0.7372294507007191,0.02165149035273846,0
24.127865452421403,1075.605930186381,1087.6267022751947,0.001967145926354403,0.7771614916959771,0.02299389957766307,0
34.29096446965974,1075.024397152133,1086.9050354553142,0.0016376279100516018,0.7780566767377279,0.01916783543712015,0
38.91694243770783,1074.6982537102554,1086.296068237831,0.0017811170924402037,0.8237153913069563,0.017170609213574866,0
34.774008896164815,1074.0888872483454,1085.58044145967,0.001991943713445918,0.9441571341130418,0.020312599625619064,0
34.653499573482975,1073.5280248547922,1084.8896717399682,0.0019146049955803233,0.6187975627953246,0.020408209908836943,0
36.0835818332866,1073.0777331873596,1084.2505438592877,0.0019063352427318766,0.5161500671631908,0.019273928372780424,0
33.455724000876515,1072.4798485920442,1083.5577095484964,0.0019855783630739598,0.4880772081124391,0.02118482803854712,0
28.063301432825526,1071.472231202353,1082.6982565090104,0.0024172682042538636,0.5102246740142511,0.025520270235317853,0
24.811240171973353,1070.2081874088153,1081.7265322784929,0.002564298461465,0.49140937302756155,0.025609619076469175,0
23.846132332680895,1068.9502493801747,1080.7461958726926,0.002557684514236904,0.5073207320732073,0.024881786970789972,0
17.057641411511142,1066.7263891192852,1079.3533495430258,0.004040122770725686,0.6422171921448333,0.03433437763227251,0
27.23358382040783,1065.2095795871867,1078.222249602181,0.004242245508728645,0.7581351524217804,0.025789849949245797,0
26.89194617517417,1063.789611386645,1077.1165898143656,0.004071408997060141,0.788898959929575,0.02627818176028102,0
22.822071583186528,1061.8762946993054,1075.793867496405,0.004286406739899791,0.9703248920156595,0.0327681085007117,0
22.54372316173064,1060.0975820981007,1074.5041841776888,0.0042658639104965045,0.9939817150342068,0.03326310857588451,0
24.91091229705188,1058.602566552946,1073.3134358808113,0.004314398712782633,1.096060075849757,0.032075832264361,0
43.610033129451686,109.12630224606836,109.97307060040895,0.006458541379561178,1.3869954432752685,0.01615273633460665,0
44.485769675000896,109.11615526014582,109.93212769355945,0.0023260237967280832,1.2407175411276279,0.01559351155735738,0
45.99137912898791,109.11652242872289,109.89736988824504,0.002224051322209644,1.007590008003496,0.014662742245680621,0
41.61587174930278,109.08250597815136,109.84886593355415,0.002065158937417848,0.8570843140056493,0.018021322599990418,0
47.98174486920337,109.09276068457119,109.82086422354789,0.002243353733930918,0.8316598120967439,0.0140122606931702,0
46.33675079023014,109.08963571407376,109.78863323415085,0.0023800970179674286,0.8301819581443439,0.014579167457168777,0
45.5604414294496,109.0810874144451,109.75533077120309,0.0023473520393350903,0.8212816911138233,0.015137628677788131,0
43.97356463553768,109.0619124995178,109.71847813666231,0.0023202207564392186,0.772638609399884,0.016256468746424158,0
40.20367080756855,109.01596536020021,109.67068477280112,0.0024217425725274865,0.6302793760230148,0.0176827973528011,0
47.0480890090033,109.0144433246274,109.64260696933607,0.0026076279676503734,0.6779528008200135,0.012844050696136755,0
49.13795879589812,109.02641189545514,109.62162119859192,0.0024611326745416873,0.6981021571627825,0.006322177435083387,0
47.1345851260486,109.0238944119244,109.59573186811247,0.0024974646309366905,0.6741713808420973,0.00366973876953125,0
47.4640559984511,109.02352292015381,109.57181178351405,0.0024777114372812837,0.6620682247149632,0.0034856438682221154,0
46.07237901180598,109.0146100200033,109.54520844863461,0.0022330040692849543,0.740993676071609,0.004314708706383737,0
41.42175236379497,108.97605236714963,109.50653015521519,0.0019807358922940485,0.7976974055209936,0.007273740089198095,0
40.325806883744555,108.93354771109784,109.46622914037886,0.001969097359797359,0.8832440816822622,0.00801624211155886,0
58.91126265565984,109.01610832368627,109.47997560757199,0.004325733460423951,0.8888230851100354,0.0010018270245376053,0
49.71958944363218,109.02410145814598,109.4643570196172,0.0048632738940589245,0.9631876394144869,0.007424428957993224,0
48.10307701541664,109.01799398396871,109.44366495415558,0.004785112375974561,0.9971303302453859,0.008718837973743147,0
48.61711881973571,109.01627963980452,109.4254958140588,0.004625305798894602,1.0295120364346129,0.008348657450544725,0
48.23128173407105,109.01187070212701,109.40687456156047,0.004603788343252784,1.0397842673381055,0.008626249709793154,0
48.37838428708919,109.0088348015644,109.38945249302321,0.004586577621597256,1.1448565762380558,0.008533678441262519,0
46.25560538866873,108.99179844290312,109.36665582775429,0.004605792809134451,1.2207922789964492,0.009923750922390489,0
45.822567979813854,108.97352770593362,109.34360102274563,0.004600309087171919,1.1819358149794166,0.010202211206037544,0
45.065246271146165,108.95223459831327,109.31948525925694,0.004496636602745303,0.9593241126856236,0.010666700341235633,0
50.52454913996871,108.96249981126935,109.30895810469421,0.004561734151837419,0.79729167971664,0.0077939310704545845,0
54.310331194614186,108.9946488535252,109.30859529820772,0.0024855841783154183,0.7635355076794532,0.005580975236228525,0
51.989698982283535,109.01135155062968,109.3029874330233,0.0014293878737316672,0.6342318550223113,0.006778469410788776,0
56.17776962273222,109.05218155438664,109.30852438431808,0.0015260236561946256,0.6404515130739694,0.004294601701555716,0
50.868129823204846,109.06054629015955,109.30172220688868,0.0018291471449448204,0.6021262781663457,0.0070551976980675135,0
57.375798097516466,109.11097628121281,109.31334448627662,0.002210062728397618,0.5983839720887829,0.0029200413807122997,0
55.44273149871394,109.14612561227798,109.3200562420697,0.0022629016749210556,0.543134004620241,0.0039276606868001935,0
53.1628830556837,109.1655440223281,109.32126081525963,0.0022465937226610814,0.5350167646007191,0.005121218068611247,0
49.77213137454026,109.16406365027558,109.31437805073192,0.00235562504994976,0.5209367165454362,0.006962914572660598,0
47.333676673588336,109.14843725814836,109.30175575275113,0.0024066264730612397,0.5534860609371836,0.008348657450544725,0
46.51556558975775,109.12953677745135,109.28764579920502,0.00222744226897928,0.5433069176632145,0.008811443237793284,0
43.292520029522386,109.09338798891986,109.26609876394593,0.0021279730692770104,0.5926935013859603,0.009103428632363506,0
38.54648845413882,109.02925172630921,109.23221906669278,0.0022694550019174303,0.6111449860511106,0.01217487287508833,0
34.25703453247645,108.93788936505531,109.18571972069482,0.0020969733523461694,0.8367033392066698,0.015452930264284006,0
30.684849431769592,108.82284687765272,109.12752399851036,0.0021324192745584363,1.0494520118528685,0.018657703928369667,0
31.13964995338209,108.72066638411093,109.07249611624556,0.001163878456289951,1.1668219086717033,0.01846865766839472,0
22.830276850743218,108.53011908284437,108.97858979061267,0.0027142426150210263,1.3015148385560897,0.02829831904537631,0
18.495636045689523,108.27771722533005,108.85498769643338,0.003132945826087849,1.45069531927023,0.036456372407272196,0
15.232731388984647,107.96554327055243,108.70131677001291,0.0034670774995051302,1.7947268350067025,0.04514283679780506,0
27.045503072296782,107.75453278347044,108.58374486492603,0.004897531137622935,2.005050748377979,0.03773047625313978,0
30.38849582263498,107.58647725146001,108.48048167223483,0.00512619485227053,2.1124616105356306,0.03538069700520165,0
31.236904100565994,107.44014276133942,108.38377628099192,0.005228458270785229,2.142754605630433,0.03479485814074718,0
29.494944868093782,107.2820302777233,108.28023488874487,0.0052251762003486125,2.2082046577160312,0.037436180092372075,0
28.420319116923494,107.12278613766874,108.17410917229607,0.005223489648769232,2.0617253948967194,0.039106119018554,0
26.46561239595006,106.94823197134703,108.05954377769974,0.005221498951920613,1.9357124828445675,0.042264193271423334,0
30.488031962306238,106.81411250838278,107.9595107563267,0.005379634738915276,1.855050109645279,0.039795308999511975,0
28.475085290490327,106.66419458322663,107.85159092985764,0.004717463005158406,1.7402306690879754,0.04085901880503699,0
26.94255841822988,106.5056977138616,107.73848269792344,0.0041620342097435925,1.6251876869986601,0.043238103957403275,0
26.061419111813066,106.34896273531734,107.62435910177545,0.0032535116860415393,1.1208153934360976,0.04119778437611183,0
23.732903844264854,106.17001203517084,107.49935175358094,0.002198151356033163,0.9465500082932493,0.04336171844898143,0
20.15297647195274,105.93953238600888,107.35082631377183,0.002476154940271661,0.9940888753904107,0.05060240963855422,0
33.12824282363027,105.81290916267933,107.24229544293524,0.004089593752896928,0.9729773857313282,0.03957556032399802,0
30.57713941374753,105.65929721394026,107.1218729145092,0.00415640878881447,0.9771256939078368,0.043666057437773936,0
28.663904625333004,105.48888695072779,106.9932021936161,0.004190171388754047,0.9748891136628738,0.04168666686400603,1
31.192946342106822,105.35184946757711,106.87678607727017,0.004285743989024861,0.8899419855426962,0.03873136627677199,0
37.18821695915875,105.27072045334889,106.7828058415123,0.0045040798466939504,0.8739203111924523,0.03425839072779605,0
50.71471908824574,4972.5176211661,4986.65344104769,0.0035127469959919866,0.9129273138316092,0.014056224899598393,0
50.71471908824572,4973.231822398685,4986.367617250968,0.0017770632481910978,0.8199971973094171,0.014056224899598393,0
43.45328246600116,4972.016814836976,4985.260519620606,0.0022362498219005,0.579324894514768,0.018042536034673925,0
37.39192035378916,4968.962014248359,4983.330348671873,0.0025968313479454515,0.6538655522732185,0.022267206477732792,0
38.51824790547551,4966.437650383932,4981.595058135077,0.002424668946049313,0.6854580397181294,0.02175012645422357,0
37.78617895865567,4963.91600829374,4979.833054436569,0.0023309486615213995,0.6294513955726659,0.022267206477732792,0
35.73804228410171,4960.967637714574,4977.855384725777,0.0021014697524811207,0.6328741680854357,0.023717818771538616,0
39.28230508186633,4958.968272517642,4976.26162574094,0.0021946323093800114,0.6859485310863128,0.022267206477732792,0
37.68355535750117,4956.683049075542,4974.529458033253,0.0019457589923412926,0.6618082441357322,0.02330293819655522,0
44.495266945593094,4955.950596199185,4973.460683052373,0.0022187607465178386,0.5582929047907823,0.02040816326530612,0
47.160996579845396,4955.859981078867,4972.689879590637,0.0022355178451665416,0.5686215235792019,0.007769929364278507,0
42.24482736579452,4954.491241151472,4971.390880936528,0.0023316464777954856,0.7487560395182808,0.009207730446220783,0
36.22084921569777,4951.346884716833,4969.318063362103,0.0023516523273566818,1.0931642778390296,0.013308950523214466,0
24.73195269606326,4942.736638279859,4964.828237594927,0.004272858361207823,1.4031359603878688,0.025920592470685046,0
22.110365999491705,4932.946248981805,4959.665595663279,0.004280776755651404,1.8579514727620146,0.03037190082644628,0
20.443439572120383,4922.660000176724,4954.108006524206,0.004252930417281456,2.0753430800968697,0.033575129533678756,0
47.64704048809046,4922.501826263937,4952.74445440105,0.008240530533680712,2.1213519952352593,0.013411908148750254,0
47.28428775420568,4922.168168879403,4951.357421649203,0.008220551503861145,2.128695496996014,0.01382394795690181,0
42.02919524878503,4918.960370786395,4948.778598569636,0.0084249651625451,2.194902682174223,0.020149330060345708,0
38.9706428626028,4914.152850543443,4945.490998116812,0.008366857300933258,2.255019720329867,0.024340145835472938,1
37.29024317376606,4908.7079075001975,4941.873363036617,0.008309164207781893,2.3765511467272673,0.026044883673049208,1
49.106767342768414,4909.259701720018,4940.756162809124,0.009369736814443771,2.3717715325975655,0.012920948214467392,1
54.34346801481311,4912.85499656777,4941.010588580886,0.009527483436435022,2.6065195420330953,0.0028299979785728724,0
58.834838095525015,4919.156075818628,4942.556223773658,0.00850855879655924,2.4729570712573543,0.002008435428800964,0
59.89696844286585,4925.618845044245,4944.361806235531,0.008186149056697258,2.122593602065701,0.0004010427110487267,0
60.64870284997456,4931.989765967198,4946.314724253741,0.007940955558450681,1.8869460872546497,0.00100150225338007,0
65.57626206772241,4941.468663752535,4949.76593451618,0.005786807740980504,1.90008171858336,0.00039749577660737356,0
64.79214077057124,4949.7111065355275,4952.9314120004265,0.0058021945655067735,1.9121128281260544,0.0028838504375497216,0
66.04153995624543,4958.12083092761,4956.369142173406,0.0050067601250618965,1.894836019565392,0.0008932115919015483,0
66.86463761070658,4966.348532321306,4959.926369593088,0.0044101870405454605,1.9052125185028548,0.0006938249578749133,0
65.8075513553674,4973.411441971892,4963.174837433872,0.004198655074134518,1.8627653456028443,0.0014879476242436267,0
67.27030078066446,4980.801647440345,4966.711769139376,0.0030907022235247177,1.8028420770399498,0.0017818253811126509,0
67.69552603096054,4987.773618168306,4970.223366488273,0.0028293298211512505,0.5868533309704941,0.001187178472497032,0
74.52667729317307,4999.558152166656,4975.901153691784,0.0038897040690583466,0.6411622738894597,0.0005869118654015455,0
68.3047253482116,5008.029499649348,4980.422004263523,0.004500678589012574,0.9492609115766535,0.005109560774294979,0
65.12262653129768,5014.503361388686,4984.255884361438,0.00471732720420496,0.9547931996955087,0.007584712371946414,0
65.2620518819096,5020.455822144295,4987.9727565711555,0.0042022424085517915,1.0539594207228826,0.0073862517234587356,0
65.63194615350963,5026.079419033132,4991.6377052972375,0.0041685094204724025,1.0268242130392138,0.0068904419726351016,0
65.71058699880068,5031.214994914779,4995.17300079653,0.00416292182912701,1.08480609283045,0.006791338582677165,0
63.519239552571044,5035.194717246863,4998.284320100788,0.004215908994928098,1.2103406127770535,0.008180563768972995,0
64.07222551809616,5039.081109627433,5001.388824478387,0.004188768883455601,1.259477344540187,0.007584712371946414,0
35.92364339001686,5028.882493272568,4998.618978065926,0.010049138074336043,1.2828897570970925,0.03700324412003244,0
36.341947612846084,5019.84573228986,4996.041342924552,0.010043210294229355,1.3232134659525632,0.03658289420348602,0
37.87072225962886,5012.336364527428,4993.847236269823,0.008966389067456804,2.3281156688983784,0.0351143493219996,0
42.24512979562967,5007.494659929288,4992.558616142298,0.009255611267347193,2.271143516594836,0.030837448352312807,0
38.60407595959743,5000.685458832629,4990.306884082677,0.009293502414151916,2.4531771726173925,0.03616288492706645,0
35.80223456050021,4992.477117178389,4987.290632747505,0.009244293490624573,2.397404662931502,0.04069589988808627,0
40.25483033464981,4987.002983701732,4985.21125195839,0.009478194512547541,2.3934197163621174,0.03637284701114488,0
41.00713150734332,4982.383558532199,4983.35476126751,0.009501179711823265,2.3657055124807487,0.03563835172623266,0
40.53597257261393,4977.918376046592,4981.45382721101,0.009516920910534517,2.2961719646124954,0.036267855333806095,0
42.66430309805134,4974.735620894316,4979.986655112963,0.009572123475985517,2.269004099348927,0.03438163616139144,0
43.51105933189699,4972.18933315984,4978.717312254334,0.0030876066756598676,2.2521546142992332,0.03364995957962813,0
42.92587810024901,4969.599837779077,4977.379916509828,0.0031013410466177523,2.4247153166340074,0.03427704752275025,0
39.31916157305298,4965.447421381028,4975.342849519833,0.003315557300301791,0.8152228883293121,0.037758830694275276,0
39.04027472843457,4961.547623717087,4973.327945050285,0.002928181460176947,0.7867928549439966,0.0342166717433242,0
37.23876710722743,4957.114472217128,4971.017363312128,0.002543477812131442,0.08576452868674707,0.036012207527975584,0
44.239195096053585,4955.389268725913,4969.749543794155,0.0026327364686156087,0.07809483113347893,0.030977930755213608,0
41.05428784932366,4952.352170569545,4967.9188598517485,0.002512299220131296,0.06717935142289874,0.03422362140753529,0
37.3207315756117,4947.699548322549,4965.369920100713,0.00275534470223284,0.08289407101290377,0.038441929234220455,0
37.320731575611696,4943.490039228136,4962.9227000963565,0.0027644781779760396,0.08533956731912197,0.038441929234220455,0
42.05699916473631,4941.157640351795,4961.185957463246,0.0029249717439375944,0.08606186614185726,0.024090262248424477,0
51.169083354621755,1036.5893722870276,1043.1598617503453,0.006870437580097566,1.4110448697834954,0.008557715782752403,0
46.7874726075706,1036.5235732795888,1042.8479879009844,0.003532720959047424,0.7399576627815042,0.012549473591675226,0
48.18590369853378,1036.5785797931005,1042.60198105963,0.0028394947365220557,0.6037210003012956,0.010510099962064158,0
41.52593817007687,1035.9795301941597,1042.07735535039,0.003698732280141601,0.5738539898132429,0.016111787633921303,0
44.21241455984011,1035.6475977794585,1041.6703175795244,0.0034354512956675824,0.5364143805719426,0.013849926225786924,0
38.57351930018368,1034.7274029710454,1041.0065089741306,0.004099277529967371,0.6258112510581536,0.019688061571028266,0
40.4607110269,1034.038146386523,1040.4361551072298,0.004072476657658998,0.6730739420244923,0.017907566339720196,0
38.02816620311537,1033.1381713641447,1039.7694321672732,0.0038926443738265303,0.6373060973736753,0.020788648580578144,0
34.76803719945654,1031.9236694847198,1038.9563022426846,0.003799583033111012,0.6471009482418018,0.024990199323684546,0
34.4649732437062,1030.7869429162786,1038.1627083661285,0.0033627656520344475,0.6906474820143885,0.02539218079810049,0
33.75210791803909,1029.6728884400468,1037.3667670471962,0.0031790799160454,0.6842757213640338,0.025316504215684148,0
32.85761076051813,1028.56027217766,1036.5601783505117,0.0031153525000230577,0.648896797153025,0.026424385475503437,0
32.43679916595141,1027.5061306304835,1035.7682846834732,0.0029859875693252925,0.626239953660126,0.026928770922911547,0
36.46756376944799,1026.7717191550078,1035.106392579686,0.002751424821866921,0.6905374465975878,0.02461270535550286,0
33.822149368916925,1025.8405135379992,1034.3575490218198,0.002555361175464039,0.7955130811983191,0.02743365232454523,0
38.93354472041561,1025.2839682576584,1033.7650193700229,0.0022896860518242775,0.7701392757660167,0.024411788641237744,0
37.78128593976762,1024.6756711075063,1033.1528050581132,0.002175547755160821,0.9503652369357558,0.025517714571605576,0
36.82104952610024,1024.039606724566,1032.5299638455056,0.002062504506526973,1.0514371863283807,0.026424385475503437,0
36.82104952610024,1023.464171838191,1031.9338495740808,0.0016694275147465308,0.9903765690376569,0.026424385475503437,0
38.038556939148464,1023.0007443685953,1031.387795570369,0.0016878630178989238,1.0497678737233056,0.025819801156971568,0
37.2651871600594,1022.5243242425312,1030.8404838671163,0.001675957850034955,1.1407714246910228,0.0222985767896611,0
30.38931588919627,1021.5026508378887,1030.0633763368082,0.0025304072168422565,1.4742569433165502,0.025301479472178,0
31.487204455294588,1020.6259675963959,1029.3395483923553,0.0025545241689462718,1.677285355205715,0.024301132982059114,0
30.452721936139966,1019.7375597834988,1028.6055917796316,0.0023625045361814964,1.630692832673872,0.02234751003054534,0
37.92069307212164,1019.2576861935994,1028.0406606974796,0.0025917902231020035,1.5260976970276514,0.018921860624865977,0
35.05889476986445,1018.5949143508359,1027.4020774576438,0.0024071611101070672,1.4501169851994007,0.017386186736468908,0
39.561564411185174,1018.2048512086019,1026.879360570969,0.0025725441396572337,1.194910774961617,0.01517991563732134,0
39.561564411185174,1017.8519498733091,1026.3784715156141,0.0025704016875366504,1.0089710167152277,0.01517991563732134,0
43.48627637782966,1017.7136505644042,1025.9752297375721,0.002664545420247144,1.0127748691099476,0.013282172054041934,0
43.693468296581045,1017.598049146291,1025.5927808670915,0.0026538258903966456,0.9090549936788875,0.01318251295038121,0
42.68214632409751,1017.4363126946249,1025.2020003168393,0.002653845575768552,0.9077570367214337,0.013780883614088637,0
47.28154395119133,1017.490003149926,1024.91195834573,0.0017393676939419633,0.766014963683032,0.011689611408705796,0
47.28154395119133,1017.5385791490534,1024.6338909091094,0.0017500883198045063,0.5252763081355087,0.011689611408705796,0
42.73609623555943,1017.3539334877106,1024.2708255702453,0.0019293766548965845,0.4887682464061158,0.014080395009732813,0
43.70748085481529,1017.224976856808,1023.9387514173214,0.0016330793844983424,0.5547815072830905,0.013681126391793799,0
43.96332458383247,1017.1178259215254,1023.6243178866705,0.0013813845507950802,0.5959647383510625,0.013581388800021528,0
42.70883763388614,1016.9637369093599,1023.2987225519372,0.0012521915507682617,0.4885131855686782,0.005022132531696209,0
44.96389590749083,1016.9005188648133,1023.0184780796014,0.0012699099003537146,0.6320317500960184,0.003345492920300144,0
44.726957875294154,1016.8338002755079,1022.7456774264217,0.0011219678695447294,0.7462328854440224,0.0034442038554974375,0
34.83916588225266,1016.2972223297922,1022.2841120128089,0.0019095770236493032,0.850259302149942,0.008010260569774524,0
38.63744889630441,1015.9355658251892,1021.8932665796341,0.0019923570465147865,1.0237655259526093,0.006716037326388889,0
34.475500561865985,1015.370250813879,1021.4185140237914,0.001899315283837599,1.1179435713796957,0.009207908705909653,0
38.73938593129903,1015.0016419131023,1021.0228669389388,0.002021808105289815,1.1623937345203827,0.007711307753800049,0
32.384803082353116,1014.2681265852908,1020.475833402757,0.0022572973060583216,1.2242064829166384,0.01191303498999582,0
35.890161279873425,1013.728286393892,1020.0027336520791,0.0023275038643440016,1.1496510421578798,0.010608776983972432,0
31.43503717209576,1012.9255693779198,1019.4173826220588,0.0024359754844988624,1.1931229282412812,0.013926191355811652,0
30.211197067539644,1012.1040651291196,1018.8158823376276,0.0024305677990307498,1.3037575318730765,0.014935776344042107,0
31.9238452556377,1011.4179506825112,1018.2625065968894,0.002414788211998667,1.240863104214076,0.014329747267448407,0
29.82220214098298,1010.6447957292429,1017.6678366681892,0.0023903193028499098,1.1364047716988892,0.015947373860929027,0
28.556857172900436,1009.8500375792786,1017.057379808134,0.0020184150911957974,1.0471002059025396,0.016960989930203865,0
33.42428664529196,1009.2833602807976,1016.534995357721,0.00205750853423695,0.7579911305649946,0.015340136472149815,0
32.822214882764,1008.7325558163994,1016.0177209440271,0.0019792433550971395,0.8319689425267954,0.01574488071048206,0
25.141316481925244,1007.634203450442,1015.2713173340253,0.002504305826228546,0.9657028342399085,0.021660625071726405,0
23.278881117280136,1006.4499802458229,1014.4755473932063,0.0023300157184356594,0.9734831460674157,0.02280949751667504,0
22.30036712883272,1005.2737762823516,1013.6680625434822,0.002161975808047304,1.057968997857123,0.02394130310092493,0
15.264904095204344,1003.1429213915098,1012.4492288101919,0.0037830072495387544,1.4218373493975904,0.03560891151759264,0
26.81006186991445,1001.7102468807171,1011.4850501492318,0.004472898780388723,1.4867848704983548,0.030158940961873566,0
28.62280281836935,1000.4997372356011,1010.5950301214534,0.004491190159478372,1.4892104978939409,0.028412513231483822,0
24.993376868534156,998.9378435672733,1009.5466679202773,0.004615956550082546,1.4840812126149692,0.03353317835451795,0
24.582350944998012,997.4675628662053,1008.516410782761,0.004626176660696457,1.5133062983145356,0.03314689942647433,0
22.280446387271255,995.8039753307982,1007.3888465337268,0.004480427083815914,1.6349932810096015,0.036836709781568874,0
68.63254752725675,612.6323379749812,610.8457491531802,0.005090592271334681,1.1829126314384446,0.0005647118413820443,0
67.54922813663214,613.2878638167124,611.2175253239,0.002367320493358048,1.1417161227123211,0.0011299632074757869,0
67.86144487424866,613.8997800481108,611.580563830183,0.002277331683638695,1.0778923777071376,0.0009681710087445639,0
65.48669423775148,614.3864041857845,611.8969716017023,0.0024232558339626524,1.1232680321128847,0.0021001418303210825,0
64.78905304660725,614.8074413323159,612.1903499112613,0.002470520676109075,1.1217773672797364,0.0024240465895126254,0
67.05662453816078,615.3027113091132,612.52117364267,0.0020398032056204505,1.12759122954984,0.00048385127898185486,0
72.46690075817199,616.0749287151281,612.9805665632822,0.0023521767734253863,1.079998537807642,0.00441129273709083,0
75.12001184525701,616.9688880589133,613.505545801365,0.002403466901241641,1.0983604991722908,0.0011192136755439662,0
71.67318374527605,617.6869320289234,613.9670942300694,0.0026200678624316437,1.1084561021503685,0.0026421527847277824,0
65.85040897977996,618.1743781410753,614.3368778594951,0.0024585760939202614,1.181629778833499,0.005378992753300068,0
70.21859883131803,618.8869904858985,614.8092445916814,0.0027560747738987965,1.1257403613896082,0.0007991688331959437,0
66.52103000302478,619.4220016528773,615.2128459648808,0.0028605222697242264,1.1814297827930336,0.003923158057696157,0
62.658836153782524,619.7868436780468,615.5467657878951,0.002995567755550024,1.171087683578935,0.005936642129211793,0
38.258771454078655,618.9017881175783,615.3375753872169,0.007324784058296228,1.2829880891390177,0.026945146940264127,0
32.08513469560947,617.543652235604,614.8955600238368,0.007752265662917548,1.7555320457738641,0.036880818477727846,0
32.78393250100629,616.348361717991,614.4871746701564,0.007681545575776757,1.9757113538039208,0.03628101191244835,0
42.67562148555423,615.7863346566602,614.3209042713603,0.008150952237332308,1.8506748127938701,0.027029240183558394,0
36.201409938891395,614.691904446958,613.909004313108,0.008269956414611644,1.8565446233047753,0.037481424576533875,0
32.37425645034196,613.2778117688716,613.3322108843184,0.008328333889731757,1.9144485195022303,0.045178024046132956,0
29.889013672554327,611.6888611962034,612.646985863904,0.008326450776955813,1.8883131912541602,0.05087166923077081,0
29.256458309201747,610.1703684077896,611.9562135807149,0.007819925117611329,1.9149116994913264,0.05237098146375367,0
26.5188126178938,608.4298108786735,611.1376521540592,0.007758029888546957,1.8759412391760435,0.059216060731988755,0
27.840842873640824,606.9217961606518,610.3822732863323,0.007971750579664202,1.85411941874875,0.05796496462412085,0
27.611557341050215,605.5288992140212,609.6465783708219,0.00590155583833309,1.720057396720233,0.05850080217488371,0
28.03709749606797,604.2877745311544,608.949977770778,0.005492950058677327,0.9405632688857025,0.058143480518196206,0
29.487849319134142,603.2268220804597,608.3089895827256,0.005522500640467063,0.28841232061489036,0.05698387659405012,0
25.450234656206945,601.8144879529233,607.5023944956907,0.004238974238490321,0.2988135233691503,0.06551663187192659,0
24.795914042618207,600.4557394174774,606.6950876814097,0.0036225163222684386,0.24394950943503385,0.0670581656584863,0
32.09487051318281,599.5407678595748,606.0547664861747,0.004100010032127943,0.2262069880649584,0.061098482039021594,0
32.30934686080752,598.7224898764177,605.4450930140856,0.003882130249020269,0.19519462391961553,0.06091885820519772,0
32.09110219969848,597.9631121129007,604.8526344537289,0.003882391410035534,0.18032942150928677,0.06127805705803005,0
32.70300063124478,597.2998850788892,604.2947553610799,0.003347306078814099,0.1483550031475267,0.058206471089784266,0
32.14157938857858,596.65697325576,603.7418046496553,0.003317824367025461,0.127638068203355,0.054694756516178736,0
42.02588969811175,596.4705791038357,603.3784227360901,0.004050646026614229,0.1549324253378733,0.03245331662486985,0
41.24636066475752,596.2543168871841,603.0099089915143,0.004070138759118191,0.17091980707387727,0.03332209253821091,0
46.774962386399615,596.3062894043939,602.7608130242965,0.0042691890469130234,0.19825934878895546,0.028820396378757926,0
44.51925329042237,596.2294947776113,602.4698240600463,0.0032317817045469585,0.177657648320113,0.031066330814441646,0
43.22415471572259,596.0885819470735,602.160705612964,0.003215399620931828,0.18085854190853026,0.02051284103746322,0
42.167365385800615,595.9039472652285,601.8402055027755,0.002874066447950575,0.19095796551876779,0.010266726138660281,0
41.35074420475333,595.6940382428008,601.5147819248314,0.0029028893867023824,0.24717945517182424,0.005389948022967805,0
36.37728401756889,595.2231562574385,601.084761719734,0.003376510346804182,0.3013057321383009,0.010410536460537452,0
34.34172275222406,594.6685496806015,600.6183331853128,0.0034471341400965135,0.3871142945817475,0.016287708157937522,0
30.3456536803113,593.8858029776587,600.0531623463274,0.003761793836823221,0.4146260862668597,0.02139992758417455,0
53.07121240611104,594.2633558156473,599.9653369686071,0.007130320174458239,0.4411872744056186,0.0019236003362472173,0
56.240723925209224,594.8287687206599,599.974685749849,0.007186266771379603,0.7388747623097921,0.002082639077935954,0
50.5321621647215,594.9926988212625,599.8383404374987,0.00740261466108326,1.2945233652659627,0.00821393766546022,0
48.92062703617531,595.0362535527021,599.6637349113055,0.00739251836708067,1.346387137841112,0.010076412590472612,0
48.844392421916965,595.0708991707804,599.4941848937884,0.007379318451801865,1.4484711186747852,0.010161215224877741,0
45.98807499691383,594.9260475397448,599.2579388905287,0.007444955313935372,1.4683040077100795,0.01330978784691348,0
47.245158286672975,594.8616608820674,599.0590085994202,0.00745045864982999,1.3464871647532044,0.012116133289072361,0
47.339413010570034,594.8081673216464,598.870061930882,0.007235424227159765,1.1965124996395722,0.012031002121698333,0
45.83969471251705,594.678817278738,598.6549753147264,0.007202221017091516,0.9190865047685791,0.01348049513091781,0
41.1340710803438,594.2903509025941,598.3354740959456,0.007184625329758959,0.905116433402375,0.018371210751116893,0
35.43067644401529,593.5436428269661,597.8642494673475,0.0034088874309899397,0.9202747312543078,0.02557762756888584,0
40.46464443608901,593.0918611470408,597.5050323594681,0.0034234890072395857,0.7490689876578441,0.021484416909516725,0
33.8191036418943,592.1592924232141,596.9423189544823,0.003975433800518097,0.8489993735781873,0.03111610628132656,0
36.76751776386533,591.4536391200016,596.4595290448591,0.004249295081929441,1.0359522607705776,0.028559234214675076,0
36.76751776386533,590.8151920553385,595.9960337314571,0.004253150910409222,1.0759331186349996,0.028559234214675076,0
33.54058506618651,589.9804044936986,595.4442134889972,0.0043310139306106405,1.114014443064249,0.03333051253488379,0
36.961025038361704,589.3727405122146,594.9757232131809,0.004473057737254684,1.1873023722095488,0.030586081850281468,0
38.285210673965715,588.8800967244999,594.5496420144977,0.004526827272145252,1.2045801526717557,0.029527558438131072,0
54.808501235563725,677.9241983761888,682.1491803007098,0.004340658980467905,2.013147997935256,0.005062380347808143,0
56.686784595807815,678.3514208603808,682.1599562610511,0.0035957475508394125,1.9626639982210363,0.0037367932323248043,0
51.44211887011043,678.542144468361,682.0824916342563,0.003743213656166314,1.8082403509288425,0.006761279909111575,0
40.8264010582093,678.2041800249268,681.7804531311265,0.004559962727190671,1.7917355492809386,0.014740758825231482,0
32.51881343888877,677.3118286171836,681.2309076079974,0.005491046213159355,1.7614485559264883,0.02399648563052508,0
31.45412967279438,676.4141239695092,680.6661995261909,0.005499829934650099,1.837367499308692,0.023656216822015862,0
28.589061448837867,675.3446664613526,680.0130922161827,0.0056183134705289125,1.8883064585127685,0.02698438346006019,0
26.078300257374053,674.1246322551282,679.2778737055463,0.005688186058911069,1.9381984513416701,0.03109204890292863,0
22.43513237007599,672.587250385094,678.3846261647828,0.004614233208210686,1.7881916851920772,0.038221921601918694,0
22.39811123626494,671.191829491641,677.5291436820155,0.004494165409412556,1.841502688439003,0.03830080057677966,0
23.753401376396738,669.9772219565967,676.7325176554436,0.003651841986372059,1.3721163355813422,0.03751235742898736,0
36.227579237867886,669.3741370460097,676.1876569077912,0.0049600969177635255,1.4605840881150112,0.02938295680349982,1
42.28917959161478,669.1240336271019,675.795550359808,0.005485991854202815,1.5594313730089846,0.024596962000843645,1
45.780378688841104,669.0836235019182,675.5014375494281,0.005261764925155353,1.5920880116774438,0.021609110128978867,0
37.82011771825605,668.446703333244,674.959589758258,0.005316005550323467,2.023894648751685,0.03132548193722483,1
48.146389264769475,668.5089539532706,674.7177660918429,0.00635411960309219,2.1365950416938255,0.02099842974261243,0
62.90168348632227,669.9850257035807,675.1000545797907,0.009209284397048486,2.077148590775578,0.0,0
61.38663658784236,671.206047653662,675.4165527938904,0.009051675430449676,2.027782736557271,0.0017574871536100625,0
59.77165302341484,672.1915859991512,675.6681864644684,0.00856548415937452,1.9841639258441546,0.0035947652423338884,0
57.93336167348141,672.9498117748582,675.8517284387318,0.008680731785453541,1.932458370772554,0.005660479964334615,0
58.131422798486234,673.6548242121885,676.0356230384699,0.00869745897593416,1.8791429372576698,0.00536492179766596,0
60.248341985302815,674.4927137828322,676.2974161191651,0.008547342910780653,1.805064857733307,0.0022712107337446107,0
58.5775879458747,675.1459645294876,676.5032993448815,0.00862751457731092,1.7292364109540428,0.0038893733162367406,0
58.10437417897043,675.7083912669843,676.6882856716871,0.008661734636200149,1.6616876575808692,0.0043315648776254285,0
56.387363388290495,676.1172071953491,676.8228280939935,0.00784039509039902,0.7160144943591643,0.0058823529411764705,0
62.02684919340712,676.9538350020637,677.1505118103219,0.007582533725213472,0.11225328947368421,0.0,0
61.24360239663262,677.6678871615957,677.4462449691233,0.0029390137697140675,0.09715836725331638,0.0006574800190011993,0
60.15288185810811,678.2567548750367,677.7053503212145,0.0028912037174804854,0.0934517023959647,0.0015354958918076956,0
60.056922634252004,678.7847608251814,677.9516423970878,0.0028091743192350613,0.10038665152333252,0.0016087110861821242,0
58.942795406505724,679.2100792784192,678.1655001015192,0.00271746998426535,0.10225988700564971,0.002414964382089279,0
59.67519091179138,679.6425056467858,678.3906490520562,0.0027180578045351263,0.12907616018972673,0.0018281535648994515,0
60.87767406242258,680.1099366999563,678.6387005197807,0.002579588359383956,0.12938999770692733,0.000803429702397548,0
62.0949483698721,680.6090380656143,678.9086944868674,0.002497942086629764,0.13183745217661047,0.0004378038065420143,0
58.8884255902961,680.9367772951005,679.1153186724619,0.002604764799027688,0.13638092306020627,0.002339063883702618,0
60.33091709760398,681.3142603845839,679.3475749620837,0.002516393093202275,0.1434741889039545,0.0010950503332827753,0
61.023887917330946,681.6938816620419,679.5863416040398,0.0010837740952805597,0.12279402571673127,0.001021468290530199,0
60.17481384352202,682.0087712320633,679.8033028236956,0.0010698057440175978,0.2102834082097952,0.00145985401459854,0
57.31213019344001,682.1984235959542,679.971347652687,0.0011413083449550907,0.2218483785525091,0.0029239766081871343,0
49.56691827553877,682.0795207335525,680.0105031364363,0.0018219319460569703,0.2274608537950669,0.007416091787121354,0
49.331437141589525,681.9624153683075,680.0440630432072,0.0018182233999666532,0.252885803788662,0.007564110448311912,0
57.30206465266273,682.2041009764511,680.2220641339344,0.0025616530541030273,0.27604833843254745,0.002191380569758948,0
36.42380626898859,681.2465308689036,679.899846393147,0.006241706769822283,0.2880435381040995,0.0206054825304976,0
45.36362300242556,680.8706557706098,679.7961386730466,0.006889939434506166,0.2977240763897111,0.01284513858531265,0
44.384786771195124,680.4591498605095,679.6667377378624,0.0068850711861239205,0.3420203840840502,0.01396794379948027,0
49.258457794673774,680.3820879692638,679.6660719274893,0.007088253569196162,0.6522407300034339,0.009343007956796469,0
47.66234701457689,680.2075974752611,679.6216379827016,0.007076530634681942,1.5606728881478094,0.010979312270364834,0
47.51166757649757,680.04020426806,679.5750206094518,0.007079537701670688,1.101723125122381,0.011128288978001884,0
44.767553187945005,679.7173227816234,679.4587056869245,0.007099345677024364,1.0740196009107494,0.01381803775745668,0
45.05229538582445,679.4394757370493,679.3530376773365,0.007003777195380839,1.0096261762928431,0.013593398896226795,0
43.756365174631114,679.1119006275321,679.2198450054946,0.0070041683124516365,0.8818851124526345,0.014792899408284023,0
43.756365174631114,678.815524234441,679.0920079962148,0.006687362478825334,0.6573360750695088,0.014792899408284023,0
45.681687380913544,678.6283263221508,679.0030362728897,0.0031396037113340988,0.6325100718164303,0.013518541396328602,0
42.035380240777066,678.2684785200436,678.8383052988577,0.002169569202605188,0.6302487766284761,0.01652222689106791,0
39.649647430488805,677.8095713416964,678.6246748623878,0.0022273619011785968,0.4219844100938037,0.018635366494151383,0
36.53888099671619,677.2086531214779,678.3423236692529,0.0014762435973770835,0.38852097130242824,0.021593447505584513,0
30.63252720444632,676.2411514781635,677.8949932338262,0.0022689964673758218,0.4402615900632533,0.027808992028234742,0
39.81469981513829,675.7372288778442,677.6199867502542,0.0032888727221275908,0.4613022957430234,0.0213130449851699,0
38.47855099449858,675.1908216398067,677.31836675056,0.003247220866422976,0.4502398819042933,0.02164179104477612,0
32.02212840145759,674.1916895073575,676.8190808960342,0.0038706104788073727,0.5228944393688351,0.029787855317206964,0
29.646740017762113,673.0638996466583,676.2467658857294,0.003900589171300419,0.5733757105311411,0.03344157202462011,0
36.8394112729182,672.3625727671996,675.829737863442,0.00447833155322237,0.6554262533870034,0.024485485194642734,0
69.70524330687537,1551.0212266609228,1536.7526609629956,0.0070545295249489935,1.4311267786104416,0.004763719438324604,0
62.50961959346703,1552.4509669372248,1538.0090913465583,0.007022733111184249,1.4082585704109258,0.010153272295059067,0
64.66099862537287,1554.1829407313287,1539.403935346404,0.004695916255337206,0.9910155213810767,0.007194733862076711,0
53.45739039518754,1554.260898302923,1540.069041959436,0.00514770224625571,0.8371326511803152,0.017299051070136656,0
54.27773303365998,1554.474499102916,1540.7673579651948,0.00453790649054523,0.7933244017989155,0.01631867935371828,0
53.93646901910076,1554.620002474617,1541.4126262448115,0.0044357064503712405,0.7484385263832677,0.016645259906209832,0
53.99874880003806,1554.7611432434353,1542.0328447266768,0.0044354656337918874,0.670647594185015,0.016579942955406955,0
54.853547533446196,1555.0127732669607,1542.6798221877648,0.0042912203312492495,0.6614932244010092,0.015731346870382634,0
48.37519098849882,1554.41088554114,1542.9325478822843,0.004559756043377753,0.6708264987347405,0.021437382507221988,0
47.88519680728661,1553.7997126189798,1543.1446936330153,0.004319954176562007,0.6124400849554624,0.021899240577559754,0
45.40840522904362,1552.9132220369495,1543.2012828088555,0.003909787350714704,0.5271889512286482,0.024214972103633863,0
46.0947656883032,1552.187562714151,1543.2886923875426,0.0037756231685979664,0.48146107800522675,0.023684704866018102,0
42.69842573864062,1551.0831633985495,1543.1769842089257,0.003488419873679641,0.4612697762269678,0.024341166165303615,0
40.90301352488347,1549.8363106554827,1542.9623962041549,0.002070905452520199,0.4664698287750172,0.02607280597265117,0
44.11506741289213,1549.0228391633332,1542.8936448988907,0.002229158839551529,0.5958860100393869,0.02387590059819441,0
46.6690449653611,1548.5442104584981,1542.9393036810286,0.0023878239326828297,0.7195165108409333,0.02208547641576263,0
59.285761716813525,1549.731066337343,1543.6831328449325,0.004440265535886927,0.8000076454243331,0.010954500695667842,0
48.34534913695389,1549.3660409672032,1543.7742560018555,0.005437207996579743,0.8618267738588349,0.020829258466490835,0
51.594392491196864,1549.521719486229,1544.0707033409376,0.005278688770002272,0.8579398316763757,0.017472582582809478,0
52.47806708371331,1549.7959447642104,1544.4118089434226,0.005278593981759801,0.8854811144200415,0.01655497988128104,0
49.35900055246601,1549.615320731937,1544.5544120434263,0.005316640786424407,0.8942172174369557,0.01808902355344237,0
54.53277416520763,1550.2140444514216,1545.0174651474445,0.0055429318036017815,0.9492587391173505,0.012854296346921014,0
53.647340963421165,1550.6413902344332,1545.4120100249017,0.005417848935965902,1.1187655813413235,0.01363611880620931,0
55.15038236375936,1551.2471216121505,1545.883478374895,0.005340186020904843,1.1735496642180179,0.012138744003893706,0
59.347430499793575,1552.4429055041012,1546.6113608397536,0.005427490966448469,0.9154649932878761,0.0077375464945182324,0
60.28906280566228,1553.6771661866396,1547.3735979899855,0.005428083011233741,0.7053707885672574,0.006707550681130343,0
60.89867846243129,1554.8890884964126,1548.1444377572702,0.0042484933733162875,0.5881976404255628,0.006064862009660419,0
63.66209333675195,1556.423714818031,1549.069210964718,0.0024194050546839088,0.5320738316464616,0.003119048003859007,0
64.07811000853893,1557.8788121971347,1549.983748049163,0.00236634880556344,0.5369913695029095,0.002672312383197495,0
62.10896853771153,1559.0238445651614,1550.7876290748372,0.002492606879210857,0.5694970622263561,0.0038218994246078785,0
62.993461581518865,1560.183615821905,1551.610587796606,0.0020664277992553707,0.5891998185506404,0.0029913909039278952,0
64.63486297810596,1561.461505987862,1552.4961536251708,0.0016203118259311992,0.5785348942430716,0.001525180764678672,0
68.46352165084677,1563.1986749472703,1553.5905598515665,0.0016789103383250525,0.6198738641226177,0.0,0
61.63144469905253,1564.2179435523378,1554.4067798812823,0.002368005789897469,0.6808328143641543,0.00533707623340923,0
57.577326897019795,1564.778183062476,1555.036862649445,0.002292693875922739,0.7476885125654279,0.007770252488307069,0
55.70809716684025,1565.1136237597445,1555.5688832796493,0.0023299935732645004,0.7390768360053813,0.008926863204819236,0
56.21832829479169,1565.4742575762289,1556.1031505769884,0.002325884614653683,0.739795393549473,0.00854103142682212,0
50.1056163052071,1565.2385996720432,1556.379315340177,0.00240114412966609,0.6962341476057398,0.012348079864443378,0
53.34633051741953,1565.3587396442988,1556.784234780624,0.0025430801249231973,0.7043278258699157,0.010086210550989468,0
46.392630215600335,1564.7531152554848,1556.8728152626074,0.0029077833884127388,0.7580695393884177,0.014945509190586915,0
45.54025599715578,1564.1099324638644,1556.9178428549303,0.0028591170376360098,0.8200444340244052,0.015596950467345957,0
35.333189112113104,1562.1374799213074,1556.3782418284798,0.003784084730911973,0.8544010545394628,0.025204110275189696,0
38.7747139273542,1560.6767183614304,1555.9961700655465,0.0035270662469866153,0.8717248224986708,0.022950606981746117,0
33.81552003098655,1558.5264806826713,1555.2827761453461,0.0036749229486353037,0.7988286343622383,0.028736801211734973,0
41.17300462800777,1557.333446529195,1554.912977251851,0.004359024230081661,0.8585695160759353,0.02347997983707956,0
40.37752545345387,1556.1302236517552,1554.5063725677448,0.004363134635701495,0.9315430617682876,0.024341360034176845,0
39.43091906430594,1554.8987387164207,1554.056505658638,0.0043187875508199315,0.9732946343730009,0.02533702623989728,0
39.36467853052369,1553.7750218808098,1553.6208100674496,0.004275247366873473,0.9650747955390335,0.025403456588937254,0
34.17057622317911,1551.9583117525146,1552.868819980899,0.004264393990802782,0.9532545610266079,0.031015898332376463,0
36.11586999467607,1550.4860646566174,1552.2186015586929,0.004254308317107543,0.7652594257348482,0.029808036985437682,0
39.23149885944979,1549.4302338271616,1551.709667568828,0.004380635054593509,0.6490003486368054,0.027868015937177484,0
36.51977694889202,1548.0844817725847,1551.0584762427025,0.0033907545427567967,0.509466242633799,0.03061290855548041,0
35.61451085376952,1546.7335627709085,1550.3778869868088,0.003253005466386221,0.475449735717741,0.03155357170852834,0
33.14938015096267,1545.1398705925162,1549.5699619505988,0.002872244645696018,0.48821423224067695,0.028104575163398694,0
33.14938015096267,1543.6979621651292,1548.794403456621,0.0021040915782299732,0.4574447570886051,0.028104575163398694,0
28.065722297250232,1541.555272953172,1547.7012869844286,0.0025736956003820912,0.5834276474300323,0.03405209735131808,0
37.25122770748762,1540.3595218171552,1546.9607557789411,0.0033315443029130376,0.6047904426318822,0.026030116957570307,0
35.379971452765545,1538.9919370784755,1546.131071507978,0.003331516731744851,0.6398037889877809,0.02712976698169233,0
36.41198561506717,1537.8403177908315,1545.3701331662483,0.002987839137012002,0.612536770994871,0.024297580059424232,0
38.18389615930907,1536.9412361863444,1544.6988927711284,0.002976534672070398,0.7389507561968428,0.021722029993164093,0
41.90315056352497,1536.43254160621,1544.1809499335252,0.0029957552406690794,0.864310227482844,0.014625244692559505,0
